start;end;person;text
85.166;92.37908296976;"Gerhilde";"Hojotoho! Hojotoho! Heiaha! Heiaha!"
93.46930913771;99.83014653013;"Gerhilde";"Helmwige! Hier! Hieher mit dem Roß!"
100.427006802;114.47734;"Helmwige";"Hojotoho! Hojotoho! Hojotoho! Hojotoho! Heiaha!"
142.30734;146.31956;"Gerhilde, Waltraute und Schwertleite";"Heiaha! Heiaha!"
153.73066;156.34785;"Ortlinde";"Zu Ortlindes Stute stell deinen Hengst:"
156.55542;159.72935;"Ortlinde";"mit meiner Grauen grast gern dein Brauner!"
160.8116;162.24212;"Waltraute";"Wer hängt dir im Sattel?"
162.85;164.5372;"Helmwige";"Sintolt, der Hegeling!"
164.75;167.02846;"Schwertleite";"Führ deinen Brauen fort von der Grauen:"
167.24269;170.1728;"Schwertleite";"Ortlindes Mähre trägt Wittig, den Irming!"
170.1728;173.10606;"Gerhilde";"Als Feinde nur sah ich Sintolt und Wittig!"
174.7529;178.4807;"Ortlinde";"Heiaha! Heiaha! Die Stute stößt mir der Hengst!"
179.92;182.06423;"Gerhilde,Helmwige und Schwertleite";"Ha ha ha ha ha ha ha ha ha ha!"
182.92115;186.09958;"Gerhilde";"Der Recken Zwist entzweit noch die Rosse!"
186.30937;187.56811;"Helmwige";"Ruhig, Brauner!"
188.19604;190.29804;"Helmwige";"Brich nicht den Frieden."
189.87402;193.08827;"Waltraute";"Hojoho! Hojoho!"
193.09;196.16878;"Waltraute";"Siegrune, hier! Wo säumst du so lang?"
204.41;205.70204;"Siegrune";"Arbeit gab’s!"
213.44191;215.34961;"Siegrune";"Sind die andren schon da?"
216.45266;219.90535;"Schwertleite";"Hojotoho! Hojotoho!"
221.3428;223.25496;"Waltraute und Schwertleite";"Heiaha!"
220.72675;223.25496;"Gerhilde";"Heiaha!"
224.11935;225.62646;"Grimgerde";"Hojotoho!"
226.03938;227.46981;"Rossweisse";"Hojotoho!"
228.22905;230.66055;"Grimgerde und Rossweisse";"Heiaha!"
231.14;234.4087;"Waltraute";"Grimgerd’ und Rossweisse!"
234.8416;236.93812;"Gerhilde";"Sie reiten zu zwei."
254.44665;257.35799;"Ortlinde, Helmwige und Siegrune";"Gegrüßt, ihr Reisige!"
258.02933;260.74196;"Ortlinde, Helmwige und Siegrune";"Rossweiss’ und Grimgerde!"
262.07935;265.64757;"Rossweisse und Grimgerde";"Hojotoho! Hojotoho!"
266.47785;269.31799;"Rossweisse und Grimgerde";"Heiaha!"
269.32;284.1387;"Helmwige, Ortlinde, Gerhilde, Waltraute, Siegrune und Schwertleite";"Hojotoho! Hojotoho! Heiaha! Heiaha! Hojotoho! Hojotoho! Heiaha! Heiaha!"
284.79;299.6557336507;"Helmwige und Ortlinde";"Hojotoho! Hojotoho! Hojotoho! Hojotoho! Heaha!"
285.9;299.6557336507;"Gerhilde, Waltraute, Siegrune und Schwertleite";"Heiaha! Heiaha! Heiaha! Heiaha! Heiaha! Heiaha!"
311.23592;314.77177;"Gerhilde";"In Wald mit den Rossen zu Rast und Weid’!"
318.6;321.76536;"Ortlinde";"Führet die Mähren fern von einander,"
322.80267;325.81831;"Ortlinde";"bis unsrer Helden Haß sich gelegt!"
325.82;329.70313;"Waltraute und Schwertleite";"Ha ha ha ha ha ha ha ha ha ha!"
329.90626;334.70296;"Helmwige";"Der Helden Grimm büßte schon die Graue!"
334.89;336.88869;"Waltraute und Schwertleite";"Ha ha ha ha ha ha ha ha ha ha!"
336.69;338.67758;"Helmwige und Gerhilde";"Ha ha ha ha ha ha ha ha ha ha!"
338.48;340.4598;"Waltraute und Schwertleite";"Ha ha ha ha ha ha ha ha ha ha!"
340.26;342.25758;"Helmwige und Gerhilde";"Ha ha ha ha ha ha ha ha ha ha!"
342.06;344.04979;"Ortlinde und Siegrune";"Ha ha ha ha ha ha ha ha ha ha!"
344.46937;347.60812;"Grimgerde und Rossweisse";"Hojotoho! Hojotoho!"
347.39944;350.77968;"Helmwige, Ortlinde, Gerhilde, Waltraute, Siegrune und Schwertleite";"Willkommen! Willkommen!"
350.98392;353.63404;"Rossweisse, Grimgerde, Helmwige, Ortlinde, Gerhilde, Waltraute, Siegrune und Schwertleite";"Willkommen!"
357.48588;358.88736;"Schwertleite";"Wart ihr Kühnen zu zwei?"
359.5134;362.86938;"Grimgerde";"Getrennt ritten wir, und trafen uns heut."
363.07584;366.27182;"Rossweisse";"Sind wir alle versammelt, so säumt nicht lange:"
367.47728;370.05939;"Rossweisse";"nach Walhall brechen wir auf,"
371.28;373.79263;"Rossweisse";"Wotan zu bringen die Wal."
375.2;378.23872;"Helmwige";"Acht sind wir erst: eine noch fehlt!"
378.45184;380.63824;"Gerhilde";"Bei dem braunen Wälsung"
380.64;383.4777082762;"Gerhilde";"weilt wohl noch Brünnhild’."
383.4777082762;385.9128;"Waltraute";"Auf sie noch harren müssen wir hier:"
386.12;389.1444;"Waltraute";"Walvater gäb’ uns grimmigen Gruß,"
389.37528;392.2877625;"Waltraute";"säh’ ohne sie er uns nahn."
391.7175;394.88299;"Siegrune";"Hojotoho! Hojotoho!"
395.6663;398.1155;"Siegrune";"Hieher! Hieher!"
398.504;399.99204;"Siegrune";"In brünstigem Ritt"
399.99204;402.45818;"Siegrune";"jagt Brünnhilde her!"
402.46;405.93056;"Gerhilde und Ortlinde";"Hojotoho! Hojotoho!"
403.06273;405.93056;"Waltraute und Rossweisse";"Hojotoho!"
403.66546;405.10028;"Grimgerde und Schwertleite";"Hojotoho!"
405.51542;410.07252;"Helmwige und Siegrune";"Hojotoho! Hojotoho! Heiaha!"
406.14;409.64376;"Gerhilde, Ortlinde, Waltraute,Rossweisse, Grimgerde und Schwertleite";"Brünnhilde, hei!"
420.26578;423.95956;"Waltraute";"Nach dem Tann lenkt sie das taumelnde Roß."
424.61956;428.06951;"Grimgerde";"Wie schnaubt Grane vom schnellen Ritt!"
429.26912;432.345;"Rossweisse";"So jach sah ich nie Walküren jagen!"
433.22232;434.94288;"Ortlinde";"Wen hält sie im Sattel?"
435.17;436.27291;"Helmwige";"Das ist kein Held!"
441.71619;443.81954;"Siegrune";"Eine Frau führt sie!"
444.90914;447.40959;"Gerhilde";"Wie fand sie die Frau?"
447.615;450.405;"Schwertleite";"Mit keinem Gruß grüßt sie die Schwestern!"
450.88785;455.62289;"Waltraute";"Heiaha! Brünnhilde, hörst du uns nicht?"
456.99618;458.65;"Ortlinde";"Helft der Schwester"
458.65;459.85614;"Ortlinde";"vom Roß sich schwingen!"
460.91;464.08097;"Helmwige und Gerhilde";"Hojotoho! Hojotoho!"
461.54936;464.62426;"Siegrune und Rossweisse";"Hojotoho! Hojotoho!"
462.61496;465.72982;"Waltraute, Grimgerde und Schwertleite";"Heiaho! Heiaha!"
464.25968;465.72982;"Ortlinde";"Heiaha!"
467.58274;471.98;"Waltraute";"Zu Grunde stürzt Grane, der starke!"
474.50649;477.02556;"Grimgerde";"Aus dem Sattel hebt sie hastig das Weib!"
477.58;480.3058;"Ortlinde, Waltraute und Schwertleite";"Schwester! Schwester!"
478.19938;480.3058;"Grimgerde";"Schwester!"
480.47896;482.46608;"Ortlinde, Waltraute, Schwertleite und Grimgerde";"Was ist geschehn?"
488.5813461539;493.46;"Brünnhilde";"Schützt mich, und helft in höchster Not!"
492.959;495.16238;"Grimgerde";"Wo rittest du her in rasender Hast?"
493.334;494.44738;"Siegrune";"Woher in rasender Hast?"
494.44738;496.045;"Gerhilde";"Wo rittest du her in rasender Hast?"
494.80488;496.045;"Helmwige";"Woher in rasender Hast?"
493.835;496.2475;"Ortlinde, Waltraute und Schwertleite";"So flieht nur, wer auf der Flucht!"
494.0225;496.2475;"Rossweisse";"So flieht nur, wer auf der Flucht!"
494.925;496.045;"Siegrune";"bist du in Flucht?"
496.2475;499.465;"Brünnhilde";"Zum erstenmal flieh’ ich und bin verfolgt:"
500.14;502.32;"Brünnhilde";"Heervater hetzt mir nach!"
502.32;504.85857;"Helmwige, Gerhilde, Siegrune und Grimgerde";"Bist du von Sinnen? Sage uns! Wie?"
502.32;503.42852;"Ortlinde, Waltraute, Rossweisse und Schwertleite";"Ha! Sprich!"
503.96625;505.635;"Ortlinde, Waltraute, Rossweisse und Schwertleite";"Verfolgt dich Heervater?"
506.0225;507.0175;"Ortlinde, Waltraute, Rossweisse und Schwertleite";"O sag!"
505.635;507.0175;"Acht Walküren";"Fliehst du vor ihm?"
512.9775;515.9675;"Brünnhilde";"O Schwestern, späht von des Felsens Spitze:"
516.18;518.895;"Brünnhilde";"schaut nach Norden, ob Walvater naht!"
523.5275;526.0325;"Brünnhilde";"Schnell! Seht ihr ihn schon?"
527.68125;530.0325;"Ortlinde";"Gewittersturm weht von Norden."
530.23;532.965;"Waltraute";"Starkes Gewölk staut sich dort auf!"
535.61;538.68125;"Helmwige, Gerhilde, Siegrune, Rossweisse, Grimgerde und Schwertleite";"Heervater reitet sein heiliges Roß!"
539.51417517;542.47;"Brünnhilde";"Der wilde Jäger, der wütend mich jagt,"
542.665;544.97875;"Brünnhilde";"er naht, er naht von Norden!"
545.17;549.0425;"Brünnhilde";"Schützt mich, Schwestern! Wahret dies Weib!"
548.85125;550.82;"Siegrune und Rossweisse";"Was ist mit dem Weibe?"
549.23375;550.82;"Helmwige,Gerhilde, Grimgerde und Schwertleite";"Was ist mit dem Weibe?"
551.03;552.245;"Brünnhilde";"Hört mich in Eile:"
552.62;556.3325;"Brünnhilde";"Sieglinde ist es, Siegmunds Schwester und Braut:"
557.1525;558.50819;"Brünnhilde";"gegen die Wälsungen"
558.51;560.4925;"Brünnhilde";"wütet Wotan in Grimm;"
560.69875;563.1125;"Brünnhilde";"dem Bruder sollte Brünnhilde heut"
563.1125;564.7125;"Brünnhilde";"entziehen den Sieg;"
564.94625;568.61827;"Brünnhilde";"doch Siegmund schützt’ ich mit meinem Schild,"
568.62;570;"Brünnhilde";"trotzend dem Gott:"
570.23;572.75875;"Brünnhilde";"der traf ihn da selbst mit dem Speer:"
572.985;574.3825;"Brünnhilde";"Siegmund fiel;"
574.62875;578;"Brünnhilde";"doch ich floh fern mit der Frau:"
578.14276;580.81847;"Brünnhilde";"sie zu retten eilt’ ich zu euch,"
581.255;584.2925;"Brünnhilde";"ob mich Bange auch"
584.2925;587.1885714285;"Brünnhilde";"ihr berget vor dem strafenden Streich!"
588.2425;592.74;"Helmwige, Gerhilde, Siegrune, Rossweisse, Grimgerde und Schwertleite";"Betörte Schwester, was tatest du?"
593.14;597.946875;"Helmwige, Siegrune und Grimgerde";"Wehe! Brünnhilde, wehe!"
593.14;599.47;"Schwertleite";"Wehe! Wehe! Brünnhilde, wehe!"
594.065;599.47;"Rossweisse";"Wehe! Brünnhilde, wehe!"
594.99;599.47;"Grimgerde";"Wehe! Brünnhilde, wehe!"
598.71;601.49835;"Helmwige, Siegrune und Grimgerde";"Brach ungehorsam"
600.2625;601.49835;"Gerhilde, Rossweisse und Schwertleite";"Brachst du"
601.5;605.9675;"Helmwige, Siegrune und Grimgerde";"Brünnhilde Heervaters heilig Gebot?"
601.5;605.9675;"Gerhilde, Rossweisse und Schwertleite";"Heervaters heilig Gebot?"
606.7275;609.8725;"Waltraute";"Nächtig zieht es von Norden heran."
609.8725;613.4933333333;"Ortlinde";"Wütend steuert hieher der Sturm!"
614.28;617.61841;"Rossweisse, Grimgerde und Schwertleite";"Wild wiehert Walvaters Roß!"
617.62;620.03;"Helmwige, Gerhilde und Siegrune";"Schrecklich schnaubt es daher!"
623.99;627.01;"Brünnhilde";"Wehe der Armen, wenn Wotan sie trifft:"
627.225;630.37125;"Brünnhilde";"den Wälsungen allen droht er Verderben!"
631.0025;635.3825;"Brünnhilde";"Wer leiht mir von euch das leichteste Roß,"
635.59625;637.95;"Brünnhilde";"das flink die Frau ihm entführ’?"
638.715;641.53;"Siegrune";"Auch uns rätst du rasenden Trotz?"
642.94;644.78815;"Brünnhilde";"Rossweisse, Schwester,"
644.79;646.26;"Brünnhilde";"leih mir deinen Renner!"
646.505;649.84;"Rossweisse";"Vor Walvater floh der Fliegende nie."
650.28;651.63375;"Brünnhilde";"Helmwige, höre!"
651.859375;653.41625;"Helmwige";"Dem Vater gehorch’ ich."
653.86;657.015;"Brünnhilde";"Grimgerde! Gerhilde! Gönnt mir eu’r Roß!"
657.46;661.62778;"Brünnhilde";"Schwertleite! Siegrune! Seht meine Angst!"
662.23375;666.7745;"Brünnhilde";"O seid mir treu, wie traut ich euch war:"
667.283;671.935;"Brünnhilde";"rettet dies traurige Weib!"
680.5675;688.8940929705;"Sieglinde";"Nicht sehre dich Sorge um mich:"
690.09;697.544557823;"Sieglinde";"einzig taugt mir der Tod!"
698.2868367345;700.0449472787;"Sieglinde";"Wer hieß dich Maid,"
700.0449472787;702.4735;"Sieglinde";"dem Harst mich entführen?"
704.31225;708.16;"Sieglinde";"Im Sturm dort hätt’ ich den Streich empfahn"
708.39572;713.5825;"Sieglinde";"von derselben Waffe, der Siegmund fiel;"
713.85875;716.26375;"Sieglinde";"das Ende fand ich"
716.43574;720.58738;"Sieglinde";"vereint mit ihm!"
721.235;729.175;"Sieglinde";"Fern von Siegmund – Siegmund, von dir! –"
730.02625;733.56625;"Sieglinde";"O deckte mich Tod, daß ich’s denke!"
734.5525;735.8075;"Sieglinde";"Soll um die Flucht"
735.8075;739.02;"Sieglinde";"dir Maid ich nicht fluchen,"
739.73;744.15;"Sieglinde";"so erhöre heilig mein Flehen: –"
746.055;751.6875;"Sieglinde";"stoße dein Schwert mir ins Herz!"
751.6875;757.88125;"Brünnhilde";"Lebe, o Weib, um der Liebe willen!"
758.145;762.035;"Brünnhilde";"Rette das Pfand, das von ihm du empfingst:"
762.5725;766.185;"Brünnhilde";"ein Wälsung wächst dir im Schoß!"
772.68;779.8475;"Sieglinde";"Rette mich, Kühne! Rette mein Kind!"
780.29;784.78;"Sieglinde";"Schirmt mich, ihr Mädchen, mit mächtigstem Schutz!"
785.7925;788.18;"Waltraute";"Der Sturm kommt heran."
789.4775;791.635;"Ortlinde";"Flieh, wer ihn fürchtet!"
792.39;795.46;"Gerhilde, Rossweisse und Grimgerde";"Fort mit dem Weibe, droht ihm Gefahr!"
793.25;796.815;"Helmwige, Siegrune und Schwertleite";"Fort mit dem Weibe, droht ihm Gefahr!"
795.685;798.965;"Gerhilde, Rossweisse und Grimgerde";"Der Walküren keine wag’ ihren Schutz!"
796.815;798.965;"Helmwige, Siegrune und Schwertleite";"Keine wag' ihren Schutz!"
799.38;805.33;"Sieglinde";"Rette mich, Maid! Rette die Mutter!"
811.43625;815.51;"Brünnhilde";"So fliehe denn eilig, und fliehe allein!"
816.01;821.6954931973;"Brünnhilde";"Ich bleibe zurück, biete mich Wotans Rache:"
822.5137329931;825.8939965985;"Brünnhilde";"an mir zögr’ ich den Zürnenden hier,"
825.8939965985;829.6475;"Brünnhilde";"während du seinem Rasen entrinnst."
830.93;833.2975;"Sieglinde";"Wohin soll ich mich wenden?"
833.695;836.8925;"Brünnhilde";"Wer von euch Schwestern schweifte nach Osten?"
837.12875;840.6175;"Siegrune";"Nach Osten weithin dehnt sich ein Wald:"
840.8395833333;845.2275;"Siegrune";"der Niblungen Hort entführte Fafner dorthin."
845.73;849.34;"Schwertleite";"Wurmesgestalt schuf sich der Wilde,"
849.7925;853.59;"Schwertleite";"in einer Höhle hütet er Alberichs Reif."
853.59;857.3175;"Grimgerde";"Nicht geheu’r ist’s dort für ein hülflos Weib."
857.52625;862.785;"Brünnhilde";"Und doch, vor Wotans Wut schützt sie sicher der Wald;"
863.0125;866.4425;"Brünnhilde";"ihn scheut der Mächt’ge und meidet den Ort."
866.4425;868.15625;"Waltraute";"Furchtbar fährt"
868.15625;869.93125;"Waltraute";"dort Wotan zum Fels!"
869.93125;874.43852;"Gerhilde, Helmwige, Rossweisse, Siegrune, Grimgerde und Schwertleite";"Brünnhilde! Hör seines Nahens Gebraus’!"
876.49;880.61959;"Brünnhilde";"Fort denn eile, nach Osten gewandt!"
881.44;885.8336733333;"Brünnhilde";"Mutigen Trotzes ertrag alle Müh’n;"
886.22;890.1025;"Brünnhilde";"Hunger und Durst, Dorn und Gestein;"
890.655;895.80962;"Brünnhilde";"lache, ob Not, ob Leiden dich nagt!"
896.455;900.8343242857;"Brünnhilde";"denn eines wiss’ und wahr es immer:"
902.34;906.53892;"Brünnhilde";"den hehrsten Helden der Welt"
906.54;911.218755;"Brünnhilde";"hegst du, o Weib, im schirmenden Schoß."
918.30127;922.615;"Brünnhilde";"Verwahr ihm die starken Schwertesstücken;"
922.81254;927.49;"Brünnhilde";"seines Vaters Walstatt entführt’ ich sie glücklich: –"
928.4475;933.1188266667;"Brünnhilde";"der neu gefügt das Schwert einst schwingt,"
934.05296;938.3014448148;"Brünnhilde";"den Namen nehm’ er von mir:"
939.61;947.87848;"Brünnhilde";"Siegfried erfreu’ sich des Siegs!"
951.6300793647;967.5981;"Sieglinde";"O hehrstes Wunder, herrliche Maid!"
968.53;973.57884;"Sieglinde";"Dir Treuen dank’ ich heiligen Trost!"
974.27;979.670902666;"Sieglinde";"Für ihn, den wir liebten, rett’ ich das Liebste:"
980.1013599994;984.8262;"Sieglinde";"meines Dankes Lohn lache dir einst!"
985.64;995.48572;"Sieglinde";"Lebe wohl! Dich segnet Sieglindes Weh!"
1006.06;1008.918415;"Wotan";"Steh! Brünnhild’!"
1009.11505;1011.265365;"Ortlinde und Waltraute";"Den Fels erreichten Roß und Reiter!"
1011.5;1016.44921;"Helmwige, Gerhilde, Siegrune und Grimgerde";"Weh’, Brünnhild’! Rache entbrennt!"
1012.92;1017.746554081;"Ortlinde, Waltraute, Rossweisse und Schwertleite";"Weh’, Brünnhild’! Rache entbrennt!"
1017.014210601;1020.07952;"Brünnhilde";"Ach, Schwestern, helft! Mir schwankt das Herz:"
1020.55904;1022.95;"Brünnhilde";"sein Zorn zerschellt mich,"
1023.05458;1026.01904;"Brünnhilde";"wenn euer Schutz ihn nicht zähmt!"
1025.29904;1030.05924;"Helmwige";"Hieher, Verlorne! Laß dich nicht sehn!"
1026.71248;1030.05924;"Rossweisse";"Hieher! Laß dich nicht sehn,"
1026.71248;1027.35248;"Schwertleite";"Hieher!"
1027.14;1027.77872;"Gerhilde und Grimgerde";"Hieher!"
1027.14;1030.24962;"Siegrune";"Hieher, Verlorne,"
1027.78;1030.43886;"Ortlinde";"Laß dich nicht sehn! Hieher,"
1028.54;1029.29848;"Waltraute";"Hieher!"
1029.3;1034.06576;"Schwertleite";"Schmiege dich an uns und schweige dem Ruf!"
1029.3;1034.06576;"Gerhilde";"Schmiege dich an uns! Hieher, zu uns!"
1030.44;1032.2262;"Helmwige und Waltraute";"Schmiege dich an uns!"
1031.31912;1034.06576;"Ortlinde, Siegrune und Rossweisse";"und schweige dem Ruf!"
1038.44;1044.82624;"Helmwige, Ortlinde, Gerhilde, Waltraute, Siegrune, Rossweisse, Grimgerde und Schwertleite";"Weh’! Wütend schwingt sich Wotan vom Roß!"
1045.04;1049.59;"Helmwige, Ortlinde, Gerhilde, Waltraute, Siegrune, Rossweisse, Grimgerde und Schwertleite";"Hieher rast sein rächender Schritt!"
1061.38;1066.97;"Wotan";"Wo ist Brünnhild’, wo die Verbrecherin?"
1067.74;1072.235;"Wotan";"Wagt ihr, die Böse vor mir zu bergen?"
1072.66;1078.29;"Helmwige, Ortlinde, Gerhilde, Waltraute, Siegrune, Rossweisse, Grimgerde und Schwertleite";"Schrecklich ertost dein Toben!"
1078.745;1081.7;"Helmwige, Ortlinde, Siegrune und Grimgerde";"Was taten, Vater, die Töchter,"
1081.89;1084.982;"Helmwige, Ortlinde, Siegrune";"daß sie dich reizten zu rasender Wut?"
1081.7;1084.982;"Grimgerde";"daß sie dich reizten zu rasender Wut?"
1080.07;1084.982;"Gerhilde, Waltraute, Rossweisse und Schwertleite";"Wer reizte dich zu rasender Wut?"
1084.982;1089.89;"Wotan";"Wollt ihr mich höhnen? Hütet euch, Freche!"
1091.31125;1094.38;"Wotan";"Ich weiß, Brünnhilde bergt ihr vor mir."
1095.7;1099.99;"Wotan";"Weichet von ihr, der ewig Verworfnen,"
1100.1925;1103.744;"Wotan";"wie ihren Wert von sich sie warf!"
1107.65;1112.958055;"Rossweisse";"Zu uns floh die Verfolgte;"
1111.9875;1115.92;"Siegrune";"Unsren Schutz flehte sie an;"
1111.9875;1117.32;"Grimgerde";"Unsren Schutz flehte sie an;"
1111.9875;1115.46;"Schwertleite";"Unsren Schutz flehte sie an;"
1115;1121.235;"Rossweisse";"unsren Schutz flehte sie an:"
1116.38;1123.73;"Waltraute";"Mit Furcht und Zagen faßt sie dein Zorn:"
1116.84;1128.79778;"Siegrune";"Furcht und Zagen faßt die Verfolgte."
1117.8;1131.225;"Schwertleite";"Mit Furcht und Zagen faßt sie dein Zürnen:"
1120.245;1130.225;"Grimgerde";"Mit Furcht und Zagen faßt sie dein Zürnen:"
1122.72;1131.75;"Ortlinde";"Vater, hör uns flehn!"
1123.225;1131.75;"Rossweisse";"für die bange Schwester bitten wir nun;"
1124.235;1131.75;"Waltraute";"für die bange Schwester bitten wir nun,"
1131.225;1139.13;"Grimgerde";"für die Bange bitten wir dich!"
1133.76;1139.13;"Schwertleite";"für die Bange bitten wir dich!"
1131.75;1139.13;"Waltraute";"daß den ersten Zorn du bezähmst."
1133.28;1139.13;"Rossweisse";"daß den ersten Zorn du bezähmst."
1124.74;1139.13;"Gerhilde";"Laß dich erweichen, laß dich erweichen!"
1126.58;1139.13;"Helmwige";"Laß dich erweichen, für sie, zähme deinen Zorn!"
1132.8;1137.805;"Ortlinde";"Laß dich erweichen!"
1140.04;1143.00875;"Wotan";"Weichherziges Weibergezücht!"
1143.855625;1147.641632653;"Wotan";"So matten Mut gewannt ihr von mir?"
1148.332857143;1152.1175;"Wotan";"Erzog ich euch kühn, zum Kampfe zu ziehn,"
1152.38;1154;"Wotan";"schuf ich die Herzen"
1154;1156.249591837;"Wotan";"euch hart und scharf,"
1156.249591837;1160.47;"Wotan";"daß ihr Wilden nun weint und greint,"
1160.7725;1165.26;"Wotan";"wenn mein Grimm eine Treulose straft?"
1172.2;1176.6825;"Wotan";"So wißt denn, Winselnde, was die verbrach,"
1176.6825;1181.12;"Wotan";"um die euch Zagen die Zähre entbrennt!"
1182.62;1185.03758;"Wotan";"Keine wie sie"
1185.04;1188.62;"Wotan";"kannte mein innerstes Sinnen!"
1196.08;1198.8772;"Wotan";"Keine wie sie"
1198.88;1202.16;"Wotan";"wußte den Quell meines Willens!"
1208.815;1211.54;"Wotan";"Sie selbst war"
1211.54;1215.26;"Wotan";"meines Wunsches schaffender Schoß:"
1218.675;1222.95;"Wotan";"und so nun brach sie den seligen Bund,"
1223.205;1226.98;"Wotan";"daß treulos sie meinem Willen getrotzt,"
1227.25;1231.34;"Wotan";"mein herrschend Gebot offen verhöhnt,"
1231.51928;1234.655;"Wotan";"gegen mich die Waffe gewandt,"
1234.84258;1238.38;"Wotan";"die mein Wunsch allein ihr schuf."
1243.14;1249.8;"Wotan";"Hörst du’s, Brünnhilde? Du, der ich Brünne,"
1250.38;1254.6175;"Wotan";"Helm und Wehr, Wonne und Huld,"
1254.89;1259.36;"Wotan";"Namen und Leben verlieh?"
1260.36;1266.423049886;"Wotan";"Hörst du mich Klage erheben,"
1266.691524943;1270.08;"Wotan";"und birgst dich bang dem Kläger,"
1270.61;1274.65;"Wotan";"daß feig du der Straf’ entflöh’st?"
1310.52;1322.3425;"Brünnhilde";"Hier bin ich, Vater gebiete die Strafe!"
1328.28;1332.066875;"Wotan";"Nicht straf’ ich dich erst;"
1332.53125;1336.085;"Wotan";"deine Strafe schufst du dir selbst."
1336.8725;1340.54;"Wotan";"Durch meinen Willen warst du allein:"
1340.99;1344.44;"Wotan";"gegen mich doch hast du gewollt;"
1346.26;1350.12;"Wotan";"meine Befehle nur führtest du aus:"
1350.58;1354.63;"Wotan";"gegen mich doch hast du befohlen;"
1356.7;1360.77802;"Wotan";"Wunschmaid warst du mir:"
1360.9211;1363.37;"Wotan";"gegen mich doch hast du gewünscht;"
1364.26;1368.2381;"Wotan";"Schildmaid warst du mir:"
1368.38774;1370.934;"Wotan";"gegen mich doch hobst du den Schild;"
1371.848;1375.678;"Wotan";"Loskieserin warst du mir:"
1375.8294;1378.459863946;"Wotan";"gegen mich doch kiestest du Lose;"
1379.439727891;1383.23806;"Wotan";"Heldenreizerin warst du mir:"
1383.3894;1385.94;"Wotan";"gegen mich doch reiztest du Helden."
1396.15;1403.11784;"Wotan";"Was sonst du warst, sagte dir Wotan:"
1403.615;1410.77;"Wotan";"was jetzt du bist, das sage dir selbst!"
1411.8;1416.25774;"Wotan";"Wunschmaid bist du nicht mehr;"
1417.04;1421.5575;"Wotan";"Walküre bist du gewesen:"
1423.18;1429.551269841;"Wotan";"nun sei fortan, was so du noch bist!"
1433.93;1438.41766;"Brünnhilde";"Du verstößest mich; versteh’ ich den Sinn?"
1439.49;1447.25;"Wotan";"Nicht send’ ich dich mehr aus Walhall;"
1447.745;1454.835;"Wotan";"nicht weis’ ich dir mehr Helden zur Wal,"
1454.835;1458.667959184;"Wotan";"nicht führst du mehr Sieger"
1458.667959184;1462.618084;"Wotan";"in meinen Saal:"
1463.474444445;1470.7125;"Wotan";"bei der Götter trautem Mahle"
1471.18875;1478.26;"Wotan";"das Trinkhorn nicht reichst du traulich mir mehr;"
1478.79;1485.666938776;"Wotan";"nicht kos’ ich dir mehr den kindischen Mund;"
1486.090408163;1493.685;"Wotan";"von göttlicher Schar bist du geschieden,"
1494.2;1500.45375;"Wotan";"ausgestoßen aus der Ewigen Stamm;"
1501.1484375;1505.826507937;"Wotan";"gebrochen ist unser Bund;"
1507.29;1515.945408163;"Wotan";"aus meinem Angesicht bist du verbannt!"
1516.370816327;1520.369285714;"Helmwige, Gerhilde, Ortlinde, Waltraute, Siegrune, Rossweisse, Grimgerde und Schwertleite";"Wehe! Weh’!"
1520.6;1524.895;"Helmwige, Gerhilde, Ortlinde, Waltraute, Siegrune, Rossweisse, Grimgerde und Schwertleite";"Schwester! ach Schwester!"
1524.55;1528.92;"Brünnhilde";"Nimmst du mir alles, was einst du gabst?"
1528.92;1534.11;"Wotan";"Der dich zwingt, wird dir’s entziehn!"
1535.87625;1542.13125;"Wotan";"Hieher auf den Berg banne ich dich;"
1542.663125;1549.785;"Wotan";"in wehrlosen Schlaf schließ’ ich dich fest;"
1550.3775;1554.45;"Wotan";"der Mann dann fange die Maid,"
1554.87828;1559.318333333;"Wotan";"der am Wege sie findet und weckt."
1560.314166666;1561.285999999;"Waltraute";"Halt ein!"
1561.092833333;1561.865499999;"Ortlinde, Grimgerde und Schwertleite";"O Vater!"
1561.865499999;1564.025;"Helmwige, Gerhilde, Rossweisse und Siegrune";"Halt ein den Fluch!"
1562.674166666;1563.698358667;"Ortlinde und Waltraute";"Halt ein!"
1566.11;1567.99848;"Helmwige und Ortlinde";"Halt ein!"
1566.11;1567.62;"Gerhilde und Waltraute";"O Vater!"
1563.289666667;1566.11;"Grimgerde und Schwertleite";"Soll die Maid verblühn und verbleichen dem Mann?"
1566.11;1569.095;"Siegrune und Rossweisse";"Soll die Maid verblühn und verbleichen dem Mann?"
1569.095;1572.17;"Gerhilde und Waltraute";"Soll die Maid verblühn und verbleichen dem Mann?"
1569.095;1571.78;"Schwertleite";"Soll die Maid verblühn und verbleichen?"
1568;1570.99846;"Helmwige";"Hör unser Fleh’n!"
1568;1571.39;"Ortlinde";"Hör unser Fleh’n!"
1569.46;1572.965;"Rossweisse";"Schrecklicher Vater!"
1573.9775;1578.59;"Gerhilde";"Du schrecklicher, schrecklicher Gott!"
1573.9775;1575.275;"Grimgerde";"Erhöre uns!"
1577.3;1579.3;"Ortlinde";"Schrecklicher Gott!"
1578.16;1579.86;"Helmwige";"Schrecklicher Gott!"
1568.5475;1572.965;"Grimgerde";"Ach wende ab die schreiende Schmach!"
1576.055;1584.302670068;"Grimgerde";"Ach, wende, du Schrecklicher, wende, ach wende von ihr diese schreiende Schmach, wend' ab die Schmach!"
1571;1577.73;"Helmwige";"Wende von ihr die schreiende Schmach!"
1580.14;1584.302670068;"Helmwige";"Wende von ihr die schreiende Schmach!"
1571.78;1584.302670068;"Siegrune";"Wende von ihr die schreiende Schmach; schrecklicher, wende von ihr die schreiende Schmach! Ach wende die Schmach!"
1572.17;1576.885;"Ortlinde";"Ach wende von ihr die schreckliche Schmach!"
1579.58;1588.53;"Ortlinde";"Wende die Schmach! Schrecklicher, Ach wende, wende die Schmachvon ihr!"
1572.17;1586.725;"Schwertleite";"Ach wende ab die Schmach! Ach, wende, du Schrecklicher, wende, ach wende von ihr diese schreiende Schmach, ach wende die Schmach, ach wende, wende die Schmach!"
1573.775;1587.09;"Waltraute";"Ach wende die Schmach! Ach, wende die schreiende Schmach! Wende die Schmach! Ach wende, Schrecklicher, die Schmach! Ach wende, wende die Schmach!"
1574.18;1586.725;"Rossweisse";"wende die Schmach! schrecklicher, wende, ach wende die schreiende Schmach von ihr! Ach wende, wende die Schmach!"
1579.02;1584.302670068;"Gerhilde";"Wende die Schmach! Schrecklicher, ach wende die Schmach!"
1585.205;1598.16;"Helmwige";"Wie die Schwester träf' uns auch ihr Schimpf, wie die Schwester träf' uns selbst auch ihr Schimpf!"
1585.205;1588.175;"Gerhilde";"Wie die Schwester träf' uns auch der Schimpf,"
1592.78;1598.16;"Gerhilde, Siegrune und Grimgerde";"wie die Schwester träf' uns selbst auch ihr Schimpf!"
1585.205;1588.175;"Siegrune und Grimgerde";"Wie die Schwester träfe uns selber der Schimpf,"
1588.53;1598.16;"Ortlinde";"Wie sie träfe uns auch ihr Schimpf, wie die Schwester träf 'uns selbst auch ihr Schimpf!"
1587.09;1598.16;"Waltraute";"Wie die Schwester träf' uns auch ihr Schimpf, wie die Schwester träf' uns selbst auch ihr Schimpf!"
1587.6375;1598.16;"Rossweisse";"Wie sie auch träf' uns auch ihr Schimpf, wie die Schwester träf' uns selbst auch ihr Schimpf!"
1588.53;1598.16;"Schwertleite";"Wie sie träf' uns ihr Schimpf, wie die Schwester träf' uns selbst auch ihr Schimpf!"
1599.370666667;1602.76;"Wotan";"Hörtet ihr nicht, was ich verhängt?"
1604.005;1609.21;"Wotan";"Aus eurer Schar ist die treulose Schwester geschieden;"
1610.455;1615.56;"Wotan";"mit euch zu Roß durch die Lüfte nicht reitet sie länger;"
1617.09;1624.314376417;"Wotan";"die magdliche Blume verblüht der Maid;"
1625.03015873;1632.33792;"Wotan";"ein Gatte gewinnt ihre weibliche Gunst,"
1632.5575;1639.087666666;"Wotan";"dem herrschenden Manne gehorcht sie fortan;"
1640.492333333;1644.408828;"Wotan";"am Herde sitzt sie und spinnt,"
1645.357656;1652.59;"Wotan";"aller Spottenden Ziel und Spiel."
1664.45;1669.89;"Wotan";"Schreckt euch ihr Los? So flieht die Verlorne!;"
1670.84;1674.03;"Wotan";"weichet von ihr, und haltet euch fern!"
1674.46;1677.595;"Wotan";"Wer von euch wagte bei ihr zu weilen,"
1678.06;1681.395;"Wotan";"wer mir zum Trotz zu der Traurigen hielt’,"
1681.6175;1684.6;"Wotan";"die Törin teilte ihr Los:"
1685.05;1687.79;"Wotan";"das künd’ ich der Kühnen an."
1693.65;1698.895;"Wotan";"Fort jetzt von hier; meidet den Felsen."
1699.38;1702.245;"Wotan";"Hurtig jagt mir von hinnen;"
1702.7325;1707.9877375;"Wotan";"sonst erharrt Jammer euch hier!"
1709.18;1710.635135999;"Helmwige, Ortlinde, Gerhilde, Waltraute, Siegrune, Rossweisse, Grimgerde und Schwertleite";"Weh’!"
1712.3;1713.86288;"Helmwige, Ortlinde, Gerhilde, Waltraute, Siegrune, Rossweisse, Grimgerde und Schwertleite";"Weh’!"
1860.3;1871.4;"Brünnhilde";"War es so schmählich, was ich verbrach,"
1871.4;1883.31634;"Brünnhilde";"daß mein Verbrechen so schmählich du bestrafst?"
1887.04;1897.28;"Brünnhilde";"War es so niedrig, was ich dir tat,"
1897.28;1906.445205333;"Brünnhilde";"daß du so tief mir Erniedrigung schaffst?"
1911.36;1920.718;"Brünnhilde";"War es so ehrlos, was ich beging,"
1920.718;1929.24799;"Brünnhilde";"daß mein Vergehn nun die Ehre mir raubt?"
1941.0892;1952.962666666;"Brünnhilde";"O sag, Vater! Sieh mir ins Auge;"
1955.23792;1966.75788;"Brünnhilde";"schweige den Zorn, zähme die Wut"
1966.75788;1975.194514286;"Brünnhilde";"und deute mir klar die dunkle Schuld,"
1975.194514286;1981.6636675;"Brünnhilde";"die mit starkem Trotze dich zwingt,"
1981.6636675;1990.45829875;"Brünnhilde";"zu verstoßen dein trautestes Kind?"
1996.52572;2004.36584;"Wotan";"Frag deine Tat, sie deutet dir deine Schuld!"
2005.19168;2008.89924;"Brünnhilde";"Deinen Befehl führte ich aus."
2009.28;2015.51922;"Wotan";"Befahl ich dir, für den Wälsung zu fechten?"
2016.68922;2020.60524;"Brünnhilde";"So hießest du mich als Herrscher der Wal!"
2020.25;2024.3193;"Wotan";"Doch meine Weisung nahm ich wieder zurück!"
2028.25872;2033.044485;"Brünnhilde";"Als Fricka den eignen Sinn dir entfremdet;"
2033.3822425;2037.247918367;"Brünnhilde";"da ihrem Sinn du dich fügtest,"
2037.984081632;2040.695236327;"Brünnhilde";"warst du selber dir Feind."
2043.57848;2046.47248;"Wotan";"Daß du mich verstanden, wähnt’ ich,"
2046.68496;2049.9393;"Wotan";"und strafte den wissenden Trotz:"
2053.45582;2059.14828;"Wotan";"doch feig und dumm dachtest du mich!"
2060.86914;2064.75254;"Wotan";"So hätt’ ich Verrat nicht zu rächen;"
2065.54508;2070.282455;"Wotan";"zu gering wärst du meinem Grimm?"
2089.28232;2100.07;"Brünnhilde";"Nicht weise bin ich, doch wußt’ ich das eine,"
2100.47836;2111.513575;"Brünnhilde";"daß den Wälsung du liebtest."
2111.940013877;2116.522645;"Brünnhilde";"Ich wußte den Zwiespalt, der dich zwang,"
2116.8675;2120.34606;"Brünnhilde";"dies eine ganz zu vergessen."
2121.87872;2126.36544;"Brünnhilde";"Das andre mußtest einzig du sehn,"
2126.36544;2131.64544;"Brünnhilde";"was zu schaun so herb schmerzte dein Herz,"
2131.95272;2137.63602;"Brünnhilde";"daß Siegmund Schutz du versagtest."
2137.63602;2141.718094118;"Wotan";"Du wußtest es so, und wagtest dennoch den Schutz?"
2144.93212;2149.6927;"Brünnhilde";"Weil für dich im Auge das eine ich hielt,"
2149.6927;2151.61934;"Brünnhilde";"dem, im Zwange des andren"
2151.61934;2153.49278;"Brünnhilde";"schmerzlich entzweit,"
2153.49278;2157.140985;"Brünnhilde";"ratlos den Rücken du wandtest!"
2159.189315;2162.68212;"Brünnhilde";"Die im Kampfe Wotan den Rücken bewacht,"
2162.835;2169.359568;"Brünnhilde";"die sah nun das nur, was du nicht sahst."
2171.76;2176.86532;"Brünnhilde";"Siegmund mußt’ ich sehn."
2179.28;2183.3135525;"Brünnhilde";"Tod kündend trat ich vor ihn,"
2186.76;2192.35;"Brünnhilde";"gewahrte sein Auge, hörte sein Wort,"
2192.64548;2199.66544;"Brünnhilde";"ich vernahm des Helden heilige Not;"
2200.28;2207.19928;"Brünnhilde";"tönend erklang mir des Tapfersten Klage:"
2207.56;2214.637380407;"Brünnhilde";"freiester Liebe furchtbares Leid;"
2214.639319727;2221.40548;"Brünnhilde";"traurigsten Mutes mächtigster Trotz!"
2222.2822;2229.15382;"Brünnhilde";"Meinem Ohr erscholl, mein Aug’ erschaute,"
2229.15382;2234.17049;"Brünnhilde";"was tief im Busen das Herz"
2234.17049;2241.03168;"Brünnhilde";"zu heil’gem Beben mir traf!"
2244.68598;2251.784794666;"Brünnhilde";"Scheu und staunend stand ich vor Scham:"
2253.20596;2259.693268826;"Brünnhilde";"ihm nur zu dienen konnt’ ich noch denken;"
2260.42;2266.79713;"Brünnhilde";"Sieg oder Tod mit Siegmund zu teilen:"
2267.98608;2274.59192;"Brünnhilde";"dies nur erkannt’ ich zu kiesen als Los!"
2288.8585;2306.544104286;"Brünnhilde";"Der diese Liebe mir ins Herz gelegt,"
2309.288061428;2316.49906;"Brünnhilde";"dem Willen, der dem Wälsung mich gesellt,"
2317.43812;2327.452311999;"Brünnhilde";"ihm innig vertraut,"
2334.72572;2341.960403999;"Brünnhilde";"trotzt’ ich deinem Gebot."
2342.971333333;2348.759333333;"Wotan";"So tatest du, was so gern zu tun ich begehrt;"
2350.599333333;2356.39;"Wotan";"doch was nicht zu tun die Not zwiefach mich zwang?"
2358.744999999;2364.61;"Wotan";"So leicht wähntest du Wonne des Herzens erworben,"
2364.858333334;2368.375;"Wotan";"wo brennend’ Weh’ in das Herz mir brach,"
2368.6075;2370.4325;"Wotan";"wo gräßliche Not"
2370.4325;2372.085;"Wotan";"den Grimm mir schuf,"
2372.3225;2378.49;"Wotan";"einer Welt zu Liebe der Liebe Quell"
2378.49;2382.06;"Wotan";"im gequälten Herzen zu hemmen?"
2383.7775;2385.7375;"Wotan";"Wo gegen mich selber"
2385.7375;2387.635;"Wotan";"ich sehrend mich wandte,"
2387.75848;2389.91;"Wotan";"aus Ohnmacht Schmerzen"
2389.91;2391.99;"Wotan";"schäumend ich aufschoß,"
2393.02;2396.825;"Wotan";"wütender Sehnsucht sengender Wunsch"
2396.825;2399.957346938;"Wotan";"den schrecklichen Willen mir schuf,"
2400.426020408;2407.692843537;"Wotan";"in den Trümmern der eignen Welt"
2407.692843537;2415.72;"Wotan";"meine ew’ge Trauer zu enden:"
2432.576363636;2445.275;"Wotan";"da labte süß dich selige Lust;"
2446.755;2455.965625;"Wotan";"wonniger Rührung üppigen Rausch"
2455.965625;2466.08;"Wotan";"enttrankst du lachend der Liebe Trank,"
2466.85;2483.48;"Wotan";"als mir göttlicher Not nagende Galle gemischt?"
2491.809375;2495.575;"Wotan";"Deinen leichten Sinn laß dich denn leiten:"
2496.715;2500.5028125;"Wotan";"von mir sagtest du dich los."
2506.88;2509.513181818;"Wotan";"Dich muß ich meiden;"
2509.643076364;2511.618636364;"Wotan";"gemeinsam mit dir"
2511.618636364;2516.24;"Wotan";"nicht darf ich Rat mehr raunen;"
2517.035;2519.41788;"Wotan";"getrennt, nicht dürfen"
2519.42;2521.275;"Wotan";"traut wir mehr schaffen,"
2521.8;2524.96;"Wotan";"so weit Leben und Luft"
2524.96;2533.89625;"Wotan";"darf der Gott dir nicht mehr begegnen!"
2553.43;2560.14;"Brünnhilde";"Wohl taugte dir nicht die tör’ge Maid,"
2560.61;2564.265;"Brünnhilde";"die staunend im Rate"
2564.7;2567.348653061;"Brünnhilde";"nicht dich verstand,"
2567.802979592;2571.240959184;"Brünnhilde";"wie mein eigner Rat"
2571.240959184;2578.19;"Brünnhilde";"nur das eine mir riet:"
2578.765;2592.69;"Brünnhilde";"zu lieben, was du geliebt."
2598.435;2604.562397959;"Brünnhilde";"Muß ich denn scheiden und scheu dich meiden,"
2605.289438775;2610;"Brünnhilde";"mußt du spalten, was einst sich umspannt,"
2610.34;2615.8375;"Brünnhilde";"die eigne Hälfte fern von dir halten,"
2617.015;2622.0075;"Brünnhilde";"daß sonst sie ganz dir gehörte,"
2622.64375;2628.905;"Brünnhilde";"du Gott, vergiß dess’ nicht!"
2629.2275;2635.189404762;"Brünnhilde";"Dein ewig Teil nicht wirst du entehren,"
2636.003061224;2641.08;"Brünnhilde";"Schande nicht wollen, die dich beschimpft:"
2642.334897959;2646.5125;"Brünnhilde";"dich selbst ließest du sinken,"
2646.83;2652.376666667;"Brünnhilde";"sähst du dem Spott mich zum Spiel!"
2663.645;2675.791333333;"Wotan";"Du folgtest selig der Liebe Macht;"
2677.182666666;2686.77;"Wotan";"folge nun dem, den du lieben mußt!"
2687.98;2691.02;"Brünnhilde";"Soll ich aus Walhall scheiden,"
2691.52;2695.156666666;"Brünnhilde";"nicht mehr mit dir schaffen und walten,"
2696.3825;2702.5;"Brünnhilde";"dem herrischen Manne gehorchen fortan:"
2702.76;2707.001428572;"Brünnhilde";"dem feigen Prahler gib mich nicht preis!"
2707.532142857;2712.85;"Brünnhilde";"nicht wertlos sei er, der mich gewinnt!"
2713.87;2717.925;"Wotan";"Von Walvater schiedest du;"
2719.01;2723.3;"Wotan";"nicht wählen darf er für dich."
2726.465;2729.95;"Brünnhilde";"Du zeugtest ein edles Geschlecht;"
2733.01;2736.698321995;"Brünnhilde";"kein Zager kann je ihm entschlagen:"
2738.6225;2741.815;"Brünnhilde";"der weihlichste Held, ich weiß es,"
2741.94856;2744.665;"Brünnhilde";"entblüht dem Wälsungen Stamm!"
2745.23;2747.845;"Wotan";"Schweig von dem Wälsungen Stamm!"
2748.0925;2752.38732;"Wotan";"Von dir geschieden, schied ich von ihm;"
2752.38732;2755.151666667;"Wotan";"vernichten mußt’ ihn der Neid!"
2756.175;2761.04;"Brünnhilde";"Die von dir sich riß, rettete ihn:"
2762.66;2767.320625;"Brünnhilde";"Sieglinde hegt die heiligste Frucht;"
2767.5809375;2771.9675;"Brünnhilde";"in Schmerz und Leid, wie kein Weib sie gelitten,"
2771.9675;2773.83696;"Brünnhilde";"wird sie gebären,"
2773.83696;2776.08;"Brünnhilde";"was bang sie birgt."
2777.588125;2781.96;"Wotan";"Nie suche bei mir Schutz für die Frau,"
2781.96;2784.833085;"Wotan";"noch für ihres Schoßes Frucht!"
2785.609375;2789.6525;"Brünnhilde";"Sie wahret das Schwert, das du Siegmund schufest."
2789.6525;2792.27875;"Wotan";"Und das ich ihm in Stücken schlug!"
2810.5525;2819.98;"Wotan";"Nicht streb, o Maid, den Mut mir zu stören;"
2820.97;2830.7425;"Wotan";"erwarte dein Los, wie sich’s dir wirft;"
2831.824375;2838.982291667;"Wotan";"nicht kiesen kann ich es dir.  –"
2844.405833333;2848.855714285;"Wotan";"Doch fort muß ich jetzt, fern mich verziehn;"
2849.155;2852.475;"Wotan";"zu viel schon zögert’ ich hier:"
2852.7925;2856.39;"Wotan";"von der Abwendigen wend’ ich mich ab;"
2856.725;2860.005;"Wotan";"nicht wissen darf ich, was sie sich wünscht:"
2860.2875;2867.695;"Wotan";"die Strafe nur muß vollstreckt ich sehn!"
2867.56232;2870.41;"Brünnhilde";"Was hast du erdacht, daß ich erdulde?"
2878.13;2890.69;"Wotan";"In festen Schlaf verschließ’ ich dich: –"
2896.22;2903.417333333;"Wotan";"wer so die Wehrlose weckt,"
2905.515;2911.41;"Wotan";"dem ward, erwacht, sie zum Weib!"
2913.598;2917.895;"Brünnhilde";"Soll fesselnder Schlaf fest mich binden,"
2917.895;2922.33774;"Brünnhilde";"dem feigsten Manne zur leichten Beute:"
2923.54;2929.265;"Brünnhilde";"dies eine mußt du erhören,"
2930.22;2935.980666666;"Brünnhilde";"was heil’ge Angst zu dir fleht:"
2936.431;2944.11;"Brünnhilde";"die Schlafende schütze mit scheuchenden Schrecken,"
2944.4075;2948.196666666;"Brünnhilde";"daß nur ein furchtlos freiester Held"
2948.196666666;2952.472708333;"Brünnhilde";"hier auf dem Felsen einst mich fänd’!"
2956.221333333;2962.932;"Wotan";"Zuviel begehrst du, zu viel der Gunst!"
2967.915;2974.55842;"Brünnhilde";"Dies eine mußt du gewähren!"
2974.785;2978.345;"Brünnhilde";"Zerknicke dein Kind, das dein Knie umfaßt,"
2978.5775;2982.048333333;"Brünnhilde";"zertritt die Traute; zertrümmre die Maid;"
2982.1839;2986.87802;"Brünnhilde";"ihres Leibes Spur zerstöre dein Speer:"
2988.155;2994.864948979;"Brünnhilde";"doch gib, Grausamer, nicht"
2994.864948979;3000.00125;"Brünnhilde";"der gräßlichsten Schmach sie preis!"
3002.0775;3010.6977;"Brünnhilde";"Auf dein Gebot entbrenne ein Feuer;"
3010.996734694;3017.915;"Brünnhilde";"den Felsen umglühe lodernde Glut;"
3018.2125;3023.795;"Brünnhilde";"es leck’ ihre Zung’, es fresse ihr Zahn"
3023.795;3032.77;"Brünnhilde";"den Zagen, der frech sich wagte"
3033.075;3040.133637188;"Brünnhilde";"dem freislichen Felsen zu nahn!"
3056.458;3063.2575;"Wotan";"Leb wohl, du kühnes, herrliches Kind!"
3064.32;3071.039013572;"Wotan";"Du meines Herzens heiligster Stolz!"
3071.857023809;3082.98;"Wotan";"Leb wohl! Leb wohl! Leb wohl!"
3087.88;3090.8575;"Wotan";"Muß ich dich meiden,"
3091.105;3095.05;"Wotan";"und darf nicht minnig"
3095.05;3098.83;"Wotan";"mein Gruß dich mehr grüßen;"
3099.26;3106.376352041;"Wotan";"sollst du nun nicht mehr neben mir reiten,"
3106.633622449;3111.221;"Wotan";"noch Met beim Mahl mir reichen;"
3111.748;3119.153333333;"Wotan";"muß ich verlieren dich, die ich liebe,"
3119.376666667;3126.57;"Wotan";"du lachende Lust meines Auges:"
3127.71;3132.203095238;"Wotan";"ein bräutliches Feuer soll dir entbrennen,"
3132.333398095;3135.89;"Wotan";"wie nie einer Braut es gebrannt!"
3138;3144.93;"Wotan";"Flammende Glut umglühe den Fels;"
3145.90236;3148.0525;"Wotan";"mit zehrenden Schrecken"
3148.34;3150.3175;"Wotan";"scheuch’ es den Zagen;"
3151.5525;3157.43;"Wotan";"der Feige fliehe Brünnhildes Fels!"
3164.78;3177.55;"Wotan";"Denn einer nur freie die Braut,"
3182.5262;3198.103877551;"Wotan";"der freier als ich, der Gott!"
3302.763625;3311.26125;"Wotan";"Der Augen leuchtendes Paar,"
3313.2028125;3321.45;"Wotan";"das oft ich lächelnd gekost,"
3323.3775;3329.28;"Wotan";"wenn Kampfeslust ein Kuß dir lohnte,"
3329.83;3334.71;"Wotan";"wenn kindisch lallend der Helden Lob"
3335.06784;3340.2175;"Wotan";"von holden Lippen dir floß;"
3342.8275;3351.073846154;"Wotan";"dieser Augen strahlendes Paar,"
3352.70423077;3360.183333333;"Wotan";"das oft im Sturm mir geglänzt,"
3361.920833333;3368.07;"Wotan";"wenn Hoffnungssehnen das Herz mir sengte,"
3368.655;3373.783611429;"Wotan";"nach Weltenwonne mein Wunsch verlangte"
3374.006091429;3379.658571429;"Wotan";"aus wild webendem Bangen:"
3381.744642857;3387.59484;"Wotan";"zum letzten Mal"
3387.6;3392.4275;"Wotan";"letz’ es mich heut"
3392.4275;3404.03452;"Wotan";"mit des Lebewohles letztem Kuß!"
3406.0125;3411.025;"Wotan";"Dem glücklichern Manne"
3411.6;3416.096583333;"Wotan";"glänze sein Stern:"
3417.194874999;3427.91576;"Wotan";"dem unseligen Ew’gen"
3427.92;3435.7628125;"Wotan";"muß es scheidend sich schließen."
3446.86;3459.42;"Wotan";"Denn so kehrt der Gott sich dir ab,"
3460.88;3478.944615385;"Wotan";"so küßt er die Gottheit von dir!"
3637.78;3640.15762;"Wotan";"Loge, hör’!"
3642.32;3644.35796;"Wotan";"Lausche hieher!"
3644.925;3649.265;"Wotan";"Wie zuerst ich dich fand, als feurige Glut,"
3649.5275;3651.674375;"Wotan";"wie dann einst du mir schwandest,"
3651.81455;3653.880625;"Wotan";"als schweifende Lohe;"
3654.1525;3660.65;"Wotan";"wie ich dich band, bann’ ich dich heut!"
3661.60484;3664.7175;"Wotan";"Herauf, wabernde Lohe."
3667.968928571;3671.07;"Wotan";"Umlodre mir feurig den Fels!"
3675.84;3680.39;"Wotan";"Loge! Loge! Hieher!"
3749.14;3764.93;"Wotan";"Wer meines Speeres Spitze fürchtet,"
3766.2425;3777.05666;"Wotan";"durchschreite das Feuer nie!"
