mc	mn	mc_playthrough	mn_playthrough	quarterbeats_playthrough	quarterbeats_all_endings	duration_qb	mc_onset	mn_onset	timesig	staff	voice	duration	gracenote	nominal_duration	scalar	tied	tpc	midi	name	octave	chord_id
1	0	1	0a	0	0	1.0	0	3/8	6/8	2	2	1/4		1/4	1		-1	41	F2	2	6
1	0	1	0a	0	0	0.5	0	3/8	6/8	2	1	1/8		1/8	1		3	57	A3	3	3
1	0	1	0a	0	0	0.5	0	3/8	6/8	1	1	1/8		1/8	1		-1	77	F5	5	0
1	0	1	0a	1/2	1/2	0.5	1/8	1/2	6/8	2	1	1/8		1/8	1		1	55	G3	3	4
1	0	1	0a	1/2	1/2	0.5	1/8	1/2	6/8	1	1	1/8		1/8	1		4	76	E5	5	1
1	0	1	0a	1	1	0.5	1/4	5/8	6/8	2	1	1/8		1/8	1		-2	58	Bb3	3	5
1	0	1	0a	1	1	0.5	1/4	5/8	6/8	1	1	1/8		1/8	1		2	74	D5	5	2
2	1	2	1a	3/2	3/2	1.0	0	0	6/8	2	2	1/4		1/4	1		-1	41	F2	2	19
2	1	2	1a	3/2	3/2	0.5	0	0	6/8	2	1	1/8		1/8	1		3	57	A3	3	13
2	1	2	1a	3/2	3/2	0.5	0	0	6/8	1	1	1/8		1/8	1		0	72	C5	5	7
2	1	2	1a	2	2	0.5	1/8	1/8	6/8	2	1	1/8		1/8	1		-2	58	Bb3	3	14
2	1	2	1a	2	2	0.5	1/8	1/8	6/8	1	1	1/8		1/8	1		2	74	D5	5	8
2	1	2	1a	5/2	5/2	0.5	1/4	1/4	6/8	2	1	1/8		1/8	1		1	55	G3	3	15
2	1	2	1a	5/2	5/2	0.5	1/4	1/4	6/8	1	1	1/8		1/8	1		4	76	E5	5	9
2	1	2	1a	3	3	1.0	3/8	3/8	6/8	2	2	1/4		1/4	1		-1	41	F2	2	20
2	1	2	1a	3	3	0.5	3/8	3/8	6/8	2	1	1/8		1/8	1		3	57	A3	3	16
2	1	2	1a	3	3	0.5	3/8	3/8	6/8	1	1	1/8		1/8	1		-1	77	F5	5	10
2	1	2	1a	7/2	7/2	0.5	1/2	1/2	6/8	2	1	1/8		1/8	1		1	55	G3	3	17
2	1	2	1a	7/2	7/2	0.5	1/2	1/2	6/8	1	1	1/8		1/8	1		4	76	E5	5	11
2	1	2	1a	4	4	0.5	5/8	5/8	6/8	2	1	1/8		1/8	1		-2	58	Bb3	3	18
2	1	2	1a	4	4	0.5	5/8	5/8	6/8	1	1	1/8		1/8	1		2	74	D5	5	12
3	2	3	2a	9/2	9/2	1.0	0	0	6/8	2	2	1/4		1/4	1		-1	41	F2	2	31
3	2	3	2a	9/2	9/2	0.5	0	0	6/8	2	1	1/8		1/8	1		3	57	A3	3	25
3	2	3	2a	9/2	9/2	1.0	0	0	6/8	1	1	1/4		1/4	1		0	72	C5	5	21
3	2	3	2a	5	5	0.5	1/8	1/8	6/8	2	1	1/8		1/8	1		1	55	G3	3	26
3	2	3	2a	11/2	11/2	0.5	1/4	1/4	6/8	2	1	1/8		1/8	1		-1	53	F3	3	27
3	2	3	2a	6	6	0.5	3/8	3/8	6/8	2	1	1/8		1/8	1		-2	58	Bb3	3	28
3	2	3	2a	6	6	0.5	3/8	3/8	6/8	1	1	1/8		1/8	1		2	74	D5	5	22
3	2	3	2a	13/2	13/2	0.5	1/2	1/2	6/8	2	1	1/8		1/8	1		3	57	A3	3	29
3	2	3	2a	13/2	13/2	0.5	1/2	1/2	6/8	1	1	1/8		1/8	1		0	72	C5	5	23
3	2	3	2a	7	7	0.5	5/8	5/8	6/8	2	1	1/8		1/8	1		1	55	G3	3	30
3	2	3	2a	7	7	0.5	5/8	5/8	6/8	1	1	1/8		1/8	1		-2	70	Bb4	4	24
4	3	4	3a	15/2	15/2	0.5	0	0	6/8	2	1	1/8		1/8	1		-1	53	F3	3	38
4	3	4	3a	15/2	15/2	0.5	0	0	6/8	1	1	1/8		1/8	1		3	69	A4	4	32
4	3	4	3a	8	8	0.5	1/8	1/8	6/8	2	1	1/8		1/8	1		1	55	G3	3	39
4	3	4	3a	8	8	0.5	1/8	1/8	6/8	1	1	1/8		1/8	1		-2	70	Bb4	4	33
4	3	4	3a	17/2	17/2	0.5	1/4	1/4	6/8	2	1	1/8		1/8	1		3	57	A3	3	40
4	3	4	3a	17/2	17/2	0.5	1/4	1/4	6/8	1	1	1/8		1/8	1		0	72	C5	5	34
4	3	4	3a	9	9	0.5	3/8	3/8	6/8	2	1	1/8		1/8	1		-2	58	Bb3	3	41
4	3	4	3a	9	9	0.5	3/8	3/8	6/8	1	1	1/8		1/8	1		2	74	D5	5	35
4	3	4	3a	19/2	19/2	0.5	1/2	1/2	6/8	2	1	1/8		1/8	1		3	57	A3	3	42
4	3	4	3a	19/2	19/2	0.5	1/2	1/2	6/8	1	1	1/8		1/8	1		0	72	C5	5	36
4	3	4	3a	10	10	0.5	5/8	5/8	6/8	2	1	1/8		1/8	1		1	55	G3	3	43
4	3	4	3a	10	10	0.5	5/8	5/8	6/8	1	1	1/8		1/8	1		-2	70	Bb4	4	37
5	4	5	4a	21/2	21/2	1.0	0	0	6/8	2	1	1/4		1/4	1		-1	53	F3	3	46
5	4	5	4a	21/2	21/2	1.0	0	0	6/8	1	1	1/4		1/4	1		0	72	C5	5	44
5	4	5	4a	23/2	23/2	0.5	1/4	1/4	6/8	2	1	1/8		1/8	1		-1	41	F2	2	47
5	4	5	4a	23/2	23/2	0.5	1/4	1/4	6/8	1	1	1/8		1/8	1		-1	65	F4	4	45
6	4	6	4a	12	12	0.5	0	3/8	6/8	2	1	1/8		1/8	1		-1	65	F4	4	51
6	4	6	4a	12	12	0.5	0	3/8	6/8	1	1	1/8		1/8	1		3	81	A5	5	48
6	4	6	4a	25/2	25/2	0.5	1/8	1/2	6/8	2	1	1/8		1/8	1		4	64	E4	4	52
6	4	6	4a	25/2	25/2	0.5	1/8	1/2	6/8	1	1	1/8		1/8	1		1	79	G5	5	49
6	4	6	4a	13	13	0.5	1/4	5/8	6/8	2	1	1/8		1/8	1		2	62	D4	4	53
6	4	6	4a	13	13	0.5	1/4	5/8	6/8	1	1	1/8		1/8	1		-1	77	F5	5	50
7	5	7	5a	27/2	27/2	0.5	0	0	6/8	2	1	1/8		1/8	1		0	60	C4	4	60
7	5	7	5a	27/2	27/2	0.5	0	0	6/8	1	1	1/8		1/8	1		4	76	E5	5	54
7	5	7	5a	14	14	0.5	1/8	1/8	6/8	2	1	1/8		1/8	1		2	62	D4	4	61
7	5	7	5a	14	14	0.5	1/8	1/8	6/8	1	1	1/8		1/8	1		2	74	D5	5	55
7	5	7	5a	29/2	29/2	0.5	1/4	1/4	6/8	2	1	1/8		1/8	1		4	64	E4	4	62
7	5	7	5a	29/2	29/2	0.5	1/4	1/4	6/8	1	1	1/8		1/8	1		0	72	C5	5	56
7	5	7	5a	15	15	0.5	3/8	3/8	6/8	2	1	1/8		1/8	1		-1	65	F4	4	63
7	5	7	5a	15	15	0.5	3/8	3/8	6/8	1	1	1/8		1/8	1		3	81	A5	5	57
7	5	7	5a	31/2	31/2	0.5	1/2	1/2	6/8	2	1	1/8		1/8	1		4	64	E4	4	64
7	5	7	5a	31/2	31/2	0.5	1/2	1/2	6/8	1	1	1/8		1/8	1		1	79	G5	5	58
7	5	7	5a	16	16	0.5	5/8	5/8	6/8	2	1	1/8		1/8	1		2	62	D4	4	65
7	5	7	5a	16	16	0.5	5/8	5/8	6/8	1	1	1/8		1/8	1		-1	77	F5	5	59
8	6	8	6a	33/2	33/2	1.5	0	0	6/8	2	1	3/8		1/4	3/2		0	60	C4	4	70
8	6	8	6a	33/2	33/2	0.5	0	0	6/8	1	1	1/8		1/8	1		4	76	E5	5	66
8	6	8	6a	17	17	0.5	1/8	1/8	6/8	1	1	1/8		1/8	1		2	74	D5	5	67
8	6	8	6a	35/2	35/2	0.5	1/4	1/4	6/8	1	1	1/8		1/8	1		0	72	C5	5	68
8	6	8	6a	18	18	0.5	3/8	3/8	6/8	2	1	1/8		1/8	1		3	57	A3	3	71
8	6	8	6a	18	18	1.0	3/8	3/8	6/8	1	1	1/4		1/4	1		0	72	C5	5	69
8	6	8	6a	37/2	37/2	0.5	1/2	1/2	6/8	2	1	1/8		1/8	1		1	55	G3	3	72
8	6	8	6a	19	19	0.5	5/8	5/8	6/8	2	1	1/8		1/8	1		-1	53	F3	3	73
9	7	9	7a	39/2	39/2	0.5	0	0	6/8	2	1	1/8		1/8	1		4	52	E3	3	76
9	7	9	7a	39/2	39/2	1.0	0	0	6/8	1	1	1/4		1/4	1		0	72	C5	5	74
9	7	9	7a	20	20	0.5	1/8	1/8	6/8	2	1	1/8		1/8	1		2	50	D3	3	77
9	7	9	7a	41/2	41/2	0.5	1/4	1/4	6/8	2	1	1/8		1/8	1		0	48	C3	3	78
9	7	9	7a	21	21	0.5	3/8	3/8	6/8	2	1	1/8		1/8	1		3	57	A3	3	79
9	7	9	7a	21	21	1.0	3/8	3/8	6/8	1	1	1/4		1/4	1		0	72	C5	5	75
9	7	9	7a	43/2	43/2	0.5	1/2	1/2	6/8	2	1	1/8		1/8	1		1	55	G3	3	80
9	7	9	7a	22	22	0.5	5/8	5/8	6/8	2	1	1/8		1/8	1		-1	53	F3	3	81
10	8	10	8a	45/2	45/2	0.5	0	0	6/8	2	1	1/8		1/8	1		4	52	E3	3	86
10	8	10	8a	45/2	45/2	1.0	0	0	6/8	1	1	1/4		1/4	1		0	72	C5	5	82
10	8	10	8a	23	23	0.5	1/8	1/8	6/8	2	1	1/8		1/8	1		2	50	D3	3	87
10	8	10	8a	47/2	47/2	0.5	1/4	1/4	6/8	2	1	1/8		1/8	1		0	48	C3	3	88
10	8	10	8a	24	24	0.5	3/8	3/8	6/8	2	1	1/8		1/8	1		3	57	A3	3	89
10	8	10	8a	24	24	0.5	3/8	3/8	6/8	1	1	1/8		1/8	1		-1	77	F5	5	83
10	8	10	8a	49/2	49/2	0.5	1/2	1/2	6/8	2	1	1/8		1/8	1		1	55	G3	3	90
10	8	10	8a	49/2	49/2	0.5	1/2	1/2	6/8	1	1	1/8		1/8	1		4	76	E5	5	84
10	8	10	8a	25	25	0.5	5/8	5/8	6/8	2	1	1/8		1/8	1		-1	53	F3	3	91
10	8	10	8a	25	25	0.5	5/8	5/8	6/8	1	1	1/8		1/8	1		2	74	D5	5	85
11	9	11	9a	51/2	51/2	0.5	0	0	6/8	2	1	1/8		1/8	1		4	52	E3	3	100
11	9	11	9a	51/2	51/2	0.5	0	0	6/8	1	1	1/8		1/8	1		0	72	C5	5	92
11	9	11	9a	26	26	0.5	1/8	1/8	6/8	2	1	1/8		1/8	1		2	50	D3	3	101
11	9	11	9a	26	26	0.5	1/8	1/8	6/8	1	1	1/8		1/8	1		2	74	D5	5	93
11	9	11	9a	53/2	53/2	0.5	1/4	1/4	6/8	2	1	1/8		1/8	1		0	48	C3	3	102
11	9	11	9a	53/2	53/2	0.5	1/4	1/4	6/8	1	1	1/8		1/8	1		4	76	E5	5	94
11	9	11	9a	27	27	0.5	3/8	3/8	6/8	2	1	1/8		1/8	1		2	50	D3	3	103
11	9	11	9a	27	27	0.5	3/8	3/8	6/8	1	1	1/8		1/8	1		-1	77	F5	5	95
11	9	11	9a	55/2	55/2	0.5	1/2	1/2	6/8	2	1	1/8		1/8	1		-2	46	Bb2	2	104
11	9	11	9a	55/2	55/2	0.25	1/2	1/2	6/8	1	1	1/16		1/16	1		-2	82	Bb5	5	96
11	9	11	9a	111/4	111/4	0.25	9/16	9/16	6/8	1	1	1/16		1/16	1		3	81	A5	5	97
11	9	11	9a	28	28	0.5	5/8	5/8	6/8	2	1	1/8		1/8	1		0	48	C3	3	105
11	9	11	9a	28	28	0.25	5/8	5/8	6/8	1	1	1/16		1/16	1		1	79	G5	5	98
11	9	11	9a	113/4	113/4	0.25	11/16	11/16	6/8	1	1	1/16		1/16	1		3	81	A5	5	99
12	10	12	10a	57/2	57/2	1.0	0	0	6/8	2	1	1/4		1/4	1		-1	41	F2	2	110
12	10	12	10a	57/2	57/2	0.5	0	0	6/8	1	1	1/8		1/8	1		-1	77	F5	5	106
12	10	12	10a	29	29	0.5	1/8	1/8	6/8	1	1	1/8		1/8	1		4	76	E5	5	107
12	10	12	10a	59/2	59/2	0.5	1/4	1/4	6/8	1	1	1/8		1/8	1		2	74	D5	5	108
12	10	12	10a	30	30	0.5	3/8	3/8	6/8	2	1	1/8		1/8	1		3	57	A3	3	111
12	10	12	10a	30	30	1.0	3/8	3/8	6/8	1	1	1/4		1/4	1		0	72	C5	5	109
12	10	12	10a	61/2	61/2	0.5	1/2	1/2	6/8	2	1	1/8		1/8	1		1	55	G3	3	112
12	10	12	10a	31	31	0.5	5/8	5/8	6/8	2	1	1/8		1/8	1		-1	53	F3	3	113
13	11	13	11a	63/2	63/2	0.5	0	0	6/8	2	1	1/8		1/8	1		4	52	E3	3	116
13	11	13	11a	63/2	63/2	1.0	0	0	6/8	1	1	1/4		1/4	1		0	72	C5	5	114
13	11	13	11a	32	32	0.5	1/8	1/8	6/8	2	1	1/8		1/8	1		2	50	D3	3	117
13	11	13	11a	65/2	65/2	0.5	1/4	1/4	6/8	2	1	1/8		1/8	1		0	48	C3	3	118
13	11	13	11a	33	33	0.5	3/8	3/8	6/8	2	1	1/8		1/8	1		3	57	A3	3	119
13	11	13	11a	33	33	1.0	3/8	3/8	6/8	1	1	1/4		1/4	1		0	72	C5	5	115
13	11	13	11a	67/2	67/2	0.5	1/2	1/2	6/8	2	1	1/8		1/8	1		1	55	G3	3	120
13	11	13	11a	34	34	0.5	5/8	5/8	6/8	2	1	1/8		1/8	1		-1	53	F3	3	121
14	12	14	12a	69/2	69/2	0.5	0	0	6/8	2	1	1/8		1/8	1		4	52	E3	3	126
14	12	14	12a	69/2	69/2	1.0	0	0	6/8	1	1	1/4		1/4	1		0	72	C5	5	122
14	12	14	12a	35	35	0.5	1/8	1/8	6/8	2	1	1/8		1/8	1		2	50	D3	3	127
14	12	14	12a	71/2	71/2	0.5	1/4	1/4	6/8	2	1	1/8		1/8	1		0	48	C3	3	128
14	12	14	12a	36	36	0.5	3/8	3/8	6/8	2	1	1/8		1/8	1		3	57	A3	3	129
14	12	14	12a	36	36	0.5	3/8	3/8	6/8	1	1	1/8		1/8	1		-1	77	F5	5	123
14	12	14	12a	73/2	73/2	0.5	1/2	1/2	6/8	2	1	1/8		1/8	1		1	55	G3	3	130
14	12	14	12a	73/2	73/2	0.5	1/2	1/2	6/8	1	1	1/8		1/8	1		4	76	E5	5	124
14	12	14	12a	37	37	0.5	5/8	5/8	6/8	2	1	1/8		1/8	1		-1	53	F3	3	131
14	12	14	12a	37	37	0.5	5/8	5/8	6/8	1	1	1/8		1/8	1		2	74	D5	5	125
15	13	15	13a	75/2	75/2	0.5	0	0	6/8	2	1	1/8		1/8	1		4	52	E3	3	140
15	13	15	13a	75/2	75/2	0.5	0	0	6/8	1	1	1/8		1/8	1		0	72	C5	5	132
15	13	15	13a	38	38	0.5	1/8	1/8	6/8	2	1	1/8		1/8	1		2	50	D3	3	141
15	13	15	13a	38	38	0.5	1/8	1/8	6/8	1	1	1/8		1/8	1		2	74	D5	5	133
15	13	15	13a	77/2	77/2	0.5	1/4	1/4	6/8	2	1	1/8		1/8	1		0	48	C3	3	142
15	13	15	13a	77/2	77/2	0.5	1/4	1/4	6/8	1	1	1/8		1/8	1		4	76	E5	5	134
15	13	15	13a	39	39	0.5	3/8	3/8	6/8	2	1	1/8		1/8	1		2	50	D3	3	143
15	13	15	13a	39	39	0.5	3/8	3/8	6/8	1	1	1/8		1/8	1		-1	77	F5	5	135
15	13	15	13a	79/2	79/2	0.5	1/2	1/2	6/8	2	1	1/8		1/8	1		-2	46	Bb2	2	144
15	13	15	13a	79/2	79/2	0.25	1/2	1/2	6/8	1	1	1/16		1/16	1		-2	82	Bb5	5	136
15	13	15	13a	159/4	159/4	0.25	9/16	9/16	6/8	1	1	1/16		1/16	1		3	81	A5	5	137
15	13	15	13a	40	40	0.5	5/8	5/8	6/8	2	1	1/8		1/8	1		0	48	C3	3	145
15	13	15	13a	40	40	0.25	5/8	5/8	6/8	1	1	1/16		1/16	1		1	79	G5	5	138
15	13	15	13a	161/4	161/4	0.25	11/16	11/16	6/8	1	1	1/16		1/16	1		3	81	A5	5	139
16	14	16	14a	81/2	81/2	1.0	0	0	6/8	2	1	1/4		1/4	1		-1	41	F2	2	147
16	14	16	14a	81/2	81/2	1.0	0	0	6/8	1	1	1/4		1/4	1		-1	77	F5	5	146
1	0	17	14a	42	0	1.0	0	3/8	6/8	2	2	1/4		1/4	1		-1	41	F2	2	6
1	0	17	14a	42	0	0.5	0	3/8	6/8	2	1	1/8		1/8	1		3	57	A3	3	3
1	0	17	14a	42	0	0.5	0	3/8	6/8	1	1	1/8		1/8	1		-1	77	F5	5	0
1	0	17	14a	85/2	1/2	0.5	1/8	1/2	6/8	2	1	1/8		1/8	1		1	55	G3	3	4
1	0	17	14a	85/2	1/2	0.5	1/8	1/2	6/8	1	1	1/8		1/8	1		4	76	E5	5	1
1	0	17	14a	43	1	0.5	1/4	5/8	6/8	2	1	1/8		1/8	1		-2	58	Bb3	3	5
1	0	17	14a	43	1	0.5	1/4	5/8	6/8	1	1	1/8		1/8	1		2	74	D5	5	2
2	1	18	1b	87/2	3/2	1.0	0	0	6/8	2	2	1/4		1/4	1		-1	41	F2	2	19
2	1	18	1b	87/2	3/2	0.5	0	0	6/8	2	1	1/8		1/8	1		3	57	A3	3	13
2	1	18	1b	87/2	3/2	0.5	0	0	6/8	1	1	1/8		1/8	1		0	72	C5	5	7
2	1	18	1b	44	2	0.5	1/8	1/8	6/8	2	1	1/8		1/8	1		-2	58	Bb3	3	14
2	1	18	1b	44	2	0.5	1/8	1/8	6/8	1	1	1/8		1/8	1		2	74	D5	5	8
2	1	18	1b	89/2	5/2	0.5	1/4	1/4	6/8	2	1	1/8		1/8	1		1	55	G3	3	15
2	1	18	1b	89/2	5/2	0.5	1/4	1/4	6/8	1	1	1/8		1/8	1		4	76	E5	5	9
2	1	18	1b	45	3	1.0	3/8	3/8	6/8	2	2	1/4		1/4	1		-1	41	F2	2	20
2	1	18	1b	45	3	0.5	3/8	3/8	6/8	2	1	1/8		1/8	1		3	57	A3	3	16
2	1	18	1b	45	3	0.5	3/8	3/8	6/8	1	1	1/8		1/8	1		-1	77	F5	5	10
2	1	18	1b	91/2	7/2	0.5	1/2	1/2	6/8	2	1	1/8		1/8	1		1	55	G3	3	17
2	1	18	1b	91/2	7/2	0.5	1/2	1/2	6/8	1	1	1/8		1/8	1		4	76	E5	5	11
2	1	18	1b	46	4	0.5	5/8	5/8	6/8	2	1	1/8		1/8	1		-2	58	Bb3	3	18
2	1	18	1b	46	4	0.5	5/8	5/8	6/8	1	1	1/8		1/8	1		2	74	D5	5	12
3	2	19	2b	93/2	9/2	1.0	0	0	6/8	2	2	1/4		1/4	1		-1	41	F2	2	31
3	2	19	2b	93/2	9/2	0.5	0	0	6/8	2	1	1/8		1/8	1		3	57	A3	3	25
3	2	19	2b	93/2	9/2	1.0	0	0	6/8	1	1	1/4		1/4	1		0	72	C5	5	21
3	2	19	2b	47	5	0.5	1/8	1/8	6/8	2	1	1/8		1/8	1		1	55	G3	3	26
3	2	19	2b	95/2	11/2	0.5	1/4	1/4	6/8	2	1	1/8		1/8	1		-1	53	F3	3	27
3	2	19	2b	48	6	0.5	3/8	3/8	6/8	2	1	1/8		1/8	1		-2	58	Bb3	3	28
3	2	19	2b	48	6	0.5	3/8	3/8	6/8	1	1	1/8		1/8	1		2	74	D5	5	22
3	2	19	2b	97/2	13/2	0.5	1/2	1/2	6/8	2	1	1/8		1/8	1		3	57	A3	3	29
3	2	19	2b	97/2	13/2	0.5	1/2	1/2	6/8	1	1	1/8		1/8	1		0	72	C5	5	23
3	2	19	2b	49	7	0.5	5/8	5/8	6/8	2	1	1/8		1/8	1		1	55	G3	3	30
3	2	19	2b	49	7	0.5	5/8	5/8	6/8	1	1	1/8		1/8	1		-2	70	Bb4	4	24
4	3	20	3b	99/2	15/2	0.5	0	0	6/8	2	1	1/8		1/8	1		-1	53	F3	3	38
4	3	20	3b	99/2	15/2	0.5	0	0	6/8	1	1	1/8		1/8	1		3	69	A4	4	32
4	3	20	3b	50	8	0.5	1/8	1/8	6/8	2	1	1/8		1/8	1		1	55	G3	3	39
4	3	20	3b	50	8	0.5	1/8	1/8	6/8	1	1	1/8		1/8	1		-2	70	Bb4	4	33
4	3	20	3b	101/2	17/2	0.5	1/4	1/4	6/8	2	1	1/8		1/8	1		3	57	A3	3	40
4	3	20	3b	101/2	17/2	0.5	1/4	1/4	6/8	1	1	1/8		1/8	1		0	72	C5	5	34
4	3	20	3b	51	9	0.5	3/8	3/8	6/8	2	1	1/8		1/8	1		-2	58	Bb3	3	41
4	3	20	3b	51	9	0.5	3/8	3/8	6/8	1	1	1/8		1/8	1		2	74	D5	5	35
4	3	20	3b	103/2	19/2	0.5	1/2	1/2	6/8	2	1	1/8		1/8	1		3	57	A3	3	42
4	3	20	3b	103/2	19/2	0.5	1/2	1/2	6/8	1	1	1/8		1/8	1		0	72	C5	5	36
4	3	20	3b	52	10	0.5	5/8	5/8	6/8	2	1	1/8		1/8	1		1	55	G3	3	43
4	3	20	3b	52	10	0.5	5/8	5/8	6/8	1	1	1/8		1/8	1		-2	70	Bb4	4	37
5	4	21	4b	105/2	21/2	1.0	0	0	6/8	2	1	1/4		1/4	1		-1	53	F3	3	46
5	4	21	4b	105/2	21/2	1.0	0	0	6/8	1	1	1/4		1/4	1		0	72	C5	5	44
5	4	21	4b	107/2	23/2	0.5	1/4	1/4	6/8	2	1	1/8		1/8	1		-1	41	F2	2	47
5	4	21	4b	107/2	23/2	0.5	1/4	1/4	6/8	1	1	1/8		1/8	1		-1	65	F4	4	45
6	4	22	4b	54	12	0.5	0	3/8	6/8	2	1	1/8		1/8	1		-1	65	F4	4	51
6	4	22	4b	54	12	0.5	0	3/8	6/8	1	1	1/8		1/8	1		3	81	A5	5	48
6	4	22	4b	109/2	25/2	0.5	1/8	1/2	6/8	2	1	1/8		1/8	1		4	64	E4	4	52
6	4	22	4b	109/2	25/2	0.5	1/8	1/2	6/8	1	1	1/8		1/8	1		1	79	G5	5	49
6	4	22	4b	55	13	0.5	1/4	5/8	6/8	2	1	1/8		1/8	1		2	62	D4	4	53
6	4	22	4b	55	13	0.5	1/4	5/8	6/8	1	1	1/8		1/8	1		-1	77	F5	5	50
7	5	23	5b	111/2	27/2	0.5	0	0	6/8	2	1	1/8		1/8	1		0	60	C4	4	60
7	5	23	5b	111/2	27/2	0.5	0	0	6/8	1	1	1/8		1/8	1		4	76	E5	5	54
7	5	23	5b	56	14	0.5	1/8	1/8	6/8	2	1	1/8		1/8	1		2	62	D4	4	61
7	5	23	5b	56	14	0.5	1/8	1/8	6/8	1	1	1/8		1/8	1		2	74	D5	5	55
7	5	23	5b	113/2	29/2	0.5	1/4	1/4	6/8	2	1	1/8		1/8	1		4	64	E4	4	62
7	5	23	5b	113/2	29/2	0.5	1/4	1/4	6/8	1	1	1/8		1/8	1		0	72	C5	5	56
7	5	23	5b	57	15	0.5	3/8	3/8	6/8	2	1	1/8		1/8	1		-1	65	F4	4	63
7	5	23	5b	57	15	0.5	3/8	3/8	6/8	1	1	1/8		1/8	1		3	81	A5	5	57
7	5	23	5b	115/2	31/2	0.5	1/2	1/2	6/8	2	1	1/8		1/8	1		4	64	E4	4	64
7	5	23	5b	115/2	31/2	0.5	1/2	1/2	6/8	1	1	1/8		1/8	1		1	79	G5	5	58
7	5	23	5b	58	16	0.5	5/8	5/8	6/8	2	1	1/8		1/8	1		2	62	D4	4	65
7	5	23	5b	58	16	0.5	5/8	5/8	6/8	1	1	1/8		1/8	1		-1	77	F5	5	59
8	6	24	6b	117/2	33/2	1.5	0	0	6/8	2	1	3/8		1/4	3/2		0	60	C4	4	70
8	6	24	6b	117/2	33/2	0.5	0	0	6/8	1	1	1/8		1/8	1		4	76	E5	5	66
8	6	24	6b	59	17	0.5	1/8	1/8	6/8	1	1	1/8		1/8	1		2	74	D5	5	67
8	6	24	6b	119/2	35/2	0.5	1/4	1/4	6/8	1	1	1/8		1/8	1		0	72	C5	5	68
8	6	24	6b	60	18	0.5	3/8	3/8	6/8	2	1	1/8		1/8	1		3	57	A3	3	71
8	6	24	6b	60	18	1.0	3/8	3/8	6/8	1	1	1/4		1/4	1		0	72	C5	5	69
8	6	24	6b	121/2	37/2	0.5	1/2	1/2	6/8	2	1	1/8		1/8	1		1	55	G3	3	72
8	6	24	6b	61	19	0.5	5/8	5/8	6/8	2	1	1/8		1/8	1		-1	53	F3	3	73
9	7	25	7b	123/2	39/2	0.5	0	0	6/8	2	1	1/8		1/8	1		4	52	E3	3	76
9	7	25	7b	123/2	39/2	1.0	0	0	6/8	1	1	1/4		1/4	1		0	72	C5	5	74
9	7	25	7b	62	20	0.5	1/8	1/8	6/8	2	1	1/8		1/8	1		2	50	D3	3	77
9	7	25	7b	125/2	41/2	0.5	1/4	1/4	6/8	2	1	1/8		1/8	1		0	48	C3	3	78
9	7	25	7b	63	21	0.5	3/8	3/8	6/8	2	1	1/8		1/8	1		3	57	A3	3	79
9	7	25	7b	63	21	1.0	3/8	3/8	6/8	1	1	1/4		1/4	1		0	72	C5	5	75
9	7	25	7b	127/2	43/2	0.5	1/2	1/2	6/8	2	1	1/8		1/8	1		1	55	G3	3	80
9	7	25	7b	64	22	0.5	5/8	5/8	6/8	2	1	1/8		1/8	1		-1	53	F3	3	81
10	8	26	8b	129/2	45/2	0.5	0	0	6/8	2	1	1/8		1/8	1		4	52	E3	3	86
10	8	26	8b	129/2	45/2	1.0	0	0	6/8	1	1	1/4		1/4	1		0	72	C5	5	82
10	8	26	8b	65	23	0.5	1/8	1/8	6/8	2	1	1/8		1/8	1		2	50	D3	3	87
10	8	26	8b	131/2	47/2	0.5	1/4	1/4	6/8	2	1	1/8		1/8	1		0	48	C3	3	88
10	8	26	8b	66	24	0.5	3/8	3/8	6/8	2	1	1/8		1/8	1		3	57	A3	3	89
10	8	26	8b	66	24	0.5	3/8	3/8	6/8	1	1	1/8		1/8	1		-1	77	F5	5	83
10	8	26	8b	133/2	49/2	0.5	1/2	1/2	6/8	2	1	1/8		1/8	1		1	55	G3	3	90
10	8	26	8b	133/2	49/2	0.5	1/2	1/2	6/8	1	1	1/8		1/8	1		4	76	E5	5	84
10	8	26	8b	67	25	0.5	5/8	5/8	6/8	2	1	1/8		1/8	1		-1	53	F3	3	91
10	8	26	8b	67	25	0.5	5/8	5/8	6/8	1	1	1/8		1/8	1		2	74	D5	5	85
11	9	27	9b	135/2	51/2	0.5	0	0	6/8	2	1	1/8		1/8	1		4	52	E3	3	100
11	9	27	9b	135/2	51/2	0.5	0	0	6/8	1	1	1/8		1/8	1		0	72	C5	5	92
11	9	27	9b	68	26	0.5	1/8	1/8	6/8	2	1	1/8		1/8	1		2	50	D3	3	101
11	9	27	9b	68	26	0.5	1/8	1/8	6/8	1	1	1/8		1/8	1		2	74	D5	5	93
11	9	27	9b	137/2	53/2	0.5	1/4	1/4	6/8	2	1	1/8		1/8	1		0	48	C3	3	102
11	9	27	9b	137/2	53/2	0.5	1/4	1/4	6/8	1	1	1/8		1/8	1		4	76	E5	5	94
11	9	27	9b	69	27	0.5	3/8	3/8	6/8	2	1	1/8		1/8	1		2	50	D3	3	103
11	9	27	9b	69	27	0.5	3/8	3/8	6/8	1	1	1/8		1/8	1		-1	77	F5	5	95
11	9	27	9b	139/2	55/2	0.5	1/2	1/2	6/8	2	1	1/8		1/8	1		-2	46	Bb2	2	104
11	9	27	9b	139/2	55/2	0.25	1/2	1/2	6/8	1	1	1/16		1/16	1		-2	82	Bb5	5	96
11	9	27	9b	279/4	111/4	0.25	9/16	9/16	6/8	1	1	1/16		1/16	1		3	81	A5	5	97
11	9	27	9b	70	28	0.5	5/8	5/8	6/8	2	1	1/8		1/8	1		0	48	C3	3	105
11	9	27	9b	70	28	0.25	5/8	5/8	6/8	1	1	1/16		1/16	1		1	79	G5	5	98
11	9	27	9b	281/4	113/4	0.25	11/16	11/16	6/8	1	1	1/16		1/16	1		3	81	A5	5	99
12	10	28	10b	141/2	57/2	1.0	0	0	6/8	2	1	1/4		1/4	1		-1	41	F2	2	110
12	10	28	10b	141/2	57/2	0.5	0	0	6/8	1	1	1/8		1/8	1		-1	77	F5	5	106
12	10	28	10b	71	29	0.5	1/8	1/8	6/8	1	1	1/8		1/8	1		4	76	E5	5	107
12	10	28	10b	143/2	59/2	0.5	1/4	1/4	6/8	1	1	1/8		1/8	1		2	74	D5	5	108
12	10	28	10b	72	30	0.5	3/8	3/8	6/8	2	1	1/8		1/8	1		3	57	A3	3	111
12	10	28	10b	72	30	1.0	3/8	3/8	6/8	1	1	1/4		1/4	1		0	72	C5	5	109
12	10	28	10b	145/2	61/2	0.5	1/2	1/2	6/8	2	1	1/8		1/8	1		1	55	G3	3	112
12	10	28	10b	73	31	0.5	5/8	5/8	6/8	2	1	1/8		1/8	1		-1	53	F3	3	113
13	11	29	11b	147/2	63/2	0.5	0	0	6/8	2	1	1/8		1/8	1		4	52	E3	3	116
13	11	29	11b	147/2	63/2	1.0	0	0	6/8	1	1	1/4		1/4	1		0	72	C5	5	114
13	11	29	11b	74	32	0.5	1/8	1/8	6/8	2	1	1/8		1/8	1		2	50	D3	3	117
13	11	29	11b	149/2	65/2	0.5	1/4	1/4	6/8	2	1	1/8		1/8	1		0	48	C3	3	118
13	11	29	11b	75	33	0.5	3/8	3/8	6/8	2	1	1/8		1/8	1		3	57	A3	3	119
13	11	29	11b	75	33	1.0	3/8	3/8	6/8	1	1	1/4		1/4	1		0	72	C5	5	115
13	11	29	11b	151/2	67/2	0.5	1/2	1/2	6/8	2	1	1/8		1/8	1		1	55	G3	3	120
13	11	29	11b	76	34	0.5	5/8	5/8	6/8	2	1	1/8		1/8	1		-1	53	F3	3	121
14	12	30	12b	153/2	69/2	0.5	0	0	6/8	2	1	1/8		1/8	1		4	52	E3	3	126
14	12	30	12b	153/2	69/2	1.0	0	0	6/8	1	1	1/4		1/4	1		0	72	C5	5	122
14	12	30	12b	77	35	0.5	1/8	1/8	6/8	2	1	1/8		1/8	1		2	50	D3	3	127
14	12	30	12b	155/2	71/2	0.5	1/4	1/4	6/8	2	1	1/8		1/8	1		0	48	C3	3	128
14	12	30	12b	78	36	0.5	3/8	3/8	6/8	2	1	1/8		1/8	1		3	57	A3	3	129
14	12	30	12b	78	36	0.5	3/8	3/8	6/8	1	1	1/8		1/8	1		-1	77	F5	5	123
14	12	30	12b	157/2	73/2	0.5	1/2	1/2	6/8	2	1	1/8		1/8	1		1	55	G3	3	130
14	12	30	12b	157/2	73/2	0.5	1/2	1/2	6/8	1	1	1/8		1/8	1		4	76	E5	5	124
14	12	30	12b	79	37	0.5	5/8	5/8	6/8	2	1	1/8		1/8	1		-1	53	F3	3	131
14	12	30	12b	79	37	0.5	5/8	5/8	6/8	1	1	1/8		1/8	1		2	74	D5	5	125
15	13	31	13b	159/2	75/2	0.5	0	0	6/8	2	1	1/8		1/8	1		4	52	E3	3	140
15	13	31	13b	159/2	75/2	0.5	0	0	6/8	1	1	1/8		1/8	1		0	72	C5	5	132
15	13	31	13b	80	38	0.5	1/8	1/8	6/8	2	1	1/8		1/8	1		2	50	D3	3	141
15	13	31	13b	80	38	0.5	1/8	1/8	6/8	1	1	1/8		1/8	1		2	74	D5	5	133
15	13	31	13b	161/2	77/2	0.5	1/4	1/4	6/8	2	1	1/8		1/8	1		0	48	C3	3	142
15	13	31	13b	161/2	77/2	0.5	1/4	1/4	6/8	1	1	1/8		1/8	1		4	76	E5	5	134
15	13	31	13b	81	39	0.5	3/8	3/8	6/8	2	1	1/8		1/8	1		2	50	D3	3	143
15	13	31	13b	81	39	0.5	3/8	3/8	6/8	1	1	1/8		1/8	1		-1	77	F5	5	135
15	13	31	13b	163/2	79/2	0.5	1/2	1/2	6/8	2	1	1/8		1/8	1		-2	46	Bb2	2	144
15	13	31	13b	163/2	79/2	0.25	1/2	1/2	6/8	1	1	1/16		1/16	1		-2	82	Bb5	5	136
15	13	31	13b	327/4	159/4	0.25	9/16	9/16	6/8	1	1	1/16		1/16	1		3	81	A5	5	137
15	13	31	13b	82	40	0.5	5/8	5/8	6/8	2	1	1/8		1/8	1		0	48	C3	3	145
15	13	31	13b	82	40	0.25	5/8	5/8	6/8	1	1	1/16		1/16	1		1	79	G5	5	138
15	13	31	13b	329/4	161/4	0.25	11/16	11/16	6/8	1	1	1/16		1/16	1		3	81	A5	5	139
16	14	32	14b	165/2	81/2	1.0	0	0	6/8	2	1	1/4		1/4	1		-1	41	F2	2	147
16	14	32	14b	165/2	81/2	1.0	0	0	6/8	1	1	1/4		1/4	1		-1	77	F5	5	146
17	14	33	14b	84	42	0.5	0	3/8	6/8	2	1	1/8		1/8	1		3	57	A3	3	149
17	14	33	14b	84	42	1.0	0	3/8	6/8	1	1	1/4		1/4	1		-1	65	F4	4	148
17	14	33	14b	169/2	85/2	0.5	1/8	1/2	6/8	2	1	1/8		1/8	1		-2	58	Bb3	3	150
17	14	33	14b	85	43	0.5	1/4	5/8	6/8	2	1	1/8		1/8	1		1	55	G3	3	151
18	15	34	15a	171/2	87/2	0.5	0	0	6/8	2	1	1/8		1/8	1		3	57	A3	3	156
18	15	34	15a	171/2	87/2	1.0	0	0	6/8	1	1	1/4		1/4	1		-1	65	F4	4	152
18	15	34	15a	86	44	0.5	1/8	1/8	6/8	2	1	1/8		1/8	1		-2	58	Bb3	3	157
18	15	34	15a	173/2	89/2	0.5	1/4	1/4	6/8	2	1	1/8		1/8	1		1	55	G3	3	158
18	15	34	15a	87	45	0.5	3/8	3/8	6/8	2	1	1/8		1/8	1		3	57	A3	3	159
18	15	34	15a	87	45	0.5	3/8	3/8	6/8	1	1	1/8		1/8	1		0	72	C5	5	153
18	15	34	15a	175/2	91/2	0.5	1/2	1/2	6/8	2	1	1/8		1/8	1		-2	58	Bb3	3	160
18	15	34	15a	175/2	91/2	0.5	1/2	1/2	6/8	1	1	1/8		1/8	1		2	74	D5	5	154
18	15	34	15a	88	46	0.5	5/8	5/8	6/8	2	1	1/8		1/8	1		1	55	G3	3	161
18	15	34	15a	88	46	0.5	5/8	5/8	6/8	1	1	1/8		1/8	1		-2	70	Bb4	4	155
19	16	35	16a	177/2	93/2	1.0	0	0	6/8	2	1	1/4		1/4	1		3	57	A3	3	168
19	16	35	16a	177/2	93/2	0.25	0	0	6/8	1	1	1/16		1/16	1		0	72	C5	5	162
19	16	35	16a	355/4	187/4	0.25	1/16	1/16	6/8	1	1	1/16		1/16	1		-2	70	Bb4	4	163
19	16	35	16a	89	47	0.25	1/8	1/8	6/8	1	1	1/16		1/16	1		3	69	A4	4	164
19	16	35	16a	357/4	189/4	0.25	3/16	3/16	6/8	1	1	1/16		1/16	1		1	67	G4	4	165
19	16	35	16a	179/2	95/2	0.5	1/4	1/4	6/8	2	1	1/8		1/8	1		3	45	A2	2	169
19	16	35	16a	179/2	95/2	0.5	1/4	1/4	6/8	1	1	1/8		1/8	1		-1	65	F4	4	166
19	16	35	16a	90	48	0.5	3/8	3/8	6/8	2	1	1/8		1/8	1		3	57	A3	3	170
19	16	35	16a	90	48	1.0	3/8	3/8	6/8	1	1	1/4		1/4	1		-1	77	F5	5	167
19	16	35	16a	181/2	97/2	0.5	1/2	1/2	6/8	2	1	1/8		1/8	1		1	55	G3	3	171
19	16	35	16a	91	49	0.5	5/8	5/8	6/8	2	1	1/8		1/8	1		-1	53	F3	3	172
20	17	36	17a	183/2	99/2	0.5	0	0	6/8	2	1	1/8		1/8	1		0	60	C4	4	175
20	17	36	17a	183/2	99/2	1.0	0	0	6/8	1	1	1/4		1/4	1		4	76	E5	5	173
20	17	36	17a	92	50	0.5	1/8	1/8	6/8	2	1	1/8		1/8	1		2	62	D4	4	176
20	17	36	17a	185/2	101/2	0.5	1/4	1/4	6/8	2	1	1/8		1/8	1		4	64	E4	4	177
20	17	36	17a	93	51	0.5	3/8	3/8	6/8	2	1	1/8		1/8	1		-1	65	F4	4	178
20	17	36	17a	93	51	1.0	3/8	3/8	6/8	1	1	1/4		1/4	1		2	74	D5	5	174
20	17	36	17a	187/2	103/2	0.5	1/2	1/2	6/8	2	1	1/8		1/8	1		1	67	G4	4	179
20	17	36	17a	94	52	0.5	5/8	5/8	6/8	2	1	1/8		1/8	1		-1	65	F4	4	180
21	18	37	18a	189/2	105/2	0.5	0	0	6/8	2	1	1/8		1/8	1		4	64	E4	4	187
21	18	37	18a	189/2	105/2	0.5	0	0	6/8	1	1	1/8		1/8	1		0	72	C5	5	181
21	18	37	18a	95	53	0.5	1/8	1/8	6/8	2	1	1/8		1/8	1		-1	65	F4	4	188
21	18	37	18a	95	53	0.5	1/8	1/8	6/8	1	1	1/8		1/8	1		2	74	D5	5	182
21	18	37	18a	191/2	107/2	0.5	1/4	1/4	6/8	2	1	1/8		1/8	1		4	64	E4	4	189
21	18	37	18a	191/2	107/2	0.5	1/4	1/4	6/8	1	1	1/8		1/8	1		4	76	E5	5	183
21	18	37	18a	96	54	0.5	3/8	3/8	6/8	2	1	1/8		1/8	1		2	62	D4	4	190
21	18	37	18a	96	54	0.5	3/8	3/8	6/8	1	1	1/8		1/8	1		-1	77	F5	5	184
21	18	37	18a	193/2	109/2	0.5	1/2	1/2	6/8	2	1	1/8		1/8	1		4	64	E4	4	191
21	18	37	18a	193/2	109/2	0.5	1/2	1/2	6/8	1	1	1/8		1/8	1		1	79	G5	5	185
21	18	37	18a	97	55	0.5	5/8	5/8	6/8	2	1	1/8		1/8	1		2	62	D4	4	192
21	18	37	18a	97	55	0.5	5/8	5/8	6/8	1	1	1/8		1/8	1		-1	77	F5	5	186
22	19	38	19a	195/2	111/2	1.0	0	0	6/8	2	1	1/4		1/4	1		0	60	C4	4	199
22	19	38	19a	195/2	111/2	0.5	0	0	6/8	1	1	1/8		1/8	1		4	76	E5	5	193
22	19	38	19a	98	56	0.5	1/8	1/8	6/8	1	1	1/8		1/8	1		-1	77	F5	5	194
22	19	38	19a	197/2	113/2	0.5	1/4	1/4	6/8	2	1	1/8		1/8	1		-1	53	F3	3	200
22	19	38	19a	197/2	113/2	0.5	1/4	1/4	6/8	1	1	1/8		1/8	1		4	76	E5	5	195
22	19	38	19a	99	57	0.0	3/8	3/8	6/8	1	1	0	grace16after	1/16	1		2	74	D5	5	196
22	19	38	19a	99	57	0.0	3/8	3/8	6/8	1	1	0	grace16after	1/16	1		0	72	C5	5	197
22	19	38	19a	99	57	1.0	3/8	3/8	6/8	2	1	1/4		1/4	1		1	55	G3	3	201
22	19	38	19a	99	57	1.5	3/8	3/8	6/8	1	1	3/8		1/4	3/2		2	74	D5	5	198
22	19	38	19a	100	58	0.5	5/8	5/8	6/8	2	1	1/8		1/8	1		1	43	G2	2	202
23	20	39	20a	201/2	117/2	0.5	0	0	6/8	2	1	1/8		1/8	1		0	48	C3	3	205
23	20	39	20a	201/2	117/2	1.0	0	0	6/8	1	1	1/4		1/4	1		0	72	C5	5	203
23	20	39	20a	101	59	0.5	1/8	1/8	6/8	2	1	1/8		1/8	1		0	60	C4	4	206
23	20	39	20a	203/2	119/2	0.5	1/4	1/4	6/8	2	1	1/8		1/8	1		-2	58	Bb3	3	207
23	20	39	20a	102	60	0.5	3/8	3/8	6/8	2	1	1/8		1/8	1		3	57	A3	3	208
23	20	39	20a	102	60	1.0	3/8	3/8	6/8	1	1	1/4		1/4	1		0	84	C6	6	204
23	20	39	20a	205/2	121/2	0.5	1/2	1/2	6/8	2	1	1/8		1/8	1		1	55	G3	3	209
23	20	39	20a	103	61	0.5	5/8	5/8	6/8	2	1	1/8		1/8	1		-1	53	F3	3	210
24	21	40	21a	207/2	123/2	0.5	0	0	6/8	2	1	1/8		1/8	1		4	52	E3	3	215
24	21	40	21a	207/2	123/2	1.0	0	0	6/8	1	1	1/4		1/4	1		-2	82	Bb5	5	211
24	21	40	21a	104	62	0.5	1/8	1/8	6/8	2	1	1/8		1/8	1		2	50	D3	3	216
24	21	40	21a	209/2	125/2	0.5	1/4	1/4	6/8	2	1	1/8		1/8	1		0	48	C3	3	217
24	21	40	21a	105	63	1.0	3/8	3/8	6/8	2	1	1/4		1/4	1		0	60	C4	4	218
24	21	40	21a	105	63	0.5	3/8	3/8	6/8	1	1	1/8		1/8	1		3	81	A5	5	212
24	21	40	21a	211/2	127/2	0.5	1/2	1/2	6/8	1	1	1/8		1/8	1		-2	82	Bb5	5	213
24	21	40	21a	106	64	0.5	5/8	5/8	6/8	1	1	1/8		1/8	1		3	81	A5	5	214
25	22	41	22a	213/2	129/2	1.0	0	0	6/8	2	1	1/4		1/4	1		-2	58	Bb3	3	225
25	22	41	22a	213/2	129/2	0.5	0	0	6/8	1	1	1/8		1/8	1		1	79	G5	5	219
25	22	41	22a	107	65	0.5	1/8	1/8	6/8	1	1	1/8		1/8	1		3	81	A5	5	220
25	22	41	22a	215/2	131/2	0.5	1/4	1/4	6/8	1	1	1/8		1/8	1		-2	82	Bb5	5	221
25	22	41	22a	108	66	0.5	3/8	3/8	6/8	2	1	1/8		1/8	1		3	57	A3	3	226
25	22	41	22a	108	66	0.5	3/8	3/8	6/8	1	1	1/8		1/8	1		0	84	C6	6	222
25	22	41	22a	217/2	133/2	0.5	1/2	1/2	6/8	2	1	1/8		1/8	1		-2	58	Bb3	3	227
25	22	41	22a	217/2	133/2	0.5	1/2	1/2	6/8	1	1	1/8		1/8	1		2	86	D6	6	223
25	22	41	22a	109	67	0.5	5/8	5/8	6/8	2	1	1/8		1/8	1		3	57	A3	3	228
25	22	41	22a	109	67	0.5	5/8	5/8	6/8	1	1	1/8		1/8	1		0	84	C6	6	224
26	23	42	23a	219/2	135/2	0.5	0	0	6/8	2	1	1/8		1/8	1		1	55	G3	3	235
26	23	42	23a	219/2	135/2	0.5	0	0	6/8	1	1	1/8		1/8	1		-2	82	Bb5	5	229
26	23	42	23a	110	68	0.5	1/8	1/8	6/8	2	1	1/8		1/8	1		3	57	A3	3	236
26	23	42	23a	110	68	0.5	1/8	1/8	6/8	1	1	1/8		1/8	1		0	84	C6	6	230
26	23	42	23a	221/2	137/2	0.5	1/4	1/4	6/8	2	1	1/8		1/8	1		1	55	G3	3	237
26	23	42	23a	221/2	137/2	0.5	1/4	1/4	6/8	1	1	1/8		1/8	1		-2	82	Bb5	5	231
26	23	42	23a	111	69	1.0	3/8	3/8	6/8	2	1	1/4		1/4	1		-1	53	F3	3	238
26	23	42	23a	111	69	0.5	3/8	3/8	6/8	1	1	1/8		1/8	1		3	81	A5	5	232
26	23	42	23a	223/2	139/2	0.5	1/2	1/2	6/8	1	1	1/8		1/8	1		-2	82	Bb5	5	233
26	23	42	23a	112	70	0.5	5/8	5/8	6/8	2	1	1/8		1/8	1		-1	65	F4	4	239
26	23	42	23a	112	70	0.5	5/8	5/8	6/8	1	1	1/8		1/8	1		3	81	A5	5	234
27	24	43	24a	225/2	141/2	0.5	0	0	6/8	2	1	1/8		1/8	1		4	64	E4	4	244
27	24	43	24a	225/2	141/2	1.0	0	0	6/8	1	1	1/4		1/4	1		1	79	G5	5	240
27	24	43	24a	113	71	0.5	1/8	1/8	6/8	2	1	1/8		1/8	1		-1	65	F4	4	245
27	24	43	24a	227/2	143/2	0.5	1/4	1/4	6/8	2	1	1/8		1/8	1		4	64	E4	4	246
27	24	43	24a	114	72	0.5	3/8	3/8	6/8	2	1	1/8		1/8	1		2	62	D4	4	247
27	24	43	24a	114	72	0.5	3/8	3/8	6/8	1	1	1/8		1/8	1		-1	77	F5	5	241
27	24	43	24a	229/2	145/2	0.5	1/2	1/2	6/8	2	1	1/8		1/8	1		0	60	C4	4	248
27	24	43	24a	229/2	145/2	0.5	1/2	1/2	6/8	1	1	1/8		1/8	1		4	76	E5	5	242
27	24	43	24a	115	73	0.5	5/8	5/8	6/8	2	1	1/8		1/8	1		-2	58	Bb3	3	249
27	24	43	24a	115	73	0.5	5/8	5/8	6/8	1	1	1/8		1/8	1		2	74	D5	5	243
28	25	44	25a	231/2	147/2	0.5	0	0	6/8	2	1	1/8		1/8	1		3	57	A3	3	256
28	25	44	25a	231/2	147/2	0.5	0	0	6/8	1	1	1/8		1/8	1		0	72	C5	5	250
28	25	44	25a	116	74	0.5	1/8	1/8	6/8	2	1	1/8		1/8	1		-2	58	Bb3	3	257
28	25	44	25a	116	74	0.5	1/8	1/8	6/8	1	1	1/8		1/8	1		2	74	D5	5	251
28	25	44	25a	233/2	149/2	0.5	1/4	1/4	6/8	2	1	1/8		1/8	1		0	60	C4	4	258
28	25	44	25a	233/2	149/2	0.5	1/4	1/4	6/8	1	1	1/8		1/8	1		4	76	E5	5	252
28	25	44	25a	117	75	0.5	3/8	3/8	6/8	2	1	1/8		1/8	1		2	62	D4	4	259
28	25	44	25a	117	75	0.5	3/8	3/8	6/8	1	1	1/8		1/8	1		-1	77	F5	5	253
28	25	44	25a	235/2	151/2	0.5	1/2	1/2	6/8	2	1	1/8		1/8	1		0	60	C4	4	260
28	25	44	25a	235/2	151/2	0.5	1/2	1/2	6/8	1	1	1/8		1/8	1		4	76	E5	5	254
28	25	44	25a	118	76	0.5	5/8	5/8	6/8	2	1	1/8		1/8	1		-2	58	Bb3	3	261
28	25	44	25a	118	76	0.5	5/8	5/8	6/8	1	1	1/8		1/8	1		2	74	D5	5	255
29	26	45	26a	237/2	153/2	0.5	0	0	6/8	2	1	1/8		1/8	1		3	57	A3	3	266
29	26	45	26a	237/2	153/2	1.0	0	0	6/8	1	1	1/4		1/4	1		0	72	C5	5	262
29	26	45	26a	119	77	0.5	1/8	1/8	6/8	2	1	1/8		1/8	1		1	55	G3	3	267
29	26	45	26a	239/2	155/2	0.5	1/4	1/4	6/8	2	1	1/8		1/8	1		-1	53	F3	3	268
29	26	45	26a	120	78	0.5	3/8	3/8	6/8	2	1	1/8		1/8	1		-2	58	Bb3	3	269
29	26	45	26a	120	78	0.5	3/8	3/8	6/8	1	1	1/8		1/8	1		2	74	D5	5	263
29	26	45	26a	241/2	157/2	0.5	1/2	1/2	6/8	2	1	1/8		1/8	1		3	57	A3	3	270
29	26	45	26a	241/2	157/2	0.5	1/2	1/2	6/8	1	1	1/8		1/8	1		0	72	C5	5	264
29	26	45	26a	121	79	0.5	5/8	5/8	6/8	2	1	1/8		1/8	1		1	55	G3	3	271
29	26	45	26a	121	79	0.5	5/8	5/8	6/8	1	1	1/8		1/8	1		-2	70	Bb4	4	265
30	27	46	27a	243/2	159/2	0.5	0	0	6/8	2	1	1/8		1/8	1		-1	53	F3	3	278
30	27	46	27a	243/2	159/2	0.5	0	0	6/8	1	1	1/8		1/8	1		3	69	A4	4	272
30	27	46	27a	122	80	0.5	1/8	1/8	6/8	2	1	1/8		1/8	1		1	55	G3	3	279
30	27	46	27a	122	80	0.5	1/8	1/8	6/8	1	1	1/8		1/8	1		-2	70	Bb4	4	273
30	27	46	27a	245/2	161/2	0.5	1/4	1/4	6/8	2	1	1/8		1/8	1		3	57	A3	3	280
30	27	46	27a	245/2	161/2	0.5	1/4	1/4	6/8	1	1	1/8		1/8	1		0	72	C5	5	274
30	27	46	27a	123	81	0.5	3/8	3/8	6/8	2	1	1/8		1/8	1		-2	58	Bb3	3	281
30	27	46	27a	123	81	0.5	3/8	3/8	6/8	1	1	1/8		1/8	1		2	74	D5	5	275
30	27	46	27a	247/2	163/2	0.5	1/2	1/2	6/8	2	1	1/8		1/8	1		3	57	A3	3	282
30	27	46	27a	247/2	163/2	0.5	1/2	1/2	6/8	1	1	1/8		1/8	1		0	72	C5	5	276
30	27	46	27a	124	82	0.5	5/8	5/8	6/8	2	1	1/8		1/8	1		1	55	G3	3	283
30	27	46	27a	124	82	0.5	5/8	5/8	6/8	1	1	1/8		1/8	1		-2	70	Bb4	4	277
31	28	47	28a	249/2	165/2	1.0	0	0	6/8	2	1	1/4		1/4	1		-1	53	F3	3	286
31	28	47	28a	249/2	165/2	1.0	0	0	6/8	1	1	1/4		1/4	1		0	72	C5	5	284
31	28	47	28a	251/2	167/2	0.5	1/4	1/4	6/8	2	1	1/8		1/8	1		-1	41	F2	2	287
31	28	47	28a	251/2	167/2	0.5	1/4	1/4	6/8	1	1	1/8		1/8	1		-1	65	F4	4	285
17	14	48	28a	126	42	0.5	0	3/8	6/8	2	1	1/8		1/8	1		3	57	A3	3	149
17	14	48	28a	126	42	1.0	0	3/8	6/8	1	1	1/4		1/4	1		-1	65	F4	4	148
17	14	48	28a	253/2	85/2	0.5	1/8	1/2	6/8	2	1	1/8		1/8	1		-2	58	Bb3	3	150
17	14	48	28a	127	43	0.5	1/4	5/8	6/8	2	1	1/8		1/8	1		1	55	G3	3	151
18	15	49	15b	255/2	87/2	0.5	0	0	6/8	2	1	1/8		1/8	1		3	57	A3	3	156
18	15	49	15b	255/2	87/2	1.0	0	0	6/8	1	1	1/4		1/4	1		-1	65	F4	4	152
18	15	49	15b	128	44	0.5	1/8	1/8	6/8	2	1	1/8		1/8	1		-2	58	Bb3	3	157
18	15	49	15b	257/2	89/2	0.5	1/4	1/4	6/8	2	1	1/8		1/8	1		1	55	G3	3	158
18	15	49	15b	129	45	0.5	3/8	3/8	6/8	2	1	1/8		1/8	1		3	57	A3	3	159
18	15	49	15b	129	45	0.5	3/8	3/8	6/8	1	1	1/8		1/8	1		0	72	C5	5	153
18	15	49	15b	259/2	91/2	0.5	1/2	1/2	6/8	2	1	1/8		1/8	1		-2	58	Bb3	3	160
18	15	49	15b	259/2	91/2	0.5	1/2	1/2	6/8	1	1	1/8		1/8	1		2	74	D5	5	154
18	15	49	15b	130	46	0.5	5/8	5/8	6/8	2	1	1/8		1/8	1		1	55	G3	3	161
18	15	49	15b	130	46	0.5	5/8	5/8	6/8	1	1	1/8		1/8	1		-2	70	Bb4	4	155
19	16	50	16b	261/2	93/2	1.0	0	0	6/8	2	1	1/4		1/4	1		3	57	A3	3	168
19	16	50	16b	261/2	93/2	0.25	0	0	6/8	1	1	1/16		1/16	1		0	72	C5	5	162
19	16	50	16b	523/4	187/4	0.25	1/16	1/16	6/8	1	1	1/16		1/16	1		-2	70	Bb4	4	163
19	16	50	16b	131	47	0.25	1/8	1/8	6/8	1	1	1/16		1/16	1		3	69	A4	4	164
19	16	50	16b	525/4	189/4	0.25	3/16	3/16	6/8	1	1	1/16		1/16	1		1	67	G4	4	165
19	16	50	16b	263/2	95/2	0.5	1/4	1/4	6/8	2	1	1/8		1/8	1		3	45	A2	2	169
19	16	50	16b	263/2	95/2	0.5	1/4	1/4	6/8	1	1	1/8		1/8	1		-1	65	F4	4	166
19	16	50	16b	132	48	0.5	3/8	3/8	6/8	2	1	1/8		1/8	1		3	57	A3	3	170
19	16	50	16b	132	48	1.0	3/8	3/8	6/8	1	1	1/4		1/4	1		-1	77	F5	5	167
19	16	50	16b	265/2	97/2	0.5	1/2	1/2	6/8	2	1	1/8		1/8	1		1	55	G3	3	171
19	16	50	16b	133	49	0.5	5/8	5/8	6/8	2	1	1/8		1/8	1		-1	53	F3	3	172
20	17	51	17b	267/2	99/2	0.5	0	0	6/8	2	1	1/8		1/8	1		0	60	C4	4	175
20	17	51	17b	267/2	99/2	1.0	0	0	6/8	1	1	1/4		1/4	1		4	76	E5	5	173
20	17	51	17b	134	50	0.5	1/8	1/8	6/8	2	1	1/8		1/8	1		2	62	D4	4	176
20	17	51	17b	269/2	101/2	0.5	1/4	1/4	6/8	2	1	1/8		1/8	1		4	64	E4	4	177
20	17	51	17b	135	51	0.5	3/8	3/8	6/8	2	1	1/8		1/8	1		-1	65	F4	4	178
20	17	51	17b	135	51	1.0	3/8	3/8	6/8	1	1	1/4		1/4	1		2	74	D5	5	174
20	17	51	17b	271/2	103/2	0.5	1/2	1/2	6/8	2	1	1/8		1/8	1		1	67	G4	4	179
20	17	51	17b	136	52	0.5	5/8	5/8	6/8	2	1	1/8		1/8	1		-1	65	F4	4	180
21	18	52	18b	273/2	105/2	0.5	0	0	6/8	2	1	1/8		1/8	1		4	64	E4	4	187
21	18	52	18b	273/2	105/2	0.5	0	0	6/8	1	1	1/8		1/8	1		0	72	C5	5	181
21	18	52	18b	137	53	0.5	1/8	1/8	6/8	2	1	1/8		1/8	1		-1	65	F4	4	188
21	18	52	18b	137	53	0.5	1/8	1/8	6/8	1	1	1/8		1/8	1		2	74	D5	5	182
21	18	52	18b	275/2	107/2	0.5	1/4	1/4	6/8	2	1	1/8		1/8	1		4	64	E4	4	189
21	18	52	18b	275/2	107/2	0.5	1/4	1/4	6/8	1	1	1/8		1/8	1		4	76	E5	5	183
21	18	52	18b	138	54	0.5	3/8	3/8	6/8	2	1	1/8		1/8	1		2	62	D4	4	190
21	18	52	18b	138	54	0.5	3/8	3/8	6/8	1	1	1/8		1/8	1		-1	77	F5	5	184
21	18	52	18b	277/2	109/2	0.5	1/2	1/2	6/8	2	1	1/8		1/8	1		4	64	E4	4	191
21	18	52	18b	277/2	109/2	0.5	1/2	1/2	6/8	1	1	1/8		1/8	1		1	79	G5	5	185
21	18	52	18b	139	55	0.5	5/8	5/8	6/8	2	1	1/8		1/8	1		2	62	D4	4	192
21	18	52	18b	139	55	0.5	5/8	5/8	6/8	1	1	1/8		1/8	1		-1	77	F5	5	186
22	19	53	19b	279/2	111/2	1.0	0	0	6/8	2	1	1/4		1/4	1		0	60	C4	4	199
22	19	53	19b	279/2	111/2	0.5	0	0	6/8	1	1	1/8		1/8	1		4	76	E5	5	193
22	19	53	19b	140	56	0.5	1/8	1/8	6/8	1	1	1/8		1/8	1		-1	77	F5	5	194
22	19	53	19b	281/2	113/2	0.5	1/4	1/4	6/8	2	1	1/8		1/8	1		-1	53	F3	3	200
22	19	53	19b	281/2	113/2	0.5	1/4	1/4	6/8	1	1	1/8		1/8	1		4	76	E5	5	195
22	19	53	19b	141	57	0.0	3/8	3/8	6/8	1	1	0	grace16after	1/16	1		2	74	D5	5	196
22	19	53	19b	141	57	0.0	3/8	3/8	6/8	1	1	0	grace16after	1/16	1		0	72	C5	5	197
22	19	53	19b	141	57	1.0	3/8	3/8	6/8	2	1	1/4		1/4	1		1	55	G3	3	201
22	19	53	19b	141	57	1.5	3/8	3/8	6/8	1	1	3/8		1/4	3/2		2	74	D5	5	198
22	19	53	19b	142	58	0.5	5/8	5/8	6/8	2	1	1/8		1/8	1		1	43	G2	2	202
23	20	54	20b	285/2	117/2	0.5	0	0	6/8	2	1	1/8		1/8	1		0	48	C3	3	205
23	20	54	20b	285/2	117/2	1.0	0	0	6/8	1	1	1/4		1/4	1		0	72	C5	5	203
23	20	54	20b	143	59	0.5	1/8	1/8	6/8	2	1	1/8		1/8	1		0	60	C4	4	206
23	20	54	20b	287/2	119/2	0.5	1/4	1/4	6/8	2	1	1/8		1/8	1		-2	58	Bb3	3	207
23	20	54	20b	144	60	0.5	3/8	3/8	6/8	2	1	1/8		1/8	1		3	57	A3	3	208
23	20	54	20b	144	60	1.0	3/8	3/8	6/8	1	1	1/4		1/4	1		0	84	C6	6	204
23	20	54	20b	289/2	121/2	0.5	1/2	1/2	6/8	2	1	1/8		1/8	1		1	55	G3	3	209
23	20	54	20b	145	61	0.5	5/8	5/8	6/8	2	1	1/8		1/8	1		-1	53	F3	3	210
24	21	55	21b	291/2	123/2	0.5	0	0	6/8	2	1	1/8		1/8	1		4	52	E3	3	215
24	21	55	21b	291/2	123/2	1.0	0	0	6/8	1	1	1/4		1/4	1		-2	82	Bb5	5	211
24	21	55	21b	146	62	0.5	1/8	1/8	6/8	2	1	1/8		1/8	1		2	50	D3	3	216
24	21	55	21b	293/2	125/2	0.5	1/4	1/4	6/8	2	1	1/8		1/8	1		0	48	C3	3	217
24	21	55	21b	147	63	1.0	3/8	3/8	6/8	2	1	1/4		1/4	1		0	60	C4	4	218
24	21	55	21b	147	63	0.5	3/8	3/8	6/8	1	1	1/8		1/8	1		3	81	A5	5	212
24	21	55	21b	295/2	127/2	0.5	1/2	1/2	6/8	1	1	1/8		1/8	1		-2	82	Bb5	5	213
24	21	55	21b	148	64	0.5	5/8	5/8	6/8	1	1	1/8		1/8	1		3	81	A5	5	214
25	22	56	22b	297/2	129/2	1.0	0	0	6/8	2	1	1/4		1/4	1		-2	58	Bb3	3	225
25	22	56	22b	297/2	129/2	0.5	0	0	6/8	1	1	1/8		1/8	1		1	79	G5	5	219
25	22	56	22b	149	65	0.5	1/8	1/8	6/8	1	1	1/8		1/8	1		3	81	A5	5	220
25	22	56	22b	299/2	131/2	0.5	1/4	1/4	6/8	1	1	1/8		1/8	1		-2	82	Bb5	5	221
25	22	56	22b	150	66	0.5	3/8	3/8	6/8	2	1	1/8		1/8	1		3	57	A3	3	226
25	22	56	22b	150	66	0.5	3/8	3/8	6/8	1	1	1/8		1/8	1		0	84	C6	6	222
25	22	56	22b	301/2	133/2	0.5	1/2	1/2	6/8	2	1	1/8		1/8	1		-2	58	Bb3	3	227
25	22	56	22b	301/2	133/2	0.5	1/2	1/2	6/8	1	1	1/8		1/8	1		2	86	D6	6	223
25	22	56	22b	151	67	0.5	5/8	5/8	6/8	2	1	1/8		1/8	1		3	57	A3	3	228
25	22	56	22b	151	67	0.5	5/8	5/8	6/8	1	1	1/8		1/8	1		0	84	C6	6	224
26	23	57	23b	303/2	135/2	0.5	0	0	6/8	2	1	1/8		1/8	1		1	55	G3	3	235
26	23	57	23b	303/2	135/2	0.5	0	0	6/8	1	1	1/8		1/8	1		-2	82	Bb5	5	229
26	23	57	23b	152	68	0.5	1/8	1/8	6/8	2	1	1/8		1/8	1		3	57	A3	3	236
26	23	57	23b	152	68	0.5	1/8	1/8	6/8	1	1	1/8		1/8	1		0	84	C6	6	230
26	23	57	23b	305/2	137/2	0.5	1/4	1/4	6/8	2	1	1/8		1/8	1		1	55	G3	3	237
26	23	57	23b	305/2	137/2	0.5	1/4	1/4	6/8	1	1	1/8		1/8	1		-2	82	Bb5	5	231
26	23	57	23b	153	69	1.0	3/8	3/8	6/8	2	1	1/4		1/4	1		-1	53	F3	3	238
26	23	57	23b	153	69	0.5	3/8	3/8	6/8	1	1	1/8		1/8	1		3	81	A5	5	232
26	23	57	23b	307/2	139/2	0.5	1/2	1/2	6/8	1	1	1/8		1/8	1		-2	82	Bb5	5	233
26	23	57	23b	154	70	0.5	5/8	5/8	6/8	2	1	1/8		1/8	1		-1	65	F4	4	239
26	23	57	23b	154	70	0.5	5/8	5/8	6/8	1	1	1/8		1/8	1		3	81	A5	5	234
27	24	58	24b	309/2	141/2	0.5	0	0	6/8	2	1	1/8		1/8	1		4	64	E4	4	244
27	24	58	24b	309/2	141/2	1.0	0	0	6/8	1	1	1/4		1/4	1		1	79	G5	5	240
27	24	58	24b	155	71	0.5	1/8	1/8	6/8	2	1	1/8		1/8	1		-1	65	F4	4	245
27	24	58	24b	311/2	143/2	0.5	1/4	1/4	6/8	2	1	1/8		1/8	1		4	64	E4	4	246
27	24	58	24b	156	72	0.5	3/8	3/8	6/8	2	1	1/8		1/8	1		2	62	D4	4	247
27	24	58	24b	156	72	0.5	3/8	3/8	6/8	1	1	1/8		1/8	1		-1	77	F5	5	241
27	24	58	24b	313/2	145/2	0.5	1/2	1/2	6/8	2	1	1/8		1/8	1		0	60	C4	4	248
27	24	58	24b	313/2	145/2	0.5	1/2	1/2	6/8	1	1	1/8		1/8	1		4	76	E5	5	242
27	24	58	24b	157	73	0.5	5/8	5/8	6/8	2	1	1/8		1/8	1		-2	58	Bb3	3	249
27	24	58	24b	157	73	0.5	5/8	5/8	6/8	1	1	1/8		1/8	1		2	74	D5	5	243
28	25	59	25b	315/2	147/2	0.5	0	0	6/8	2	1	1/8		1/8	1		3	57	A3	3	256
28	25	59	25b	315/2	147/2	0.5	0	0	6/8	1	1	1/8		1/8	1		0	72	C5	5	250
28	25	59	25b	158	74	0.5	1/8	1/8	6/8	2	1	1/8		1/8	1		-2	58	Bb3	3	257
28	25	59	25b	158	74	0.5	1/8	1/8	6/8	1	1	1/8		1/8	1		2	74	D5	5	251
28	25	59	25b	317/2	149/2	0.5	1/4	1/4	6/8	2	1	1/8		1/8	1		0	60	C4	4	258
28	25	59	25b	317/2	149/2	0.5	1/4	1/4	6/8	1	1	1/8		1/8	1		4	76	E5	5	252
28	25	59	25b	159	75	0.5	3/8	3/8	6/8	2	1	1/8		1/8	1		2	62	D4	4	259
28	25	59	25b	159	75	0.5	3/8	3/8	6/8	1	1	1/8		1/8	1		-1	77	F5	5	253
28	25	59	25b	319/2	151/2	0.5	1/2	1/2	6/8	2	1	1/8		1/8	1		0	60	C4	4	260
28	25	59	25b	319/2	151/2	0.5	1/2	1/2	6/8	1	1	1/8		1/8	1		4	76	E5	5	254
28	25	59	25b	160	76	0.5	5/8	5/8	6/8	2	1	1/8		1/8	1		-2	58	Bb3	3	261
28	25	59	25b	160	76	0.5	5/8	5/8	6/8	1	1	1/8		1/8	1		2	74	D5	5	255
29	26	60	26b	321/2	153/2	0.5	0	0	6/8	2	1	1/8		1/8	1		3	57	A3	3	266
29	26	60	26b	321/2	153/2	1.0	0	0	6/8	1	1	1/4		1/4	1		0	72	C5	5	262
29	26	60	26b	161	77	0.5	1/8	1/8	6/8	2	1	1/8		1/8	1		1	55	G3	3	267
29	26	60	26b	323/2	155/2	0.5	1/4	1/4	6/8	2	1	1/8		1/8	1		-1	53	F3	3	268
29	26	60	26b	162	78	0.5	3/8	3/8	6/8	2	1	1/8		1/8	1		-2	58	Bb3	3	269
29	26	60	26b	162	78	0.5	3/8	3/8	6/8	1	1	1/8		1/8	1		2	74	D5	5	263
29	26	60	26b	325/2	157/2	0.5	1/2	1/2	6/8	2	1	1/8		1/8	1		3	57	A3	3	270
29	26	60	26b	325/2	157/2	0.5	1/2	1/2	6/8	1	1	1/8		1/8	1		0	72	C5	5	264
29	26	60	26b	163	79	0.5	5/8	5/8	6/8	2	1	1/8		1/8	1		1	55	G3	3	271
29	26	60	26b	163	79	0.5	5/8	5/8	6/8	1	1	1/8		1/8	1		-2	70	Bb4	4	265
30	27	61	27b	327/2	159/2	0.5	0	0	6/8	2	1	1/8		1/8	1		-1	53	F3	3	278
30	27	61	27b	327/2	159/2	0.5	0	0	6/8	1	1	1/8		1/8	1		3	69	A4	4	272
30	27	61	27b	164	80	0.5	1/8	1/8	6/8	2	1	1/8		1/8	1		1	55	G3	3	279
30	27	61	27b	164	80	0.5	1/8	1/8	6/8	1	1	1/8		1/8	1		-2	70	Bb4	4	273
30	27	61	27b	329/2	161/2	0.5	1/4	1/4	6/8	2	1	1/8		1/8	1		3	57	A3	3	280
30	27	61	27b	329/2	161/2	0.5	1/4	1/4	6/8	1	1	1/8		1/8	1		0	72	C5	5	274
30	27	61	27b	165	81	0.5	3/8	3/8	6/8	2	1	1/8		1/8	1		-2	58	Bb3	3	281
30	27	61	27b	165	81	0.5	3/8	3/8	6/8	1	1	1/8		1/8	1		2	74	D5	5	275
30	27	61	27b	331/2	163/2	0.5	1/2	1/2	6/8	2	1	1/8		1/8	1		3	57	A3	3	282
30	27	61	27b	331/2	163/2	0.5	1/2	1/2	6/8	1	1	1/8		1/8	1		0	72	C5	5	276
30	27	61	27b	166	82	0.5	5/8	5/8	6/8	2	1	1/8		1/8	1		1	55	G3	3	283
30	27	61	27b	166	82	0.5	5/8	5/8	6/8	1	1	1/8		1/8	1		-2	70	Bb4	4	277
31	28	62	28b	333/2	165/2	1.0	0	0	6/8	2	1	1/4		1/4	1		-1	53	F3	3	286
31	28	62	28b	333/2	165/2	1.0	0	0	6/8	1	1	1/4		1/4	1		0	72	C5	5	284
31	28	62	28b	335/2	167/2	0.5	1/4	1/4	6/8	2	1	1/8		1/8	1		-1	41	F2	2	287
31	28	62	28b	335/2	167/2	0.5	1/4	1/4	6/8	1	1	1/8		1/8	1		-1	65	F4	4	285
6	4	63	28b	168	12	0.5	0	3/8	6/8	2	1	1/8		1/8	1		-1	65	F4	4	51
6	4	63	28b	168	12	0.5	0	3/8	6/8	1	1	1/8		1/8	1		3	81	A5	5	48
6	4	63	28b	337/2	25/2	0.5	1/8	1/2	6/8	2	1	1/8		1/8	1		4	64	E4	4	52
6	4	63	28b	337/2	25/2	0.5	1/8	1/2	6/8	1	1	1/8		1/8	1		1	79	G5	5	49
6	4	63	28b	169	13	0.5	1/4	5/8	6/8	2	1	1/8		1/8	1		2	62	D4	4	53
6	4	63	28b	169	13	0.5	1/4	5/8	6/8	1	1	1/8		1/8	1		-1	77	F5	5	50
7	5	64	5c	339/2	27/2	0.5	0	0	6/8	2	1	1/8		1/8	1		0	60	C4	4	60
7	5	64	5c	339/2	27/2	0.5	0	0	6/8	1	1	1/8		1/8	1		4	76	E5	5	54
7	5	64	5c	170	14	0.5	1/8	1/8	6/8	2	1	1/8		1/8	1		2	62	D4	4	61
7	5	64	5c	170	14	0.5	1/8	1/8	6/8	1	1	1/8		1/8	1		2	74	D5	5	55
7	5	64	5c	341/2	29/2	0.5	1/4	1/4	6/8	2	1	1/8		1/8	1		4	64	E4	4	62
7	5	64	5c	341/2	29/2	0.5	1/4	1/4	6/8	1	1	1/8		1/8	1		0	72	C5	5	56
7	5	64	5c	171	15	0.5	3/8	3/8	6/8	2	1	1/8		1/8	1		-1	65	F4	4	63
7	5	64	5c	171	15	0.5	3/8	3/8	6/8	1	1	1/8		1/8	1		3	81	A5	5	57
7	5	64	5c	343/2	31/2	0.5	1/2	1/2	6/8	2	1	1/8		1/8	1		4	64	E4	4	64
7	5	64	5c	343/2	31/2	0.5	1/2	1/2	6/8	1	1	1/8		1/8	1		1	79	G5	5	58
7	5	64	5c	172	16	0.5	5/8	5/8	6/8	2	1	1/8		1/8	1		2	62	D4	4	65
7	5	64	5c	172	16	0.5	5/8	5/8	6/8	1	1	1/8		1/8	1		-1	77	F5	5	59
8	6	65	6c	345/2	33/2	1.5	0	0	6/8	2	1	3/8		1/4	3/2		0	60	C4	4	70
8	6	65	6c	345/2	33/2	0.5	0	0	6/8	1	1	1/8		1/8	1		4	76	E5	5	66
8	6	65	6c	173	17	0.5	1/8	1/8	6/8	1	1	1/8		1/8	1		2	74	D5	5	67
8	6	65	6c	347/2	35/2	0.5	1/4	1/4	6/8	1	1	1/8		1/8	1		0	72	C5	5	68
8	6	65	6c	174	18	0.5	3/8	3/8	6/8	2	1	1/8		1/8	1		3	57	A3	3	71
8	6	65	6c	174	18	1.0	3/8	3/8	6/8	1	1	1/4		1/4	1		0	72	C5	5	69
8	6	65	6c	349/2	37/2	0.5	1/2	1/2	6/8	2	1	1/8		1/8	1		1	55	G3	3	72
8	6	65	6c	175	19	0.5	5/8	5/8	6/8	2	1	1/8		1/8	1		-1	53	F3	3	73
9	7	66	7c	351/2	39/2	0.5	0	0	6/8	2	1	1/8		1/8	1		4	52	E3	3	76
9	7	66	7c	351/2	39/2	1.0	0	0	6/8	1	1	1/4		1/4	1		0	72	C5	5	74
9	7	66	7c	176	20	0.5	1/8	1/8	6/8	2	1	1/8		1/8	1		2	50	D3	3	77
9	7	66	7c	353/2	41/2	0.5	1/4	1/4	6/8	2	1	1/8		1/8	1		0	48	C3	3	78
9	7	66	7c	177	21	0.5	3/8	3/8	6/8	2	1	1/8		1/8	1		3	57	A3	3	79
9	7	66	7c	177	21	1.0	3/8	3/8	6/8	1	1	1/4		1/4	1		0	72	C5	5	75
9	7	66	7c	355/2	43/2	0.5	1/2	1/2	6/8	2	1	1/8		1/8	1		1	55	G3	3	80
9	7	66	7c	178	22	0.5	5/8	5/8	6/8	2	1	1/8		1/8	1		-1	53	F3	3	81
10	8	67	8c	357/2	45/2	0.5	0	0	6/8	2	1	1/8		1/8	1		4	52	E3	3	86
10	8	67	8c	357/2	45/2	1.0	0	0	6/8	1	1	1/4		1/4	1		0	72	C5	5	82
10	8	67	8c	179	23	0.5	1/8	1/8	6/8	2	1	1/8		1/8	1		2	50	D3	3	87
10	8	67	8c	359/2	47/2	0.5	1/4	1/4	6/8	2	1	1/8		1/8	1		0	48	C3	3	88
10	8	67	8c	180	24	0.5	3/8	3/8	6/8	2	1	1/8		1/8	1		3	57	A3	3	89
10	8	67	8c	180	24	0.5	3/8	3/8	6/8	1	1	1/8		1/8	1		-1	77	F5	5	83
10	8	67	8c	361/2	49/2	0.5	1/2	1/2	6/8	2	1	1/8		1/8	1		1	55	G3	3	90
10	8	67	8c	361/2	49/2	0.5	1/2	1/2	6/8	1	1	1/8		1/8	1		4	76	E5	5	84
10	8	67	8c	181	25	0.5	5/8	5/8	6/8	2	1	1/8		1/8	1		-1	53	F3	3	91
10	8	67	8c	181	25	0.5	5/8	5/8	6/8	1	1	1/8		1/8	1		2	74	D5	5	85
11	9	68	9c	363/2	51/2	0.5	0	0	6/8	2	1	1/8		1/8	1		4	52	E3	3	100
11	9	68	9c	363/2	51/2	0.5	0	0	6/8	1	1	1/8		1/8	1		0	72	C5	5	92
11	9	68	9c	182	26	0.5	1/8	1/8	6/8	2	1	1/8		1/8	1		2	50	D3	3	101
11	9	68	9c	182	26	0.5	1/8	1/8	6/8	1	1	1/8		1/8	1		2	74	D5	5	93
11	9	68	9c	365/2	53/2	0.5	1/4	1/4	6/8	2	1	1/8		1/8	1		0	48	C3	3	102
11	9	68	9c	365/2	53/2	0.5	1/4	1/4	6/8	1	1	1/8		1/8	1		4	76	E5	5	94
11	9	68	9c	183	27	0.5	3/8	3/8	6/8	2	1	1/8		1/8	1		2	50	D3	3	103
11	9	68	9c	183	27	0.5	3/8	3/8	6/8	1	1	1/8		1/8	1		-1	77	F5	5	95
11	9	68	9c	367/2	55/2	0.5	1/2	1/2	6/8	2	1	1/8		1/8	1		-2	46	Bb2	2	104
11	9	68	9c	367/2	55/2	0.25	1/2	1/2	6/8	1	1	1/16		1/16	1		-2	82	Bb5	5	96
11	9	68	9c	735/4	111/4	0.25	9/16	9/16	6/8	1	1	1/16		1/16	1		3	81	A5	5	97
11	9	68	9c	184	28	0.5	5/8	5/8	6/8	2	1	1/8		1/8	1		0	48	C3	3	105
11	9	68	9c	184	28	0.25	5/8	5/8	6/8	1	1	1/16		1/16	1		1	79	G5	5	98
11	9	68	9c	737/4	113/4	0.25	11/16	11/16	6/8	1	1	1/16		1/16	1		3	81	A5	5	99
12	10	69	10c	369/2	57/2	1.0	0	0	6/8	2	1	1/4		1/4	1		-1	41	F2	2	110
12	10	69	10c	369/2	57/2	0.5	0	0	6/8	1	1	1/8		1/8	1		-1	77	F5	5	106
12	10	69	10c	185	29	0.5	1/8	1/8	6/8	1	1	1/8		1/8	1		4	76	E5	5	107
12	10	69	10c	371/2	59/2	0.5	1/4	1/4	6/8	1	1	1/8		1/8	1		2	74	D5	5	108
12	10	69	10c	186	30	0.5	3/8	3/8	6/8	2	1	1/8		1/8	1		3	57	A3	3	111
12	10	69	10c	186	30	1.0	3/8	3/8	6/8	1	1	1/4		1/4	1		0	72	C5	5	109
12	10	69	10c	373/2	61/2	0.5	1/2	1/2	6/8	2	1	1/8		1/8	1		1	55	G3	3	112
12	10	69	10c	187	31	0.5	5/8	5/8	6/8	2	1	1/8		1/8	1		-1	53	F3	3	113
13	11	70	11c	375/2	63/2	0.5	0	0	6/8	2	1	1/8		1/8	1		4	52	E3	3	116
13	11	70	11c	375/2	63/2	1.0	0	0	6/8	1	1	1/4		1/4	1		0	72	C5	5	114
13	11	70	11c	188	32	0.5	1/8	1/8	6/8	2	1	1/8		1/8	1		2	50	D3	3	117
13	11	70	11c	377/2	65/2	0.5	1/4	1/4	6/8	2	1	1/8		1/8	1		0	48	C3	3	118
13	11	70	11c	189	33	0.5	3/8	3/8	6/8	2	1	1/8		1/8	1		3	57	A3	3	119
13	11	70	11c	189	33	1.0	3/8	3/8	6/8	1	1	1/4		1/4	1		0	72	C5	5	115
13	11	70	11c	379/2	67/2	0.5	1/2	1/2	6/8	2	1	1/8		1/8	1		1	55	G3	3	120
13	11	70	11c	190	34	0.5	5/8	5/8	6/8	2	1	1/8		1/8	1		-1	53	F3	3	121
14	12	71	12c	381/2	69/2	0.5	0	0	6/8	2	1	1/8		1/8	1		4	52	E3	3	126
14	12	71	12c	381/2	69/2	1.0	0	0	6/8	1	1	1/4		1/4	1		0	72	C5	5	122
14	12	71	12c	191	35	0.5	1/8	1/8	6/8	2	1	1/8		1/8	1		2	50	D3	3	127
14	12	71	12c	383/2	71/2	0.5	1/4	1/4	6/8	2	1	1/8		1/8	1		0	48	C3	3	128
14	12	71	12c	192	36	0.5	3/8	3/8	6/8	2	1	1/8		1/8	1		3	57	A3	3	129
14	12	71	12c	192	36	0.5	3/8	3/8	6/8	1	1	1/8		1/8	1		-1	77	F5	5	123
14	12	71	12c	385/2	73/2	0.5	1/2	1/2	6/8	2	1	1/8		1/8	1		1	55	G3	3	130
14	12	71	12c	385/2	73/2	0.5	1/2	1/2	6/8	1	1	1/8		1/8	1		4	76	E5	5	124
14	12	71	12c	193	37	0.5	5/8	5/8	6/8	2	1	1/8		1/8	1		-1	53	F3	3	131
14	12	71	12c	193	37	0.5	5/8	5/8	6/8	1	1	1/8		1/8	1		2	74	D5	5	125
15	13	72	13c	387/2	75/2	0.5	0	0	6/8	2	1	1/8		1/8	1		4	52	E3	3	140
15	13	72	13c	387/2	75/2	0.5	0	0	6/8	1	1	1/8		1/8	1		0	72	C5	5	132
15	13	72	13c	194	38	0.5	1/8	1/8	6/8	2	1	1/8		1/8	1		2	50	D3	3	141
15	13	72	13c	194	38	0.5	1/8	1/8	6/8	1	1	1/8		1/8	1		2	74	D5	5	133
15	13	72	13c	389/2	77/2	0.5	1/4	1/4	6/8	2	1	1/8		1/8	1		0	48	C3	3	142
15	13	72	13c	389/2	77/2	0.5	1/4	1/4	6/8	1	1	1/8		1/8	1		4	76	E5	5	134
15	13	72	13c	195	39	0.5	3/8	3/8	6/8	2	1	1/8		1/8	1		2	50	D3	3	143
15	13	72	13c	195	39	0.5	3/8	3/8	6/8	1	1	1/8		1/8	1		-1	77	F5	5	135
15	13	72	13c	391/2	79/2	0.5	1/2	1/2	6/8	2	1	1/8		1/8	1		-2	46	Bb2	2	144
15	13	72	13c	391/2	79/2	0.25	1/2	1/2	6/8	1	1	1/16		1/16	1		-2	82	Bb5	5	136
15	13	72	13c	783/4	159/4	0.25	9/16	9/16	6/8	1	1	1/16		1/16	1		3	81	A5	5	137
15	13	72	13c	196	40	0.5	5/8	5/8	6/8	2	1	1/8		1/8	1		0	48	C3	3	145
15	13	72	13c	196	40	0.25	5/8	5/8	6/8	1	1	1/16		1/16	1		1	79	G5	5	138
15	13	72	13c	785/4	161/4	0.25	11/16	11/16	6/8	1	1	1/16		1/16	1		3	81	A5	5	139
16	14	73	14d	393/2	81/2	1.0	0	0	6/8	2	1	1/4		1/4	1		-1	41	F2	2	147
16	14	73	14d	393/2	81/2	1.0	0	0	6/8	1	1	1/4		1/4	1		-1	77	F5	5	146
32	28	74	28c	198	84	0.5	0	3/8	6/8	2	1	1/8		1/8	1		-1	65	F4	4	289
32	28	74	28c	198	84	1.0	0	3/8	6/8	1	1	1/4		1/4	1		3	81	A5	5	288
32	28	74	28c	397/2	169/2	0.5	1/8	1/2	6/8	2	1	1/8		1/8	1		4	64	E4	4	290
32	28	74	28c	199	85	0.5	1/4	5/8	6/8	2	1	1/8		1/8	1		2	62	D4	4	291
33	29	75	29a	399/2	171/2	0.5	0	0	6/8	2	1	1/8		1/8	1		7	61	C#4	4	294
33	29	75	29a	399/2	171/2	1.0	0	0	6/8	1	1	1/4		1/4	1		3	81	A5	5	292
33	29	75	29a	200	86	0.5	1/8	1/8	6/8	2	1	1/8		1/8	1		2	62	D4	4	295
33	29	75	29a	401/2	173/2	0.5	1/4	1/4	6/8	2	1	1/8		1/8	1		4	64	E4	4	296
33	29	75	29a	201	87	0.5	3/8	3/8	6/8	2	1	1/8		1/8	1		-1	65	F4	4	297
33	29	75	29a	201	87	1.0	3/8	3/8	6/8	1	1	1/4		1/4	1		3	81	A5	5	293
33	29	75	29a	403/2	175/2	0.5	1/2	1/2	6/8	2	1	1/8		1/8	1		4	64	E4	4	298
33	29	75	29a	202	88	0.5	5/8	5/8	6/8	2	1	1/8		1/8	1		2	62	D4	4	299
34	30	76	30a	405/2	177/2	0.5	0	0	6/8	2	1	1/8		1/8	1		7	61	C#4	4	304
34	30	76	30a	405/2	177/2	1.0	0	0	6/8	1	1	1/4		1/4	1		3	81	A5	5	300
34	30	76	30a	203	89	0.5	1/8	1/8	6/8	2	1	1/8		1/8	1		5	59	B3	3	305
34	30	76	30a	407/2	179/2	0.5	1/4	1/4	6/8	2	1	1/8		1/8	1		3	57	A3	3	306
34	30	76	30a	204	90	0.5	3/8	3/8	6/8	2	1	1/8		1/8	1		-1	53	F3	3	307
34	30	76	30a	204	90	0.5	3/8	3/8	6/8	1	1	1/8		1/8	1		2	74	D5	5	301
34	30	76	30a	409/2	181/2	0.5	1/2	1/2	6/8	2	1	1/8		1/8	1		4	52	E3	3	308
34	30	76	30a	409/2	181/2	0.5	1/2	1/2	6/8	1	1	1/8		1/8	1		7	73	C#5	5	302
34	30	76	30a	205	91	0.5	5/8	5/8	6/8	2	1	1/8		1/8	1		2	50	D3	3	309
34	30	76	30a	205	91	0.5	5/8	5/8	6/8	1	1	1/8		1/8	1		5	71	B4	4	303
35	31	77	31a	411/2	183/2	0.5	0	0	6/8	2	1	1/8		1/8	1		7	49	C#3	3	316
35	31	77	31a	411/2	183/2	0.5	0	0	6/8	1	1	1/8		1/8	1		3	69	A4	4	310
35	31	77	31a	206	92	0.5	1/8	1/8	6/8	2	1	1/8		1/8	1		2	50	D3	3	317
35	31	77	31a	206	92	0.5	1/8	1/8	6/8	1	1	1/8		1/8	1		5	71	B4	4	311
35	31	77	31a	413/2	185/2	0.5	1/4	1/4	6/8	2	1	1/8		1/8	1		4	52	E3	3	318
35	31	77	31a	413/2	185/2	0.5	1/4	1/4	6/8	1	1	1/8		1/8	1		7	73	C#5	5	312
35	31	77	31a	207	93	0.5	3/8	3/8	6/8	2	1	1/8		1/8	1		-1	53	F3	3	319
35	31	77	31a	207	93	0.5	3/8	3/8	6/8	1	1	1/8		1/8	1		2	74	D5	5	313
35	31	77	31a	415/2	187/2	0.5	1/2	1/2	6/8	2	1	1/8		1/8	1		4	52	E3	3	320
35	31	77	31a	415/2	187/2	0.5	1/2	1/2	6/8	1	1	1/8		1/8	1		7	73	C#5	5	314
35	31	77	31a	208	94	0.5	5/8	5/8	6/8	2	1	1/8		1/8	1		2	50	D3	3	321
35	31	77	31a	208	94	0.5	5/8	5/8	6/8	1	1	1/8		1/8	1		5	71	B4	4	315
36	32	78	32a	417/2	189/2	0.5	0	0	6/8	2	1	1/8		1/8	1		7	49	C#3	3	328
36	32	78	32a	417/2	189/2	0.5	0	0	6/8	1	1	1/8		1/8	1		3	69	A4	4	322
36	32	78	32a	209	95	0.5	1/8	1/8	6/8	2	1	1/8		1/8	1		5	47	B2	2	329
36	32	78	32a	209	95	0.5	1/8	1/8	6/8	1	1	1/8		1/8	1		5	71	B4	4	323
36	32	78	32a	419/2	191/2	0.5	1/4	1/4	6/8	2	1	1/8		1/8	1		3	45	A2	2	330
36	32	78	32a	419/2	191/2	0.5	1/4	1/4	6/8	1	1	1/8		1/8	1		7	73	C#5	5	324
36	32	78	32a	210	96	0.5	3/8	3/8	6/8	2	1	1/8		1/8	1		-1	53	F3	3	331
36	32	78	32a	210	96	0.5	3/8	3/8	6/8	1	1	1/8		1/8	1		2	74	D5	5	325
36	32	78	32a	421/2	193/2	0.5	1/2	1/2	6/8	2	1	1/8		1/8	1		4	52	E3	3	332
36	32	78	32a	421/2	193/2	0.5	1/2	1/2	6/8	1	1	1/8		1/8	1		7	73	C#5	5	326
36	32	78	32a	211	97	0.5	5/8	5/8	6/8	2	1	1/8		1/8	1		2	50	D3	3	333
36	32	78	32a	211	97	0.5	5/8	5/8	6/8	1	1	1/8		1/8	1		2	74	D5	5	327
37	33	79	33a	423/2	195/2	0.5	0	0	6/8	2	1	1/8		1/8	1		7	49	C#3	3	341
37	33	79	33a	423/2	195/2	0.5	0	0	6/8	1	1	1/8		1/8	1		4	76	E5	5	334
37	33	79	33a	212	98	0.5	1/8	1/8	6/8	2	1	1/8		1/8	1		5	47	B2	2	342
37	33	79	33a	212	98	0.25	1/8	1/8	6/8	1	1	1/16		1/16	1		-1	77	F5	5	335
37	33	79	33a	849/4	393/4	0.5	3/16	3/16	6/8	1	1	1/8		1/8	1		4	76	E5	5	336
37	33	79	33a	425/2	197/2	0.5	1/4	1/4	6/8	2	1	1/8		1/8	1		3	45	A2	2	343
37	33	79	33a	851/4	395/4	0.25	5/16	5/16	6/8	1	1	1/16		1/16	1		-1	77	F5	5	337
37	33	79	33a	213	99	1.0	3/8	3/8	6/8	2	1	1/4		1/4	1		2	50	D3	3	344
37	33	79	33a	213	99	1.0	3/8	3/8	6/8	1	1	1/4		1/4	1		1	79	G5	5	338
37	33	79	33a	214	100	0.5	5/8	5/8	6/8	2	1	1/8		1/8	1		2	38	D2	2	345
37	33	79	33a	214	100	0.375	5/8	5/8	6/8	1	1	3/32		1/16	3/2		-1	77	F5	5	339
37	33	79	33a	1715/8	803/8	0.125	23/32	23/32	6/8	1	1	1/32		1/32	1		4	76	E5	5	340
38	34	80	34a	429/2	201/2	0.5	0	0	6/8	2	1	1/8		1/8	1		3	45	A2	2	348
38	34	80	34a	429/2	201/2	1.0	0	0	6/8	1	1	1/4		1/4	1		4	76	E5	5	346
38	34	80	34a	215	101	0.5	1/8	1/8	6/8	2	1	1/8		1/8	1		3	57	A3	3	349
38	34	80	34a	431/2	203/2	0.5	1/4	1/4	6/8	2	1	1/8		1/8	1		1	55	G3	3	350
38	34	80	34a	216	102	0.5	3/8	3/8	6/8	2	1	1/8		1/8	1		-1	53	F3	3	351
38	34	80	34a	216	102	1.0	3/8	3/8	6/8	1	1	1/4		1/4	1		3	69	A4	4	347
38	34	80	34a	433/2	205/2	0.5	1/2	1/2	6/8	2	1	1/8		1/8	1		4	52	E3	3	352
38	34	80	34a	217	103	0.5	5/8	5/8	6/8	2	1	1/8		1/8	1		2	50	D3	3	353
39	35	81	35a	435/2	207/2	0.5	0	0	6/8	2	1	1/8		1/8	1		1	55	G3	3	356
39	35	81	35a	435/2	207/2	1.0	0	0	6/8	1	1	1/4		1/4	1		5	71	B4	4	354
39	35	81	35a	218	104	0.5	1/8	1/8	6/8	2	1	1/8		1/8	1		-1	53	F3	3	357
39	35	81	35a	437/2	209/2	0.5	1/4	1/4	6/8	2	1	1/8		1/8	1		4	52	E3	3	358
39	35	81	35a	219	105	0.5	3/8	3/8	6/8	2	1	1/8		1/8	1		3	57	A3	3	359
39	35	81	35a	219	105	1.0	3/8	3/8	6/8	1	1	1/4		1/4	1		7	73	C#5	5	355
39	35	81	35a	439/2	211/2	0.5	1/2	1/2	6/8	2	1	1/8		1/8	1		1	55	G3	3	360
39	35	81	35a	220	106	0.5	5/8	5/8	6/8	2	1	1/8		1/8	1		-1	53	F3	3	361
40	36	82	36a	441/2	213/2	0.5	0	0	6/8	2	1	1/8		1/8	1		-2	58	Bb3	3	368
40	36	82	36a	441/2	213/2	0.5	0	0	6/8	1	1	1/8		1/8	1		2	74	D5	5	362
40	36	82	36a	221	107	0.5	1/8	1/8	6/8	2	1	1/8		1/8	1		3	57	A3	3	369
40	36	82	36a	221	107	0.5	1/8	1/8	6/8	1	1	1/8		1/8	1		0	72	C5	5	363
40	36	82	36a	443/2	215/2	0.5	1/4	1/4	6/8	2	1	1/8		1/8	1		1	55	G3	3	370
40	36	82	36a	443/2	215/2	0.5	1/4	1/4	6/8	1	1	1/8		1/8	1		-2	70	Bb4	4	364
40	36	82	36a	222	108	1.0	3/8	3/8	6/8	2	1	1/4		1/4	1		-1	53	F3	3	371
40	36	82	36a	222	108	0.5	3/8	3/8	6/8	1	1	1/8		1/8	1		3	69	A4	4	365
40	36	82	36a	445/2	217/2	0.5	1/2	1/2	6/8	1	1	1/8		1/8	1		5	71	B4	4	366
40	36	82	36a	223	109	0.5	5/8	5/8	6/8	1	1	1/8		1/8	1		0	72	C5	5	367
41	37	83	37a	447/2	219/2	1.0	0	0	6/8	2	1	1/4		1/4	1		1	55	G3	3	378
41	37	83	37a	447/2	219/2	0.5	0	0	6/8	1	1	1/8		1/8	1		5	71	B4	4	372
41	37	83	37a	224	110	0.5	1/8	1/8	6/8	1	1	1/8		1/8	1		7	73	C#5	5	373
41	37	83	37a	449/2	221/2	0.5	1/4	1/4	6/8	1	1	1/8		1/8	1		2	74	D5	5	374
41	37	83	37a	225	111	1.0	3/8	3/8	6/8	2	1	1/4		1/4	1		3	57	A3	3	379
41	37	83	37a	225	111	0.5	3/8	3/8	6/8	1	1	1/8		1/8	1		7	73	C#5	5	375
41	37	83	37a	451/2	223/2	0.5	1/2	1/2	6/8	1	1	1/8		1/8	1		2	74	D5	5	376
41	37	83	37a	226	112	0.5	5/8	5/8	6/8	1	1	1/8		1/8	1		4	76	E5	5	377
42	38	84	38a	453/2	225/2	1.0	0	0	6/8	2	1	1/4		1/4	1		-2	58	Bb3	3	386
42	38	84	38a	453/2	225/2	0.5	0	0	6/8	1	1	1/8		1/8	1		2	74	D5	5	380
42	38	84	38a	227	113	0.5	1/8	1/8	6/8	1	1	1/8		1/8	1		4	76	E5	5	381
42	38	84	38a	455/2	227/2	0.5	1/4	1/4	6/8	2	1	1/8		1/8	1		3	57	A3	3	387
42	38	84	38a	455/2	227/2	0.5	1/4	1/4	6/8	1	1	1/8		1/8	1		-1	77	F5	5	382
42	38	84	38a	228	114	0.5	3/8	3/8	6/8	2	1	1/8		1/8	1		1	55	G3	3	388
42	38	84	38a	228	114	0.5	3/8	3/8	6/8	1	1	1/8		1/8	1		1	79	G5	5	383
42	38	84	38a	457/2	229/2	0.5	1/2	1/2	6/8	2	1	1/8		1/8	1		-1	53	F3	3	389
42	38	84	38a	457/2	229/2	0.5	1/2	1/2	6/8	1	1	1/8		1/8	1		3	81	A5	5	384
42	38	84	38a	229	115	0.5	5/8	5/8	6/8	2	1	1/8		1/8	1		4	52	E3	3	390
42	38	84	38a	229	115	0.5	5/8	5/8	6/8	1	1	1/8		1/8	1		-2	82	Bb5	5	385
43	39	85	39a	459/2	231/2	1.0	0	0	6/8	2	1	1/4		1/4	1		-1	53	F3	3	397
43	39	85	39a	459/2	231/2	0.5	0	0	6/8	1	1	1/8		1/8	1		3	81	A5	5	391
43	39	85	39a	230	116	0.5	1/8	1/8	6/8	1	1	1/8		1/8	1		2	74	D5	5	392
43	39	85	39a	461/2	233/2	0.5	1/4	1/4	6/8	2	1	1/8		1/8	1		1	55	G3	3	398
43	39	85	39a	461/2	233/2	0.5	1/4	1/4	6/8	1	1	1/8		1/8	1		4	76	E5	5	393
43	39	85	39a	231	117	1.0	3/8	3/8	6/8	2	1	1/4		1/4	1		3	57	A3	3	399
43	39	85	39a	231	117	1.0	3/8	3/8	6/8	1	1	1/4		1/4	1		-1	77	F5	5	394
43	39	85	39a	232	118	0.5	5/8	5/8	6/8	2	1	1/8		1/8	1		3	45	A2	2	400
43	39	85	39a	232	118	0.375	5/8	5/8	6/8	1	1	3/32		1/16	3/2		4	76	E5	5	395
43	39	85	39a	1859/8	947/8	0.125	23/32	23/32	6/8	1	1	1/32		1/32	1		2	74	D5	5	396
44	40	86	40a	465/2	237/2	0.5	0	0	6/8	2	1	1/8		1/8	1		2	50	D3	3	405
44	40	86	40a	465/2	237/2	1.0	0	0	6/8	1	1	1/4		1/4	1		2	74	D5	5	401
44	40	86	40a	233	119	0.5	1/8	1/8	6/8	2	1	1/8		1/8	1		2	62	D4	4	406
44	40	86	40a	467/2	239/2	0.5	1/4	1/4	6/8	2	1	1/8		1/8	1		0	60	C4	4	407
44	40	86	40a	234	120	1.0	3/8	3/8	6/8	2	1	1/4		1/4	1		-2	58	Bb3	3	408
44	40	86	40a	234	120	0.5	3/8	3/8	6/8	1	1	1/8		1/8	1		-1	77	F5	5	402
44	40	86	40a	469/2	241/2	0.5	1/2	1/2	6/8	1	1	1/8		1/8	1		4	76	E5	5	403
44	40	86	40a	235	121	0.5	5/8	5/8	6/8	1	1	1/8		1/8	1		2	74	D5	5	404
45	41	87	41a	471/2	243/2	1.0	0	0	6/8	2	1	1/4		1/4	1		3	57	A3	3	415
45	41	87	41a	471/2	243/2	0.5	0	0	6/8	1	1	1/8		1/8	1		0	72	C5	5	409
45	41	87	41a	236	122	0.5	1/8	1/8	6/8	1	1	1/8		1/8	1		-1	77	F5	5	410
45	41	87	41a	473/2	245/2	0.5	1/4	1/4	6/8	1	1	1/8		1/8	1		3	69	A4	4	411
45	41	87	41a	237	123	0.0	3/8	3/8	6/8	1	1	0	grace8after	1/8	1		0	72	C5	5	412
45	41	87	41a	237	123	0.0	3/8	3/8	6/8	1	1	0	appoggiatura	1/8	1		3	69	A4	4	413
45	41	87	41a	237	123	1.0	3/8	3/8	6/8	2	1	1/4		1/4	1		1	55	G3	3	416
45	41	87	41a	237	123	1.5	3/8	3/8	6/8	1	1	3/8		1/4	3/2		-2	70	Bb4	4	414
46	42	88	42a	477/2	249/2	1.0	0	0	6/8	2	1	1/4		1/4	1		-1	53	F3	3	423
46	42	88	42a	477/2	249/2	0.5	0	0	6/8	1	1	1/8		1/8	1		3	69	A4	4	417
46	42	88	42a	239	125	0.5	1/8	1/8	6/8	1	1	1/8		1/8	1		-1	77	F5	5	418
46	42	88	42a	479/2	251/2	0.5	1/4	1/4	6/8	1	1	1/8		1/8	1		4	76	E5	5	419
46	42	88	42a	240	126	1.0	3/8	3/8	6/8	2	1	1/4		1/4	1		-2	70	Bb4	4	424
46	42	88	42a	240	126	0.5	3/8	3/8	6/8	1	1	1/8		1/8	1		2	74	D5	5	420
46	42	88	42a	481/2	253/2	0.5	1/2	1/2	6/8	1	1	1/8		1/8	1		4	76	E5	5	421
46	42	88	42a	241	127	0.5	5/8	5/8	6/8	1	1	1/8		1/8	1		-1	77	F5	5	422
47	43	89	43a	483/2	255/2	1.0	0	0	6/8	2	1	1/4		1/4	1		3	69	A4	4	431
47	43	89	43a	483/2	255/2	0.5	0	0	6/8	1	1	1/8		1/8	1		0	72	C5	5	425
47	43	89	43a	242	128	0.5	1/8	1/8	6/8	1	1	1/8		1/8	1		-1	77	F5	5	426
47	43	89	43a	485/2	257/2	0.5	1/4	1/4	6/8	1	1	1/8		1/8	1		3	69	A4	4	427
47	43	89	43a	243	129	0.0	3/8	3/8	6/8	1	1	0	grace8after	1/8	1		0	72	C5	5	428
47	43	89	43a	243	129	0.0	3/8	3/8	6/8	1	1	0	appoggiatura	1/8	1		3	69	A4	4	429
47	43	89	43a	243	129	1.0	3/8	3/8	6/8	2	1	1/4		1/4	1		1	67	G4	4	432
47	43	89	43a	243	129	1.5	3/8	3/8	6/8	1	1	3/8		1/4	3/2		-2	70	Bb4	4	430
48	44	90	44a	489/2	261/2	1.0	0	0	6/8	2	1	1/4		1/4	1		-1	65	F4	4	439
48	44	90	44a	489/2	261/2	0.5	0	0	6/8	1	1	1/8		1/8	1		3	69	A4	4	433
48	44	90	44a	245	131	0.5	1/8	1/8	6/8	1	1	1/8		1/8	1		0	84	C6	6	434
48	44	90	44a	491/2	263/2	0.5	1/4	1/4	6/8	1	1	1/8		1/8	1		-2	82	Bb5	5	435
48	44	90	44a	246	132	1.0	3/8	3/8	6/8	2	1	1/4		1/4	1		-1	53	F3	3	440
48	44	90	44a	246	132	0.5	3/8	3/8	6/8	1	1	1/8		1/8	1		3	81	A5	5	436
48	44	90	44a	493/2	265/2	0.5	1/2	1/2	6/8	1	1	1/8		1/8	1		-2	82	Bb5	5	437
48	44	90	44a	247	133	0.5	5/8	5/8	6/8	1	1	1/8		1/8	1		0	84	C6	6	438
49	45	91	45a	495/2	267/2	1.0	0	0	6/8	2	1	1/4		1/4	1		4	52	E3	3	447
49	45	91	45a	495/2	267/2	0.5	0	0	6/8	1	1	1/8		1/8	1		1	79	G5	5	441
49	45	91	45a	248	134	0.5	1/8	1/8	6/8	1	1	1/8		1/8	1		0	84	C6	6	442
49	45	91	45a	497/2	269/2	0.5	1/4	1/4	6/8	1	1	1/8		1/8	1		4	76	E5	5	443
49	45	91	45a	249	135	0.0	3/8	3/8	6/8	1	1	0	grace8after	1/8	1		1	79	G5	5	444
49	45	91	45a	249	135	0.0	3/8	3/8	6/8	1	1	0	appoggiatura	1/8	1		4	76	E5	5	445
49	45	91	45a	249	135	1.0	3/8	3/8	6/8	2	1	1/4		1/4	1		2	50	D3	3	448
49	45	91	45a	249	135	1.5	3/8	3/8	6/8	1	1	3/8		1/4	3/2		-1	77	F5	5	446
50	46	92	46a	501/2	273/2	1.0	0	0	6/8	2	1	1/4		1/4	1		0	48	C3	3	455
50	46	92	46a	501/2	273/2	0.5	0	0	6/8	1	1	1/8		1/8	1		4	76	E5	5	449
50	46	92	46a	251	137	0.5	1/8	1/8	6/8	1	1	1/8		1/8	1		0	84	C6	6	450
50	46	92	46a	503/2	275/2	0.5	1/4	1/4	6/8	1	1	1/8		1/8	1		-2	82	Bb5	5	451
50	46	92	46a	252	138	1.0	3/8	3/8	6/8	2	1	1/4		1/4	1		-1	65	F4	4	456
50	46	92	46a	252	138	0.5	3/8	3/8	6/8	1	1	1/8		1/8	1		3	81	A5	5	452
50	46	92	46a	505/2	277/2	0.5	1/2	1/2	6/8	1	1	1/8		1/8	1		-2	82	Bb5	5	453
50	46	92	46a	253	139	0.5	5/8	5/8	6/8	1	1	1/8		1/8	1		0	84	C6	6	454
51	47	93	47a	507/2	279/2	1.0	0	0	6/8	2	1	1/4		1/4	1		4	64	E4	4	463
51	47	93	47a	507/2	279/2	0.5	0	0	6/8	1	1	1/8		1/8	1		1	79	G5	5	457
51	47	93	47a	254	140	0.5	1/8	1/8	6/8	1	1	1/8		1/8	1		0	84	C6	6	458
51	47	93	47a	509/2	281/2	0.5	1/4	1/4	6/8	1	1	1/8		1/8	1		4	76	E5	5	459
51	47	93	47a	255	141	0.0	3/8	3/8	6/8	1	1	0	grace8after	1/8	1		1	79	G5	5	460
51	47	93	47a	255	141	0.0	3/8	3/8	6/8	1	1	0	appoggiatura	1/8	1		4	76	E5	5	461
51	47	93	47a	255	141	1.0	3/8	3/8	6/8	2	1	1/4		1/4	1		2	62	D4	4	464
51	47	93	47a	255	141	1.5	3/8	3/8	6/8	1	1	3/8		1/4	3/2		-1	77	F5	5	462
52	48	94	48a	513/2	285/2	0.5	0	0	6/8	2	1	1/8		1/8	1		0	60	C4	4	469
52	48	94	48a	513/2	285/2	0.5	0	0	6/8	1	1	1/8		1/8	1		4	76	E5	5	465
52	48	94	48a	257	143	0.5	1/8	1/8	6/8	2	1	1/8		1/8	1		-2	58	Bb3	3	470
52	48	94	48a	257	143	0.5	1/8	1/8	6/8	1	1	1/8		1/8	1		2	74	D5	5	466
52	48	94	48a	515/2	287/2	0.5	1/4	1/4	6/8	2	1	1/8		1/8	1		3	57	A3	3	471
52	48	94	48a	515/2	287/2	0.5	1/4	1/4	6/8	1	1	1/8		1/8	1		0	72	C5	5	467
52	48	94	48a	258	144	0.5	3/8	3/8	6/8	2	1	1/8		1/8	1		2	62	D4	4	472
52	48	94	48a	258	144	1.0	3/8	3/8	6/8	1	1	1/4		1/4	1		-1	77	F5	5	468
52	48	94	48a	517/2	289/2	0.5	1/2	1/2	6/8	2	1	1/8		1/8	1		0	60	C4	4	473
52	48	94	48a	259	145	0.5	5/8	5/8	6/8	2	1	1/8		1/8	1		-2	58	Bb3	3	474
53	49	95	49a	519/2	291/2	0.5	0	0	6/8	2	1	1/8		1/8	1		3	57	A3	3	477
53	49	95	49a	519/2	291/2	1.0	0	0	6/8	1	1	1/4		1/4	1		-1	77	F5	5	475
53	49	95	49a	260	146	0.5	1/8	1/8	6/8	2	1	1/8		1/8	1		1	55	G3	3	478
53	49	95	49a	521/2	293/2	0.5	1/4	1/4	6/8	2	1	1/8		1/8	1		-1	53	F3	3	479
53	49	95	49a	261	147	0.5	3/8	3/8	6/8	2	1	1/8		1/8	1		2	62	D4	4	480
53	49	95	49a	261	147	1.0	3/8	3/8	6/8	1	1	1/4		1/4	1		-1	77	F5	5	476
53	49	95	49a	523/2	295/2	0.5	1/2	1/2	6/8	2	1	1/8		1/8	1		0	60	C4	4	481
53	49	95	49a	262	148	0.5	5/8	5/8	6/8	2	1	1/8		1/8	1		-2	58	Bb3	3	482
54	50	96	50a	525/2	297/2	0.5	0	0	6/8	2	1	1/8		1/8	1		3	57	A3	3	487
54	50	96	50a	525/2	297/2	1.0	0	0	6/8	1	1	1/4		1/4	1		-1	77	F5	5	483
54	50	96	50a	263	149	0.5	1/8	1/8	6/8	2	1	1/8		1/8	1		1	55	G3	3	488
54	50	96	50a	527/2	299/2	0.5	1/4	1/4	6/8	2	1	1/8		1/8	1		-1	53	F3	3	489
54	50	96	50a	264	150	0.5	3/8	3/8	6/8	2	1	1/8		1/8	1		2	50	D3	3	490
54	50	96	50a	264	150	0.5	3/8	3/8	6/8	1	1	1/8		1/8	1		-1	77	F5	5	484
54	50	96	50a	529/2	301/2	0.5	1/2	1/2	6/8	2	1	1/8		1/8	1		0	48	C3	3	491
54	50	96	50a	529/2	301/2	0.5	1/2	1/2	6/8	1	1	1/8		1/8	1		4	76	E5	5	485
54	50	96	50a	265	151	0.5	5/8	5/8	6/8	2	1	1/8		1/8	1		-2	46	Bb2	2	492
54	50	96	50a	265	151	0.5	5/8	5/8	6/8	1	1	1/8		1/8	1		2	74	D5	5	486
55	51	97	51a	531/2	303/2	0.5	0	0	6/8	2	1	1/8		1/8	1		3	45	A2	2	499
55	51	97	51a	531/2	303/2	0.5	0	0	6/8	1	1	1/8		1/8	1		0	72	C5	5	493
55	51	97	51a	266	152	0.5	1/8	1/8	6/8	2	1	1/8		1/8	1		-2	46	Bb2	2	500
55	51	97	51a	266	152	0.5	1/8	1/8	6/8	1	1	1/8		1/8	1		2	74	D5	5	494
55	51	97	51a	533/2	305/2	0.5	1/4	1/4	6/8	2	1	1/8		1/8	1		0	48	C3	3	501
55	51	97	51a	533/2	305/2	0.5	1/4	1/4	6/8	1	1	1/8		1/8	1		4	76	E5	5	495
55	51	97	51a	267	153	0.5	3/8	3/8	6/8	2	1	1/8		1/8	1		2	50	D3	3	502
55	51	97	51a	267	153	0.5	3/8	3/8	6/8	1	1	1/8		1/8	1		-1	77	F5	5	496
55	51	97	51a	535/2	307/2	0.5	1/2	1/2	6/8	2	1	1/8		1/8	1		0	48	C3	3	503
55	51	97	51a	535/2	307/2	0.5	1/2	1/2	6/8	1	1	1/8		1/8	1		4	76	E5	5	497
55	51	97	51a	268	154	0.5	5/8	5/8	6/8	2	1	1/8		1/8	1		-2	46	Bb2	2	504
55	51	97	51a	268	154	0.5	5/8	5/8	6/8	1	1	1/8		1/8	1		2	74	D5	5	498
56	52	98	52a	537/2	309/2	0.5	0	0	6/8	2	1	1/8		1/8	1		3	45	A2	2	509
56	52	98	52a	537/2	309/2	1.0	0	0	6/8	1	1	1/4		1/4	1		0	72	C5	5	505
56	52	98	52a	269	155	0.5	1/8	1/8	6/8	2	1	1/8		1/8	1		1	43	G2	2	510
56	52	98	52a	539/2	311/2	0.5	1/4	1/4	6/8	2	1	1/8		1/8	1		-1	41	F2	2	511
56	52	98	52a	270	156	0.5	3/8	3/8	6/8	2	1	1/8		1/8	1		-2	46	Bb2	2	512
56	52	98	52a	270	156	0.5	3/8	3/8	6/8	1	1	1/8		1/8	1		2	74	D5	5	506
56	52	98	52a	541/2	313/2	0.5	1/2	1/2	6/8	2	1	1/8		1/8	1		3	45	A2	2	513
56	52	98	52a	541/2	313/2	0.5	1/2	1/2	6/8	1	1	1/8		1/8	1		0	72	C5	5	507
56	52	98	52a	271	157	0.5	5/8	5/8	6/8	2	1	1/8		1/8	1		1	43	G2	2	514
56	52	98	52a	271	157	0.5	5/8	5/8	6/8	1	1	1/8		1/8	1		-2	70	Bb4	4	508
57	53	99	53a	543/2	315/2	0.5	0	0	6/8	2	1	1/8		1/8	1		-1	41	F2	2	521
57	53	99	53a	543/2	315/2	0.5	0	0	6/8	1	1	1/8		1/8	1		3	69	A4	4	515
57	53	99	53a	272	158	0.5	1/8	1/8	6/8	2	1	1/8		1/8	1		1	43	G2	2	522
57	53	99	53a	272	158	0.5	1/8	1/8	6/8	1	1	1/8		1/8	1		-2	70	Bb4	4	516
57	53	99	53a	545/2	317/2	0.5	1/4	1/4	6/8	2	1	1/8		1/8	1		3	45	A2	2	523
57	53	99	53a	545/2	317/2	0.5	1/4	1/4	6/8	1	1	1/8		1/8	1		0	72	C5	5	517
57	53	99	53a	273	159	0.5	3/8	3/8	6/8	2	1	1/8		1/8	1		-2	46	Bb2	2	524
57	53	99	53a	273	159	0.5	3/8	3/8	6/8	1	1	1/8		1/8	1		2	74	D5	5	518
57	53	99	53a	547/2	319/2	0.5	1/2	1/2	6/8	2	1	1/8		1/8	1		3	45	A2	2	525
57	53	99	53a	547/2	319/2	0.5	1/2	1/2	6/8	1	1	1/8		1/8	1		0	72	C5	5	519
57	53	99	53a	274	160	0.5	5/8	5/8	6/8	2	1	1/8		1/8	1		1	43	G2	2	526
57	53	99	53a	274	160	0.5	5/8	5/8	6/8	1	1	1/8		1/8	1		-2	70	Bb4	4	520
58	54	100	54a	549/2	321/2	1.0	0	0	6/8	2	1	1/4		1/4	1		-1	41	F2	2	529
58	54	100	54a	549/2	321/2	1.0	0	0	6/8	1	1	1/4		1/4	1		0	72	C5	5	527
58	54	100	54a	551/2	323/2	0.5	1/4	1/4	6/8	1	1	1/8		1/8	1		-1	65	F4	4	528
32	28	101	54a	276	84	0.5	0	3/8	6/8	2	1	1/8		1/8	1		-1	65	F4	4	289
32	28	101	54a	276	84	1.0	0	3/8	6/8	1	1	1/4		1/4	1		3	81	A5	5	288
32	28	101	54a	553/2	169/2	0.5	1/8	1/2	6/8	2	1	1/8		1/8	1		4	64	E4	4	290
32	28	101	54a	277	85	0.5	1/4	5/8	6/8	2	1	1/8		1/8	1		2	62	D4	4	291
33	29	102	29b	555/2	171/2	0.5	0	0	6/8	2	1	1/8		1/8	1		7	61	C#4	4	294
33	29	102	29b	555/2	171/2	1.0	0	0	6/8	1	1	1/4		1/4	1		3	81	A5	5	292
33	29	102	29b	278	86	0.5	1/8	1/8	6/8	2	1	1/8		1/8	1		2	62	D4	4	295
33	29	102	29b	557/2	173/2	0.5	1/4	1/4	6/8	2	1	1/8		1/8	1		4	64	E4	4	296
33	29	102	29b	279	87	0.5	3/8	3/8	6/8	2	1	1/8		1/8	1		-1	65	F4	4	297
33	29	102	29b	279	87	1.0	3/8	3/8	6/8	1	1	1/4		1/4	1		3	81	A5	5	293
33	29	102	29b	559/2	175/2	0.5	1/2	1/2	6/8	2	1	1/8		1/8	1		4	64	E4	4	298
33	29	102	29b	280	88	0.5	5/8	5/8	6/8	2	1	1/8		1/8	1		2	62	D4	4	299
34	30	103	30b	561/2	177/2	0.5	0	0	6/8	2	1	1/8		1/8	1		7	61	C#4	4	304
34	30	103	30b	561/2	177/2	1.0	0	0	6/8	1	1	1/4		1/4	1		3	81	A5	5	300
34	30	103	30b	281	89	0.5	1/8	1/8	6/8	2	1	1/8		1/8	1		5	59	B3	3	305
34	30	103	30b	563/2	179/2	0.5	1/4	1/4	6/8	2	1	1/8		1/8	1		3	57	A3	3	306
34	30	103	30b	282	90	0.5	3/8	3/8	6/8	2	1	1/8		1/8	1		-1	53	F3	3	307
34	30	103	30b	282	90	0.5	3/8	3/8	6/8	1	1	1/8		1/8	1		2	74	D5	5	301
34	30	103	30b	565/2	181/2	0.5	1/2	1/2	6/8	2	1	1/8		1/8	1		4	52	E3	3	308
34	30	103	30b	565/2	181/2	0.5	1/2	1/2	6/8	1	1	1/8		1/8	1		7	73	C#5	5	302
34	30	103	30b	283	91	0.5	5/8	5/8	6/8	2	1	1/8		1/8	1		2	50	D3	3	309
34	30	103	30b	283	91	0.5	5/8	5/8	6/8	1	1	1/8		1/8	1		5	71	B4	4	303
35	31	104	31b	567/2	183/2	0.5	0	0	6/8	2	1	1/8		1/8	1		7	49	C#3	3	316
35	31	104	31b	567/2	183/2	0.5	0	0	6/8	1	1	1/8		1/8	1		3	69	A4	4	310
35	31	104	31b	284	92	0.5	1/8	1/8	6/8	2	1	1/8		1/8	1		2	50	D3	3	317
35	31	104	31b	284	92	0.5	1/8	1/8	6/8	1	1	1/8		1/8	1		5	71	B4	4	311
35	31	104	31b	569/2	185/2	0.5	1/4	1/4	6/8	2	1	1/8		1/8	1		4	52	E3	3	318
35	31	104	31b	569/2	185/2	0.5	1/4	1/4	6/8	1	1	1/8		1/8	1		7	73	C#5	5	312
35	31	104	31b	285	93	0.5	3/8	3/8	6/8	2	1	1/8		1/8	1		-1	53	F3	3	319
35	31	104	31b	285	93	0.5	3/8	3/8	6/8	1	1	1/8		1/8	1		2	74	D5	5	313
35	31	104	31b	571/2	187/2	0.5	1/2	1/2	6/8	2	1	1/8		1/8	1		4	52	E3	3	320
35	31	104	31b	571/2	187/2	0.5	1/2	1/2	6/8	1	1	1/8		1/8	1		7	73	C#5	5	314
35	31	104	31b	286	94	0.5	5/8	5/8	6/8	2	1	1/8		1/8	1		2	50	D3	3	321
35	31	104	31b	286	94	0.5	5/8	5/8	6/8	1	1	1/8		1/8	1		5	71	B4	4	315
36	32	105	32b	573/2	189/2	0.5	0	0	6/8	2	1	1/8		1/8	1		7	49	C#3	3	328
36	32	105	32b	573/2	189/2	0.5	0	0	6/8	1	1	1/8		1/8	1		3	69	A4	4	322
36	32	105	32b	287	95	0.5	1/8	1/8	6/8	2	1	1/8		1/8	1		5	47	B2	2	329
36	32	105	32b	287	95	0.5	1/8	1/8	6/8	1	1	1/8		1/8	1		5	71	B4	4	323
36	32	105	32b	575/2	191/2	0.5	1/4	1/4	6/8	2	1	1/8		1/8	1		3	45	A2	2	330
36	32	105	32b	575/2	191/2	0.5	1/4	1/4	6/8	1	1	1/8		1/8	1		7	73	C#5	5	324
36	32	105	32b	288	96	0.5	3/8	3/8	6/8	2	1	1/8		1/8	1		-1	53	F3	3	331
36	32	105	32b	288	96	0.5	3/8	3/8	6/8	1	1	1/8		1/8	1		2	74	D5	5	325
36	32	105	32b	577/2	193/2	0.5	1/2	1/2	6/8	2	1	1/8		1/8	1		4	52	E3	3	332
36	32	105	32b	577/2	193/2	0.5	1/2	1/2	6/8	1	1	1/8		1/8	1		7	73	C#5	5	326
36	32	105	32b	289	97	0.5	5/8	5/8	6/8	2	1	1/8		1/8	1		2	50	D3	3	333
36	32	105	32b	289	97	0.5	5/8	5/8	6/8	1	1	1/8		1/8	1		2	74	D5	5	327
37	33	106	33b	579/2	195/2	0.5	0	0	6/8	2	1	1/8		1/8	1		7	49	C#3	3	341
37	33	106	33b	579/2	195/2	0.5	0	0	6/8	1	1	1/8		1/8	1		4	76	E5	5	334
37	33	106	33b	290	98	0.5	1/8	1/8	6/8	2	1	1/8		1/8	1		5	47	B2	2	342
37	33	106	33b	290	98	0.25	1/8	1/8	6/8	1	1	1/16		1/16	1		-1	77	F5	5	335
37	33	106	33b	1161/4	393/4	0.5	3/16	3/16	6/8	1	1	1/8		1/8	1		4	76	E5	5	336
37	33	106	33b	581/2	197/2	0.5	1/4	1/4	6/8	2	1	1/8		1/8	1		3	45	A2	2	343
37	33	106	33b	1163/4	395/4	0.25	5/16	5/16	6/8	1	1	1/16		1/16	1		-1	77	F5	5	337
37	33	106	33b	291	99	1.0	3/8	3/8	6/8	2	1	1/4		1/4	1		2	50	D3	3	344
37	33	106	33b	291	99	1.0	3/8	3/8	6/8	1	1	1/4		1/4	1		1	79	G5	5	338
37	33	106	33b	292	100	0.5	5/8	5/8	6/8	2	1	1/8		1/8	1		2	38	D2	2	345
37	33	106	33b	292	100	0.375	5/8	5/8	6/8	1	1	3/32		1/16	3/2		-1	77	F5	5	339
37	33	106	33b	2339/8	803/8	0.125	23/32	23/32	6/8	1	1	1/32		1/32	1		4	76	E5	5	340
38	34	107	34b	585/2	201/2	0.5	0	0	6/8	2	1	1/8		1/8	1		3	45	A2	2	348
38	34	107	34b	585/2	201/2	1.0	0	0	6/8	1	1	1/4		1/4	1		4	76	E5	5	346
38	34	107	34b	293	101	0.5	1/8	1/8	6/8	2	1	1/8		1/8	1		3	57	A3	3	349
38	34	107	34b	587/2	203/2	0.5	1/4	1/4	6/8	2	1	1/8		1/8	1		1	55	G3	3	350
38	34	107	34b	294	102	0.5	3/8	3/8	6/8	2	1	1/8		1/8	1		-1	53	F3	3	351
38	34	107	34b	294	102	1.0	3/8	3/8	6/8	1	1	1/4		1/4	1		3	69	A4	4	347
38	34	107	34b	589/2	205/2	0.5	1/2	1/2	6/8	2	1	1/8		1/8	1		4	52	E3	3	352
38	34	107	34b	295	103	0.5	5/8	5/8	6/8	2	1	1/8		1/8	1		2	50	D3	3	353
39	35	108	35b	591/2	207/2	0.5	0	0	6/8	2	1	1/8		1/8	1		1	55	G3	3	356
39	35	108	35b	591/2	207/2	1.0	0	0	6/8	1	1	1/4		1/4	1		5	71	B4	4	354
39	35	108	35b	296	104	0.5	1/8	1/8	6/8	2	1	1/8		1/8	1		-1	53	F3	3	357
39	35	108	35b	593/2	209/2	0.5	1/4	1/4	6/8	2	1	1/8		1/8	1		4	52	E3	3	358
39	35	108	35b	297	105	0.5	3/8	3/8	6/8	2	1	1/8		1/8	1		3	57	A3	3	359
39	35	108	35b	297	105	1.0	3/8	3/8	6/8	1	1	1/4		1/4	1		7	73	C#5	5	355
39	35	108	35b	595/2	211/2	0.5	1/2	1/2	6/8	2	1	1/8		1/8	1		1	55	G3	3	360
39	35	108	35b	298	106	0.5	5/8	5/8	6/8	2	1	1/8		1/8	1		-1	53	F3	3	361
40	36	109	36b	597/2	213/2	0.5	0	0	6/8	2	1	1/8		1/8	1		-2	58	Bb3	3	368
40	36	109	36b	597/2	213/2	0.5	0	0	6/8	1	1	1/8		1/8	1		2	74	D5	5	362
40	36	109	36b	299	107	0.5	1/8	1/8	6/8	2	1	1/8		1/8	1		3	57	A3	3	369
40	36	109	36b	299	107	0.5	1/8	1/8	6/8	1	1	1/8		1/8	1		0	72	C5	5	363
40	36	109	36b	599/2	215/2	0.5	1/4	1/4	6/8	2	1	1/8		1/8	1		1	55	G3	3	370
40	36	109	36b	599/2	215/2	0.5	1/4	1/4	6/8	1	1	1/8		1/8	1		-2	70	Bb4	4	364
40	36	109	36b	300	108	1.0	3/8	3/8	6/8	2	1	1/4		1/4	1		-1	53	F3	3	371
40	36	109	36b	300	108	0.5	3/8	3/8	6/8	1	1	1/8		1/8	1		3	69	A4	4	365
40	36	109	36b	601/2	217/2	0.5	1/2	1/2	6/8	1	1	1/8		1/8	1		5	71	B4	4	366
40	36	109	36b	301	109	0.5	5/8	5/8	6/8	1	1	1/8		1/8	1		0	72	C5	5	367
41	37	110	37b	603/2	219/2	1.0	0	0	6/8	2	1	1/4		1/4	1		1	55	G3	3	378
41	37	110	37b	603/2	219/2	0.5	0	0	6/8	1	1	1/8		1/8	1		5	71	B4	4	372
41	37	110	37b	302	110	0.5	1/8	1/8	6/8	1	1	1/8		1/8	1		7	73	C#5	5	373
41	37	110	37b	605/2	221/2	0.5	1/4	1/4	6/8	1	1	1/8		1/8	1		2	74	D5	5	374
41	37	110	37b	303	111	1.0	3/8	3/8	6/8	2	1	1/4		1/4	1		3	57	A3	3	379
41	37	110	37b	303	111	0.5	3/8	3/8	6/8	1	1	1/8		1/8	1		7	73	C#5	5	375
41	37	110	37b	607/2	223/2	0.5	1/2	1/2	6/8	1	1	1/8		1/8	1		2	74	D5	5	376
41	37	110	37b	304	112	0.5	5/8	5/8	6/8	1	1	1/8		1/8	1		4	76	E5	5	377
42	38	111	38b	609/2	225/2	1.0	0	0	6/8	2	1	1/4		1/4	1		-2	58	Bb3	3	386
42	38	111	38b	609/2	225/2	0.5	0	0	6/8	1	1	1/8		1/8	1		2	74	D5	5	380
42	38	111	38b	305	113	0.5	1/8	1/8	6/8	1	1	1/8		1/8	1		4	76	E5	5	381
42	38	111	38b	611/2	227/2	0.5	1/4	1/4	6/8	2	1	1/8		1/8	1		3	57	A3	3	387
42	38	111	38b	611/2	227/2	0.5	1/4	1/4	6/8	1	1	1/8		1/8	1		-1	77	F5	5	382
42	38	111	38b	306	114	0.5	3/8	3/8	6/8	2	1	1/8		1/8	1		1	55	G3	3	388
42	38	111	38b	306	114	0.5	3/8	3/8	6/8	1	1	1/8		1/8	1		1	79	G5	5	383
42	38	111	38b	613/2	229/2	0.5	1/2	1/2	6/8	2	1	1/8		1/8	1		-1	53	F3	3	389
42	38	111	38b	613/2	229/2	0.5	1/2	1/2	6/8	1	1	1/8		1/8	1		3	81	A5	5	384
42	38	111	38b	307	115	0.5	5/8	5/8	6/8	2	1	1/8		1/8	1		4	52	E3	3	390
42	38	111	38b	307	115	0.5	5/8	5/8	6/8	1	1	1/8		1/8	1		-2	82	Bb5	5	385
43	39	112	39b	615/2	231/2	1.0	0	0	6/8	2	1	1/4		1/4	1		-1	53	F3	3	397
43	39	112	39b	615/2	231/2	0.5	0	0	6/8	1	1	1/8		1/8	1		3	81	A5	5	391
43	39	112	39b	308	116	0.5	1/8	1/8	6/8	1	1	1/8		1/8	1		2	74	D5	5	392
43	39	112	39b	617/2	233/2	0.5	1/4	1/4	6/8	2	1	1/8		1/8	1		1	55	G3	3	398
43	39	112	39b	617/2	233/2	0.5	1/4	1/4	6/8	1	1	1/8		1/8	1		4	76	E5	5	393
43	39	112	39b	309	117	1.0	3/8	3/8	6/8	2	1	1/4		1/4	1		3	57	A3	3	399
43	39	112	39b	309	117	1.0	3/8	3/8	6/8	1	1	1/4		1/4	1		-1	77	F5	5	394
43	39	112	39b	310	118	0.5	5/8	5/8	6/8	2	1	1/8		1/8	1		3	45	A2	2	400
43	39	112	39b	310	118	0.375	5/8	5/8	6/8	1	1	3/32		1/16	3/2		4	76	E5	5	395
43	39	112	39b	2483/8	947/8	0.125	23/32	23/32	6/8	1	1	1/32		1/32	1		2	74	D5	5	396
44	40	113	40b	621/2	237/2	0.5	0	0	6/8	2	1	1/8		1/8	1		2	50	D3	3	405
44	40	113	40b	621/2	237/2	1.0	0	0	6/8	1	1	1/4		1/4	1		2	74	D5	5	401
44	40	113	40b	311	119	0.5	1/8	1/8	6/8	2	1	1/8		1/8	1		2	62	D4	4	406
44	40	113	40b	623/2	239/2	0.5	1/4	1/4	6/8	2	1	1/8		1/8	1		0	60	C4	4	407
44	40	113	40b	312	120	1.0	3/8	3/8	6/8	2	1	1/4		1/4	1		-2	58	Bb3	3	408
44	40	113	40b	312	120	0.5	3/8	3/8	6/8	1	1	1/8		1/8	1		-1	77	F5	5	402
44	40	113	40b	625/2	241/2	0.5	1/2	1/2	6/8	1	1	1/8		1/8	1		4	76	E5	5	403
44	40	113	40b	313	121	0.5	5/8	5/8	6/8	1	1	1/8		1/8	1		2	74	D5	5	404
45	41	114	41b	627/2	243/2	1.0	0	0	6/8	2	1	1/4		1/4	1		3	57	A3	3	415
45	41	114	41b	627/2	243/2	0.5	0	0	6/8	1	1	1/8		1/8	1		0	72	C5	5	409
45	41	114	41b	314	122	0.5	1/8	1/8	6/8	1	1	1/8		1/8	1		-1	77	F5	5	410
45	41	114	41b	629/2	245/2	0.5	1/4	1/4	6/8	1	1	1/8		1/8	1		3	69	A4	4	411
45	41	114	41b	315	123	0.0	3/8	3/8	6/8	1	1	0	grace8after	1/8	1		0	72	C5	5	412
45	41	114	41b	315	123	0.0	3/8	3/8	6/8	1	1	0	appoggiatura	1/8	1		3	69	A4	4	413
45	41	114	41b	315	123	1.0	3/8	3/8	6/8	2	1	1/4		1/4	1		1	55	G3	3	416
45	41	114	41b	315	123	1.5	3/8	3/8	6/8	1	1	3/8		1/4	3/2		-2	70	Bb4	4	414
46	42	115	42b	633/2	249/2	1.0	0	0	6/8	2	1	1/4		1/4	1		-1	53	F3	3	423
46	42	115	42b	633/2	249/2	0.5	0	0	6/8	1	1	1/8		1/8	1		3	69	A4	4	417
46	42	115	42b	317	125	0.5	1/8	1/8	6/8	1	1	1/8		1/8	1		-1	77	F5	5	418
46	42	115	42b	635/2	251/2	0.5	1/4	1/4	6/8	1	1	1/8		1/8	1		4	76	E5	5	419
46	42	115	42b	318	126	1.0	3/8	3/8	6/8	2	1	1/4		1/4	1		-2	70	Bb4	4	424
46	42	115	42b	318	126	0.5	3/8	3/8	6/8	1	1	1/8		1/8	1		2	74	D5	5	420
46	42	115	42b	637/2	253/2	0.5	1/2	1/2	6/8	1	1	1/8		1/8	1		4	76	E5	5	421
46	42	115	42b	319	127	0.5	5/8	5/8	6/8	1	1	1/8		1/8	1		-1	77	F5	5	422
47	43	116	43b	639/2	255/2	1.0	0	0	6/8	2	1	1/4		1/4	1		3	69	A4	4	431
47	43	116	43b	639/2	255/2	0.5	0	0	6/8	1	1	1/8		1/8	1		0	72	C5	5	425
47	43	116	43b	320	128	0.5	1/8	1/8	6/8	1	1	1/8		1/8	1		-1	77	F5	5	426
47	43	116	43b	641/2	257/2	0.5	1/4	1/4	6/8	1	1	1/8		1/8	1		3	69	A4	4	427
47	43	116	43b	321	129	0.0	3/8	3/8	6/8	1	1	0	grace8after	1/8	1		0	72	C5	5	428
47	43	116	43b	321	129	0.0	3/8	3/8	6/8	1	1	0	appoggiatura	1/8	1		3	69	A4	4	429
47	43	116	43b	321	129	1.0	3/8	3/8	6/8	2	1	1/4		1/4	1		1	67	G4	4	432
47	43	116	43b	321	129	1.5	3/8	3/8	6/8	1	1	3/8		1/4	3/2		-2	70	Bb4	4	430
48	44	117	44b	645/2	261/2	1.0	0	0	6/8	2	1	1/4		1/4	1		-1	65	F4	4	439
48	44	117	44b	645/2	261/2	0.5	0	0	6/8	1	1	1/8		1/8	1		3	69	A4	4	433
48	44	117	44b	323	131	0.5	1/8	1/8	6/8	1	1	1/8		1/8	1		0	84	C6	6	434
48	44	117	44b	647/2	263/2	0.5	1/4	1/4	6/8	1	1	1/8		1/8	1		-2	82	Bb5	5	435
48	44	117	44b	324	132	1.0	3/8	3/8	6/8	2	1	1/4		1/4	1		-1	53	F3	3	440
48	44	117	44b	324	132	0.5	3/8	3/8	6/8	1	1	1/8		1/8	1		3	81	A5	5	436
48	44	117	44b	649/2	265/2	0.5	1/2	1/2	6/8	1	1	1/8		1/8	1		-2	82	Bb5	5	437
48	44	117	44b	325	133	0.5	5/8	5/8	6/8	1	1	1/8		1/8	1		0	84	C6	6	438
49	45	118	45b	651/2	267/2	1.0	0	0	6/8	2	1	1/4		1/4	1		4	52	E3	3	447
49	45	118	45b	651/2	267/2	0.5	0	0	6/8	1	1	1/8		1/8	1		1	79	G5	5	441
49	45	118	45b	326	134	0.5	1/8	1/8	6/8	1	1	1/8		1/8	1		0	84	C6	6	442
49	45	118	45b	653/2	269/2	0.5	1/4	1/4	6/8	1	1	1/8		1/8	1		4	76	E5	5	443
49	45	118	45b	327	135	0.0	3/8	3/8	6/8	1	1	0	grace8after	1/8	1		1	79	G5	5	444
49	45	118	45b	327	135	0.0	3/8	3/8	6/8	1	1	0	appoggiatura	1/8	1		4	76	E5	5	445
49	45	118	45b	327	135	1.0	3/8	3/8	6/8	2	1	1/4		1/4	1		2	50	D3	3	448
49	45	118	45b	327	135	1.5	3/8	3/8	6/8	1	1	3/8		1/4	3/2		-1	77	F5	5	446
50	46	119	46b	657/2	273/2	1.0	0	0	6/8	2	1	1/4		1/4	1		0	48	C3	3	455
50	46	119	46b	657/2	273/2	0.5	0	0	6/8	1	1	1/8		1/8	1		4	76	E5	5	449
50	46	119	46b	329	137	0.5	1/8	1/8	6/8	1	1	1/8		1/8	1		0	84	C6	6	450
50	46	119	46b	659/2	275/2	0.5	1/4	1/4	6/8	1	1	1/8		1/8	1		-2	82	Bb5	5	451
50	46	119	46b	330	138	1.0	3/8	3/8	6/8	2	1	1/4		1/4	1		-1	65	F4	4	456
50	46	119	46b	330	138	0.5	3/8	3/8	6/8	1	1	1/8		1/8	1		3	81	A5	5	452
50	46	119	46b	661/2	277/2	0.5	1/2	1/2	6/8	1	1	1/8		1/8	1		-2	82	Bb5	5	453
50	46	119	46b	331	139	0.5	5/8	5/8	6/8	1	1	1/8		1/8	1		0	84	C6	6	454
51	47	120	47b	663/2	279/2	1.0	0	0	6/8	2	1	1/4		1/4	1		4	64	E4	4	463
51	47	120	47b	663/2	279/2	0.5	0	0	6/8	1	1	1/8		1/8	1		1	79	G5	5	457
51	47	120	47b	332	140	0.5	1/8	1/8	6/8	1	1	1/8		1/8	1		0	84	C6	6	458
51	47	120	47b	665/2	281/2	0.5	1/4	1/4	6/8	1	1	1/8		1/8	1		4	76	E5	5	459
51	47	120	47b	333	141	0.0	3/8	3/8	6/8	1	1	0	grace8after	1/8	1		1	79	G5	5	460
51	47	120	47b	333	141	0.0	3/8	3/8	6/8	1	1	0	appoggiatura	1/8	1		4	76	E5	5	461
51	47	120	47b	333	141	1.0	3/8	3/8	6/8	2	1	1/4		1/4	1		2	62	D4	4	464
51	47	120	47b	333	141	1.5	3/8	3/8	6/8	1	1	3/8		1/4	3/2		-1	77	F5	5	462
52	48	121	48b	669/2	285/2	0.5	0	0	6/8	2	1	1/8		1/8	1		0	60	C4	4	469
52	48	121	48b	669/2	285/2	0.5	0	0	6/8	1	1	1/8		1/8	1		4	76	E5	5	465
52	48	121	48b	335	143	0.5	1/8	1/8	6/8	2	1	1/8		1/8	1		-2	58	Bb3	3	470
52	48	121	48b	335	143	0.5	1/8	1/8	6/8	1	1	1/8		1/8	1		2	74	D5	5	466
52	48	121	48b	671/2	287/2	0.5	1/4	1/4	6/8	2	1	1/8		1/8	1		3	57	A3	3	471
52	48	121	48b	671/2	287/2	0.5	1/4	1/4	6/8	1	1	1/8		1/8	1		0	72	C5	5	467
52	48	121	48b	336	144	0.5	3/8	3/8	6/8	2	1	1/8		1/8	1		2	62	D4	4	472
52	48	121	48b	336	144	1.0	3/8	3/8	6/8	1	1	1/4		1/4	1		-1	77	F5	5	468
52	48	121	48b	673/2	289/2	0.5	1/2	1/2	6/8	2	1	1/8		1/8	1		0	60	C4	4	473
52	48	121	48b	337	145	0.5	5/8	5/8	6/8	2	1	1/8		1/8	1		-2	58	Bb3	3	474
53	49	122	49b	675/2	291/2	0.5	0	0	6/8	2	1	1/8		1/8	1		3	57	A3	3	477
53	49	122	49b	675/2	291/2	1.0	0	0	6/8	1	1	1/4		1/4	1		-1	77	F5	5	475
53	49	122	49b	338	146	0.5	1/8	1/8	6/8	2	1	1/8		1/8	1		1	55	G3	3	478
53	49	122	49b	677/2	293/2	0.5	1/4	1/4	6/8	2	1	1/8		1/8	1		-1	53	F3	3	479
53	49	122	49b	339	147	0.5	3/8	3/8	6/8	2	1	1/8		1/8	1		2	62	D4	4	480
53	49	122	49b	339	147	1.0	3/8	3/8	6/8	1	1	1/4		1/4	1		-1	77	F5	5	476
53	49	122	49b	679/2	295/2	0.5	1/2	1/2	6/8	2	1	1/8		1/8	1		0	60	C4	4	481
53	49	122	49b	340	148	0.5	5/8	5/8	6/8	2	1	1/8		1/8	1		-2	58	Bb3	3	482
54	50	123	50b	681/2	297/2	0.5	0	0	6/8	2	1	1/8		1/8	1		3	57	A3	3	487
54	50	123	50b	681/2	297/2	1.0	0	0	6/8	1	1	1/4		1/4	1		-1	77	F5	5	483
54	50	123	50b	341	149	0.5	1/8	1/8	6/8	2	1	1/8		1/8	1		1	55	G3	3	488
54	50	123	50b	683/2	299/2	0.5	1/4	1/4	6/8	2	1	1/8		1/8	1		-1	53	F3	3	489
54	50	123	50b	342	150	0.5	3/8	3/8	6/8	2	1	1/8		1/8	1		2	50	D3	3	490
54	50	123	50b	342	150	0.5	3/8	3/8	6/8	1	1	1/8		1/8	1		-1	77	F5	5	484
54	50	123	50b	685/2	301/2	0.5	1/2	1/2	6/8	2	1	1/8		1/8	1		0	48	C3	3	491
54	50	123	50b	685/2	301/2	0.5	1/2	1/2	6/8	1	1	1/8		1/8	1		4	76	E5	5	485
54	50	123	50b	343	151	0.5	5/8	5/8	6/8	2	1	1/8		1/8	1		-2	46	Bb2	2	492
54	50	123	50b	343	151	0.5	5/8	5/8	6/8	1	1	1/8		1/8	1		2	74	D5	5	486
55	51	124	51b	687/2	303/2	0.5	0	0	6/8	2	1	1/8		1/8	1		3	45	A2	2	499
55	51	124	51b	687/2	303/2	0.5	0	0	6/8	1	1	1/8		1/8	1		0	72	C5	5	493
55	51	124	51b	344	152	0.5	1/8	1/8	6/8	2	1	1/8		1/8	1		-2	46	Bb2	2	500
55	51	124	51b	344	152	0.5	1/8	1/8	6/8	1	1	1/8		1/8	1		2	74	D5	5	494
55	51	124	51b	689/2	305/2	0.5	1/4	1/4	6/8	2	1	1/8		1/8	1		0	48	C3	3	501
55	51	124	51b	689/2	305/2	0.5	1/4	1/4	6/8	1	1	1/8		1/8	1		4	76	E5	5	495
55	51	124	51b	345	153	0.5	3/8	3/8	6/8	2	1	1/8		1/8	1		2	50	D3	3	502
55	51	124	51b	345	153	0.5	3/8	3/8	6/8	1	1	1/8		1/8	1		-1	77	F5	5	496
55	51	124	51b	691/2	307/2	0.5	1/2	1/2	6/8	2	1	1/8		1/8	1		0	48	C3	3	503
55	51	124	51b	691/2	307/2	0.5	1/2	1/2	6/8	1	1	1/8		1/8	1		4	76	E5	5	497
55	51	124	51b	346	154	0.5	5/8	5/8	6/8	2	1	1/8		1/8	1		-2	46	Bb2	2	504
55	51	124	51b	346	154	0.5	5/8	5/8	6/8	1	1	1/8		1/8	1		2	74	D5	5	498
56	52	125	52b	693/2	309/2	0.5	0	0	6/8	2	1	1/8		1/8	1		3	45	A2	2	509
56	52	125	52b	693/2	309/2	1.0	0	0	6/8	1	1	1/4		1/4	1		0	72	C5	5	505
56	52	125	52b	347	155	0.5	1/8	1/8	6/8	2	1	1/8		1/8	1		1	43	G2	2	510
56	52	125	52b	695/2	311/2	0.5	1/4	1/4	6/8	2	1	1/8		1/8	1		-1	41	F2	2	511
56	52	125	52b	348	156	0.5	3/8	3/8	6/8	2	1	1/8		1/8	1		-2	46	Bb2	2	512
56	52	125	52b	348	156	0.5	3/8	3/8	6/8	1	1	1/8		1/8	1		2	74	D5	5	506
56	52	125	52b	697/2	313/2	0.5	1/2	1/2	6/8	2	1	1/8		1/8	1		3	45	A2	2	513
56	52	125	52b	697/2	313/2	0.5	1/2	1/2	6/8	1	1	1/8		1/8	1		0	72	C5	5	507
56	52	125	52b	349	157	0.5	5/8	5/8	6/8	2	1	1/8		1/8	1		1	43	G2	2	514
56	52	125	52b	349	157	0.5	5/8	5/8	6/8	1	1	1/8		1/8	1		-2	70	Bb4	4	508
57	53	126	53b	699/2	315/2	0.5	0	0	6/8	2	1	1/8		1/8	1		-1	41	F2	2	521
57	53	126	53b	699/2	315/2	0.5	0	0	6/8	1	1	1/8		1/8	1		3	69	A4	4	515
57	53	126	53b	350	158	0.5	1/8	1/8	6/8	2	1	1/8		1/8	1		1	43	G2	2	522
57	53	126	53b	350	158	0.5	1/8	1/8	6/8	1	1	1/8		1/8	1		-2	70	Bb4	4	516
57	53	126	53b	701/2	317/2	0.5	1/4	1/4	6/8	2	1	1/8		1/8	1		3	45	A2	2	523
57	53	126	53b	701/2	317/2	0.5	1/4	1/4	6/8	1	1	1/8		1/8	1		0	72	C5	5	517
57	53	126	53b	351	159	0.5	3/8	3/8	6/8	2	1	1/8		1/8	1		-2	46	Bb2	2	524
57	53	126	53b	351	159	0.5	3/8	3/8	6/8	1	1	1/8		1/8	1		2	74	D5	5	518
57	53	126	53b	703/2	319/2	0.5	1/2	1/2	6/8	2	1	1/8		1/8	1		3	45	A2	2	525
57	53	126	53b	703/2	319/2	0.5	1/2	1/2	6/8	1	1	1/8		1/8	1		0	72	C5	5	519
57	53	126	53b	352	160	0.5	5/8	5/8	6/8	2	1	1/8		1/8	1		1	43	G2	2	526
57	53	126	53b	352	160	0.5	5/8	5/8	6/8	1	1	1/8		1/8	1		-2	70	Bb4	4	520
58	54	127	54b	705/2	321/2	1.0	0	0	6/8	2	1	1/4		1/4	1		-1	41	F2	2	529
58	54	127	54b	705/2	321/2	1.0	0	0	6/8	1	1	1/4		1/4	1		0	72	C5	5	527
58	54	127	54b	707/2	323/2	0.5	1/4	1/4	6/8	1	1	1/8		1/8	1		-1	65	F4	4	528
6	4	128	54b	354	12	0.5	0	3/8	6/8	2	1	1/8		1/8	1		-1	65	F4	4	51
6	4	128	54b	354	12	0.5	0	3/8	6/8	1	1	1/8		1/8	1		3	81	A5	5	48
6	4	128	54b	709/2	25/2	0.5	1/8	1/2	6/8	2	1	1/8		1/8	1		4	64	E4	4	52
6	4	128	54b	709/2	25/2	0.5	1/8	1/2	6/8	1	1	1/8		1/8	1		1	79	G5	5	49
6	4	128	54b	355	13	0.5	1/4	5/8	6/8	2	1	1/8		1/8	1		2	62	D4	4	53
6	4	128	54b	355	13	0.5	1/4	5/8	6/8	1	1	1/8		1/8	1		-1	77	F5	5	50
7	5	129	5d	711/2	27/2	0.5	0	0	6/8	2	1	1/8		1/8	1		0	60	C4	4	60
7	5	129	5d	711/2	27/2	0.5	0	0	6/8	1	1	1/8		1/8	1		4	76	E5	5	54
7	5	129	5d	356	14	0.5	1/8	1/8	6/8	2	1	1/8		1/8	1		2	62	D4	4	61
7	5	129	5d	356	14	0.5	1/8	1/8	6/8	1	1	1/8		1/8	1		2	74	D5	5	55
7	5	129	5d	713/2	29/2	0.5	1/4	1/4	6/8	2	1	1/8		1/8	1		4	64	E4	4	62
7	5	129	5d	713/2	29/2	0.5	1/4	1/4	6/8	1	1	1/8		1/8	1		0	72	C5	5	56
7	5	129	5d	357	15	0.5	3/8	3/8	6/8	2	1	1/8		1/8	1		-1	65	F4	4	63
7	5	129	5d	357	15	0.5	3/8	3/8	6/8	1	1	1/8		1/8	1		3	81	A5	5	57
7	5	129	5d	715/2	31/2	0.5	1/2	1/2	6/8	2	1	1/8		1/8	1		4	64	E4	4	64
7	5	129	5d	715/2	31/2	0.5	1/2	1/2	6/8	1	1	1/8		1/8	1		1	79	G5	5	58
7	5	129	5d	358	16	0.5	5/8	5/8	6/8	2	1	1/8		1/8	1		2	62	D4	4	65
7	5	129	5d	358	16	0.5	5/8	5/8	6/8	1	1	1/8		1/8	1		-1	77	F5	5	59
8	6	130	6d	717/2	33/2	1.5	0	0	6/8	2	1	3/8		1/4	3/2		0	60	C4	4	70
8	6	130	6d	717/2	33/2	0.5	0	0	6/8	1	1	1/8		1/8	1		4	76	E5	5	66
8	6	130	6d	359	17	0.5	1/8	1/8	6/8	1	1	1/8		1/8	1		2	74	D5	5	67
8	6	130	6d	719/2	35/2	0.5	1/4	1/4	6/8	1	1	1/8		1/8	1		0	72	C5	5	68
8	6	130	6d	360	18	0.5	3/8	3/8	6/8	2	1	1/8		1/8	1		3	57	A3	3	71
8	6	130	6d	360	18	1.0	3/8	3/8	6/8	1	1	1/4		1/4	1		0	72	C5	5	69
8	6	130	6d	721/2	37/2	0.5	1/2	1/2	6/8	2	1	1/8		1/8	1		1	55	G3	3	72
8	6	130	6d	361	19	0.5	5/8	5/8	6/8	2	1	1/8		1/8	1		-1	53	F3	3	73
9	7	131	7d	723/2	39/2	0.5	0	0	6/8	2	1	1/8		1/8	1		4	52	E3	3	76
9	7	131	7d	723/2	39/2	1.0	0	0	6/8	1	1	1/4		1/4	1		0	72	C5	5	74
9	7	131	7d	362	20	0.5	1/8	1/8	6/8	2	1	1/8		1/8	1		2	50	D3	3	77
9	7	131	7d	725/2	41/2	0.5	1/4	1/4	6/8	2	1	1/8		1/8	1		0	48	C3	3	78
9	7	131	7d	363	21	0.5	3/8	3/8	6/8	2	1	1/8		1/8	1		3	57	A3	3	79
9	7	131	7d	363	21	1.0	3/8	3/8	6/8	1	1	1/4		1/4	1		0	72	C5	5	75
9	7	131	7d	727/2	43/2	0.5	1/2	1/2	6/8	2	1	1/8		1/8	1		1	55	G3	3	80
9	7	131	7d	364	22	0.5	5/8	5/8	6/8	2	1	1/8		1/8	1		-1	53	F3	3	81
10	8	132	8d	729/2	45/2	0.5	0	0	6/8	2	1	1/8		1/8	1		4	52	E3	3	86
10	8	132	8d	729/2	45/2	1.0	0	0	6/8	1	1	1/4		1/4	1		0	72	C5	5	82
10	8	132	8d	365	23	0.5	1/8	1/8	6/8	2	1	1/8		1/8	1		2	50	D3	3	87
10	8	132	8d	731/2	47/2	0.5	1/4	1/4	6/8	2	1	1/8		1/8	1		0	48	C3	3	88
10	8	132	8d	366	24	0.5	3/8	3/8	6/8	2	1	1/8		1/8	1		3	57	A3	3	89
10	8	132	8d	366	24	0.5	3/8	3/8	6/8	1	1	1/8		1/8	1		-1	77	F5	5	83
10	8	132	8d	733/2	49/2	0.5	1/2	1/2	6/8	2	1	1/8		1/8	1		1	55	G3	3	90
10	8	132	8d	733/2	49/2	0.5	1/2	1/2	6/8	1	1	1/8		1/8	1		4	76	E5	5	84
10	8	132	8d	367	25	0.5	5/8	5/8	6/8	2	1	1/8		1/8	1		-1	53	F3	3	91
10	8	132	8d	367	25	0.5	5/8	5/8	6/8	1	1	1/8		1/8	1		2	74	D5	5	85
11	9	133	9d	735/2	51/2	0.5	0	0	6/8	2	1	1/8		1/8	1		4	52	E3	3	100
11	9	133	9d	735/2	51/2	0.5	0	0	6/8	1	1	1/8		1/8	1		0	72	C5	5	92
11	9	133	9d	368	26	0.5	1/8	1/8	6/8	2	1	1/8		1/8	1		2	50	D3	3	101
11	9	133	9d	368	26	0.5	1/8	1/8	6/8	1	1	1/8		1/8	1		2	74	D5	5	93
11	9	133	9d	737/2	53/2	0.5	1/4	1/4	6/8	2	1	1/8		1/8	1		0	48	C3	3	102
11	9	133	9d	737/2	53/2	0.5	1/4	1/4	6/8	1	1	1/8		1/8	1		4	76	E5	5	94
11	9	133	9d	369	27	0.5	3/8	3/8	6/8	2	1	1/8		1/8	1		2	50	D3	3	103
11	9	133	9d	369	27	0.5	3/8	3/8	6/8	1	1	1/8		1/8	1		-1	77	F5	5	95
11	9	133	9d	739/2	55/2	0.5	1/2	1/2	6/8	2	1	1/8		1/8	1		-2	46	Bb2	2	104
11	9	133	9d	739/2	55/2	0.25	1/2	1/2	6/8	1	1	1/16		1/16	1		-2	82	Bb5	5	96
11	9	133	9d	1479/4	111/4	0.25	9/16	9/16	6/8	1	1	1/16		1/16	1		3	81	A5	5	97
11	9	133	9d	370	28	0.5	5/8	5/8	6/8	2	1	1/8		1/8	1		0	48	C3	3	105
11	9	133	9d	370	28	0.25	5/8	5/8	6/8	1	1	1/16		1/16	1		1	79	G5	5	98
11	9	133	9d	1481/4	113/4	0.25	11/16	11/16	6/8	1	1	1/16		1/16	1		3	81	A5	5	99
12	10	134	10d	741/2	57/2	1.0	0	0	6/8	2	1	1/4		1/4	1		-1	41	F2	2	110
12	10	134	10d	741/2	57/2	0.5	0	0	6/8	1	1	1/8		1/8	1		-1	77	F5	5	106
12	10	134	10d	371	29	0.5	1/8	1/8	6/8	1	1	1/8		1/8	1		4	76	E5	5	107
12	10	134	10d	743/2	59/2	0.5	1/4	1/4	6/8	1	1	1/8		1/8	1		2	74	D5	5	108
12	10	134	10d	372	30	0.5	3/8	3/8	6/8	2	1	1/8		1/8	1		3	57	A3	3	111
12	10	134	10d	372	30	1.0	3/8	3/8	6/8	1	1	1/4		1/4	1		0	72	C5	5	109
12	10	134	10d	745/2	61/2	0.5	1/2	1/2	6/8	2	1	1/8		1/8	1		1	55	G3	3	112
12	10	134	10d	373	31	0.5	5/8	5/8	6/8	2	1	1/8		1/8	1		-1	53	F3	3	113
13	11	135	11d	747/2	63/2	0.5	0	0	6/8	2	1	1/8		1/8	1		4	52	E3	3	116
13	11	135	11d	747/2	63/2	1.0	0	0	6/8	1	1	1/4		1/4	1		0	72	C5	5	114
13	11	135	11d	374	32	0.5	1/8	1/8	6/8	2	1	1/8		1/8	1		2	50	D3	3	117
13	11	135	11d	749/2	65/2	0.5	1/4	1/4	6/8	2	1	1/8		1/8	1		0	48	C3	3	118
13	11	135	11d	375	33	0.5	3/8	3/8	6/8	2	1	1/8		1/8	1		3	57	A3	3	119
13	11	135	11d	375	33	1.0	3/8	3/8	6/8	1	1	1/4		1/4	1		0	72	C5	5	115
13	11	135	11d	751/2	67/2	0.5	1/2	1/2	6/8	2	1	1/8		1/8	1		1	55	G3	3	120
13	11	135	11d	376	34	0.5	5/8	5/8	6/8	2	1	1/8		1/8	1		-1	53	F3	3	121
14	12	136	12d	753/2	69/2	0.5	0	0	6/8	2	1	1/8		1/8	1		4	52	E3	3	126
14	12	136	12d	753/2	69/2	1.0	0	0	6/8	1	1	1/4		1/4	1		0	72	C5	5	122
14	12	136	12d	377	35	0.5	1/8	1/8	6/8	2	1	1/8		1/8	1		2	50	D3	3	127
14	12	136	12d	755/2	71/2	0.5	1/4	1/4	6/8	2	1	1/8		1/8	1		0	48	C3	3	128
14	12	136	12d	378	36	0.5	3/8	3/8	6/8	2	1	1/8		1/8	1		3	57	A3	3	129
14	12	136	12d	378	36	0.5	3/8	3/8	6/8	1	1	1/8		1/8	1		-1	77	F5	5	123
14	12	136	12d	757/2	73/2	0.5	1/2	1/2	6/8	2	1	1/8		1/8	1		1	55	G3	3	130
14	12	136	12d	757/2	73/2	0.5	1/2	1/2	6/8	1	1	1/8		1/8	1		4	76	E5	5	124
14	12	136	12d	379	37	0.5	5/8	5/8	6/8	2	1	1/8		1/8	1		-1	53	F3	3	131
14	12	136	12d	379	37	0.5	5/8	5/8	6/8	1	1	1/8		1/8	1		2	74	D5	5	125
15	13	137	13d	759/2	75/2	0.5	0	0	6/8	2	1	1/8		1/8	1		4	52	E3	3	140
15	13	137	13d	759/2	75/2	0.5	0	0	6/8	1	1	1/8		1/8	1		0	72	C5	5	132
15	13	137	13d	380	38	0.5	1/8	1/8	6/8	2	1	1/8		1/8	1		2	50	D3	3	141
15	13	137	13d	380	38	0.5	1/8	1/8	6/8	1	1	1/8		1/8	1		2	74	D5	5	133
15	13	137	13d	761/2	77/2	0.5	1/4	1/4	6/8	2	1	1/8		1/8	1		0	48	C3	3	142
15	13	137	13d	761/2	77/2	0.5	1/4	1/4	6/8	1	1	1/8		1/8	1		4	76	E5	5	134
15	13	137	13d	381	39	0.5	3/8	3/8	6/8	2	1	1/8		1/8	1		2	50	D3	3	143
15	13	137	13d	381	39	0.5	3/8	3/8	6/8	1	1	1/8		1/8	1		-1	77	F5	5	135
15	13	137	13d	763/2	79/2	0.5	1/2	1/2	6/8	2	1	1/8		1/8	1		-2	46	Bb2	2	144
15	13	137	13d	763/2	79/2	0.25	1/2	1/2	6/8	1	1	1/16		1/16	1		-2	82	Bb5	5	136
15	13	137	13d	1527/4	159/4	0.25	9/16	9/16	6/8	1	1	1/16		1/16	1		3	81	A5	5	137
15	13	137	13d	382	40	0.5	5/8	5/8	6/8	2	1	1/8		1/8	1		0	48	C3	3	145
15	13	137	13d	382	40	0.25	5/8	5/8	6/8	1	1	1/16		1/16	1		1	79	G5	5	138
15	13	137	13d	1529/4	161/4	0.25	11/16	11/16	6/8	1	1	1/16		1/16	1		3	81	A5	5	139
16	14	138	14e	765/2	81/2	1.0	0	0	6/8	2	1	1/4		1/4	1		-1	41	F2	2	147
16	14	138	14e	765/2	81/2	1.0	0	0	6/8	1	1	1/4		1/4	1		-1	77	F5	5	146
