mc	mn	mc_playthrough	mn_playthrough	quarterbeats_playthrough	quarterbeats_all_endings	duration_qb	mc_onset	mn_onset	event	timesig	staff	voice	duration	gracenote	nominal_duration	scalar	chord_id	articulation	staff_text	tempo	qpm	metronome_base	metronome_number	tempo_visible	thoroughbass_duration	thoroughbass_level_1	thoroughbass_level_2	thoroughbass_level_3	thoroughbass_level_4	slur
1	0	1	0a	0	0	0.0	0	1/4	Tempo	3/8	1	1	0							𝅘𝅥. =66	99.0	𝅘𝅥. 	66.0	0.0						
1	0	1	0a	0	0	0.5	0	1/4	Chord	3/8	1	1	1/8		1/8	1	0													
1	0	1	0a	0	0	0.5	0	1/4	Chord	3/8	2	1	1/8		1/8	1	1													
2	1	2	1a	1/2	1/2	0.0	0	0	StaffText	3/8	1	1	0						Légérement et galament											
2	1	2	1a	1/2	1/2	0.5	0	0	Chord	3/8	1	1	1/8		1/8	1	2	ornamentMordent												
2	1	2	1a	1	1	0.25	1/8	1/8	Chord	3/8	1	1	1/16		1/16	1	3													0
2	1	2	1a	5/4	5/4	0.25	3/16	3/16	Chord	3/8	1	1	1/16		1/16	1	4													
2	1	2	1a	3/2	3/2	0.25	1/4	1/4	Chord	3/8	1	1	1/16		1/16	1	5													1
2	1	2	1a	7/4	7/4	0.25	5/16	5/16	Chord	3/8	1	1	1/16		1/16	1	6													
2	1	2	1a	1/2	1/2	0.5	0	0	Chord	3/8	2	1	1/8		1/8	1	7													
2	1	2	1a	1	1	0.0	1/8	1/8	FiguredBass	3/8	2	1	0												1/8	6	5	b3		
2	1	2	1a	1	1	0.5	1/8	1/8	Chord	3/8	2	1	1/8		1/8	1	8													
2	1	2	1a	3/2	3/2	0.0	1/4	1/4	FiguredBass	3/8	2	1	0												1/8	h3				
2	1	2	1a	3/2	3/2	0.5	1/4	1/4	Chord	3/8	2	1	1/8		1/8	1	9													
3	2	3	2a	2	2	0.0	0	0	Chord	3/8	1	1	0	appoggiatura	1/8	1	10													
3	2	3	2a	2	2	0.5	0	0	Chord	3/8	1	1	1/8		1/8	1	11													
3	2	3	2a	5/2	5/2	0.5	1/8	1/8	Chord	3/8	1	1	1/8		1/8	1	12													
3	2	3	2a	3	3	0.5	1/4	1/4	Chord	3/8	1	1	1/8		1/8	1	13													
3	2	3	2a	2	2	0.0	0	0	FiguredBass	3/8	2	1	0												3/8	6_				
3	2	3	2a	2	2	0.5	0	0	Chord	3/8	2	1	1/8		1/8	1	14													
3	2	3	2a	5/2	5/2	0.5	1/8	1/8	Chord	3/8	2	1	1/8		1/8	1	15													
3	2	3	2a	3	3	0.5	1/4	1/4	Chord	3/8	2	1	1/8		1/8	1	16													
4	3	4	3a	7/2	7/2	0.0	0	0	Chord	3/8	1	1	0	appoggiatura	1/8	1	17													
4	3	4	3a	7/2	7/2	0.5	0	0	Chord	3/8	1	1	1/8		1/8	1	18													
4	3	4	3a	4	4	0.25	1/8	1/8	Chord	3/8	1	1	1/16		1/16	1	19													2
4	3	4	3a	17/4	17/4	0.25	3/16	3/16	Chord	3/8	1	1	1/16		1/16	1	20													
4	3	4	3a	9/2	9/2	0.25	1/4	1/4	Chord	3/8	1	1	1/16		1/16	1	21													3
4	3	4	3a	19/4	19/4	0.25	5/16	5/16	Chord	3/8	1	1	1/16		1/16	1	22													
4	3	4	3a	7/2	7/2	0.0	0	0	FiguredBass	3/8	2	1	0												1/8	6	5	b3		
4	3	4	3a	7/2	7/2	0.5	0	0	Chord	3/8	2	1	1/8		1/8	1	23													
4	3	4	3a	4	4	0.0	1/8	1/8	FiguredBass	3/8	2	1	0												1/8	6	4			
4	3	4	3a	4	4	0.5	1/8	1/8	Chord	3/8	2	1	1/8		1/8	1	24													
4	3	4	3a	9/2	9/2	0.0	1/4	1/4	FiguredBass	3/8	2	1	0												1/8	6	4+	3		
4	3	4	3a	9/2	9/2	0.5	1/4	1/4	Chord	3/8	2	1	1/8		1/8	1	25													
5	4	5	4a	5	5	0.5	0	0	Chord	3/8	1	1	1/8		1/8	1	26	ornamentShortTrill												
5	4	5	4a	11/2	11/2	0.0	1/8	1/8	StaffText	3/8	1	1	0						)											
5	4	5	4a	11/2	11/2	0.0	1/8	1/8	Chord	3/8	1	1	0	appoggiatura	1/8	1	27													
5	4	5	4a	11/2	11/2	0.5	1/8	1/8	Chord	3/8	1	1	1/8		1/8	1	28													
5	4	5	4a	6	6	0.5	1/4	1/4	Chord	3/8	1	1	1/8		1/8	1	29													
5	4	5	4a	5	5	0.0	0	0	FiguredBass	3/8	2	1	0												1/4	3_				
5	4	5	4a	5	5	0.5	0	0	Chord	3/8	2	1	1/8		1/8	1	30													
5	4	5	4a	11/2	11/2	0.5	1/8	1/8	Chord	3/8	2	1	1/8		1/8	1	31													
5	4	5	4a	6	6	0.0	1/4	1/4	FiguredBass	3/8	2	1	0												1/8	h6				
5	4	5	4a	6	6	0.5	1/4	1/4	Chord	3/8	2	1	1/8		1/8	1	32													
6	5	6	5a	13/2	13/2	0.0	0	0	Chord	3/8	1	1	0	appoggiatura	1/8	1	33													
6	5	6	5a	13/2	13/2	0.5	0	0	Chord	3/8	1	1	1/8		1/8	1	34													
6	5	6	5a	7	7	0.25	1/8	1/8	Chord	3/8	1	1	1/16		1/16	1	35													
6	5	6	5a	29/4	29/4	0.25	3/16	3/16	Chord	3/8	1	1	1/16		1/16	1	36													
6	5	6	5a	15/2	15/2	0.25	1/4	1/4	Chord	3/8	1	1	1/16		1/16	1	37													
6	5	6	5a	31/4	31/4	0.25	5/16	5/16	Chord	3/8	1	1	1/16		1/16	1	38													
6	5	6	5a	13/2	13/2	0.0	0	0	FiguredBass	3/8	2	1	0												1/4	6	5	b3_		
6	5	6	5a	13/2	13/2	0.5	0	0	Chord	3/8	2	1	1/8		1/8	1	39													
6	5	6	5a	7	7	0.5	1/8	1/8	Chord	3/8	2	1	1/8		1/8	1	40													
6	5	6	5a	15/2	15/2	0.0	1/4	1/4	FiguredBass	3/8	2	1	0												1/8	7	5			
6	5	6	5a	15/2	15/2	0.5	1/4	1/4	Chord	3/8	2	1	1/8		1/8	1	41													
7	6	7	6a	8	8	0.5	0	0	Chord	3/8	1	1	1/8		1/8	1	42													
7	6	7	6a	17/2	17/2	0.0	1/8	1/8	Chord	3/8	1	1	0	appoggiatura	1/8	1	43													
7	6	7	6a	17/2	17/2	0.5	1/8	1/8	Chord	3/8	1	1	1/8		1/8	1	44													
7	6	7	6a	9	9	0.5	1/4	1/4	Chord	3/8	1	1	1/8		1/8	1	45	ornamentMordent												
7	6	7	6a	8	8	0.0	0	0	FiguredBass	3/8	2	1	0												1/4	7	h5	3	2_	
7	6	7	6a	8	8	0.25	0	0	Chord	3/8	2	1	1/16		1/16	1	46													
7	6	7	6a	33/4	33/4	0.25	1/16	1/16	Chord	3/8	2	1	1/16		1/16	1	47													
7	6	7	6a	17/2	17/2	0.25	1/8	1/8	Chord	3/8	2	1	1/16		1/16	1	48													
7	6	7	6a	35/4	35/4	0.25	3/16	3/16	Chord	3/8	2	1	1/16		1/16	1	49													
7	6	7	6a	9	9	0.0	1/4	1/4	FiguredBass	3/8	2	1	0												1/8	3				
7	6	7	6a	9	9	0.5	1/4	1/4	Chord	3/8	2	1	1/8		1/8	1	50													
8	7	8	7a	19/2	19/2	0.25	0	0	Chord	3/8	1	1	1/16		1/16	1	51													
8	7	8	7a	39/4	39/4	0.25	1/16	1/16	Chord	3/8	1	1	1/16		1/16	1	52													
8	7	8	7a	10	10	0.75	1/8	1/8	Chord	3/8	1	1	3/16		1/8	3/2	53	ornamentShortTrill												4
8	7	8	7a	43/4	43/4	0.125	5/16	5/16	Chord	3/8	1	1	1/32		1/32	1	54													4
8	7	8	7a	87/8	87/8	0.125	11/32	11/32	Chord	3/8	1	1	1/32		1/32	1	55													
8	7	8	7a	19/2	19/2	0.0	0	0	FiguredBass	3/8	2	1	0												1/4	6	5	h3_		
8	7	8	7a	19/2	19/2	0.5	0	0	Chord	3/8	2	1	1/8		1/8	1	56													
8	7	8	7a	10	10	0.0	1/8	1/8	FiguredBass	3/8	2	1	0												1/4	h3_				
8	7	8	7a	10	10	0.5	1/8	1/8	Chord	3/8	2	1	1/8		1/8	1	57													
8	7	8	7a	21/2	21/2	0.0	1/4	1/4	FiguredBass	3/8	2	1	0												1/8	7				
8	7	8	7a	21/2	21/2	0.5	1/4	1/4	Chord	3/8	2	1	1/8		1/8	1	58													
9	8	9	8a	11	11	1.0	0	0	Chord	3/8	1	1	1/4		1/4	1	59													
9	8	9	8a	11	11	0.5	0	0	Chord	3/8	2	1	1/8		1/8	1	60													
9	8	9	8a	23/2	23/2	0.5	1/8	1/8	Chord	3/8	2	1	1/8		1/8	1	61													
1	0	10	8a	12	0	0.0	0	1/4	Tempo	3/8	1	1	0							𝅘𝅥. =66	99.0	𝅘𝅥. 	66.0	0.0						
1	0	10	8a	12	0	0.5	0	1/4	Chord	3/8	1	1	1/8		1/8	1	0													
1	0	10	8a	12	0	0.5	0	1/4	Chord	3/8	2	1	1/8		1/8	1	1													
2	1	11	1b	25/2	1/2	0.0	0	0	StaffText	3/8	1	1	0						Légérement et galament											
2	1	11	1b	25/2	1/2	0.5	0	0	Chord	3/8	1	1	1/8		1/8	1	2	ornamentMordent												
2	1	11	1b	13	1	0.25	1/8	1/8	Chord	3/8	1	1	1/16		1/16	1	3													0
2	1	11	1b	53/4	5/4	0.25	3/16	3/16	Chord	3/8	1	1	1/16		1/16	1	4													
2	1	11	1b	27/2	3/2	0.25	1/4	1/4	Chord	3/8	1	1	1/16		1/16	1	5													1
2	1	11	1b	55/4	7/4	0.25	5/16	5/16	Chord	3/8	1	1	1/16		1/16	1	6													
2	1	11	1b	25/2	1/2	0.5	0	0	Chord	3/8	2	1	1/8		1/8	1	7													
2	1	11	1b	13	1	0.0	1/8	1/8	FiguredBass	3/8	2	1	0												1/8	6	5	b3		
2	1	11	1b	13	1	0.5	1/8	1/8	Chord	3/8	2	1	1/8		1/8	1	8													
2	1	11	1b	27/2	3/2	0.0	1/4	1/4	FiguredBass	3/8	2	1	0												1/8	h3				
2	1	11	1b	27/2	3/2	0.5	1/4	1/4	Chord	3/8	2	1	1/8		1/8	1	9													
3	2	12	2b	14	2	0.0	0	0	Chord	3/8	1	1	0	appoggiatura	1/8	1	10													
3	2	12	2b	14	2	0.5	0	0	Chord	3/8	1	1	1/8		1/8	1	11													
3	2	12	2b	29/2	5/2	0.5	1/8	1/8	Chord	3/8	1	1	1/8		1/8	1	12													
3	2	12	2b	15	3	0.5	1/4	1/4	Chord	3/8	1	1	1/8		1/8	1	13													
3	2	12	2b	14	2	0.0	0	0	FiguredBass	3/8	2	1	0												3/8	6_				
3	2	12	2b	14	2	0.5	0	0	Chord	3/8	2	1	1/8		1/8	1	14													
3	2	12	2b	29/2	5/2	0.5	1/8	1/8	Chord	3/8	2	1	1/8		1/8	1	15													
3	2	12	2b	15	3	0.5	1/4	1/4	Chord	3/8	2	1	1/8		1/8	1	16													
4	3	13	3b	31/2	7/2	0.0	0	0	Chord	3/8	1	1	0	appoggiatura	1/8	1	17													
4	3	13	3b	31/2	7/2	0.5	0	0	Chord	3/8	1	1	1/8		1/8	1	18													
4	3	13	3b	16	4	0.25	1/8	1/8	Chord	3/8	1	1	1/16		1/16	1	19													2
4	3	13	3b	65/4	17/4	0.25	3/16	3/16	Chord	3/8	1	1	1/16		1/16	1	20													
4	3	13	3b	33/2	9/2	0.25	1/4	1/4	Chord	3/8	1	1	1/16		1/16	1	21													3
4	3	13	3b	67/4	19/4	0.25	5/16	5/16	Chord	3/8	1	1	1/16		1/16	1	22													
4	3	13	3b	31/2	7/2	0.0	0	0	FiguredBass	3/8	2	1	0												1/8	6	5	b3		
4	3	13	3b	31/2	7/2	0.5	0	0	Chord	3/8	2	1	1/8		1/8	1	23													
4	3	13	3b	16	4	0.0	1/8	1/8	FiguredBass	3/8	2	1	0												1/8	6	4			
4	3	13	3b	16	4	0.5	1/8	1/8	Chord	3/8	2	1	1/8		1/8	1	24													
4	3	13	3b	33/2	9/2	0.0	1/4	1/4	FiguredBass	3/8	2	1	0												1/8	6	4+	3		
4	3	13	3b	33/2	9/2	0.5	1/4	1/4	Chord	3/8	2	1	1/8		1/8	1	25													
5	4	14	4b	17	5	0.5	0	0	Chord	3/8	1	1	1/8		1/8	1	26	ornamentShortTrill												
5	4	14	4b	35/2	11/2	0.0	1/8	1/8	StaffText	3/8	1	1	0						)											
5	4	14	4b	35/2	11/2	0.0	1/8	1/8	Chord	3/8	1	1	0	appoggiatura	1/8	1	27													
5	4	14	4b	35/2	11/2	0.5	1/8	1/8	Chord	3/8	1	1	1/8		1/8	1	28													
5	4	14	4b	18	6	0.5	1/4	1/4	Chord	3/8	1	1	1/8		1/8	1	29													
5	4	14	4b	17	5	0.0	0	0	FiguredBass	3/8	2	1	0												1/4	3_				
5	4	14	4b	17	5	0.5	0	0	Chord	3/8	2	1	1/8		1/8	1	30													
5	4	14	4b	35/2	11/2	0.5	1/8	1/8	Chord	3/8	2	1	1/8		1/8	1	31													
5	4	14	4b	18	6	0.0	1/4	1/4	FiguredBass	3/8	2	1	0												1/8	h6				
5	4	14	4b	18	6	0.5	1/4	1/4	Chord	3/8	2	1	1/8		1/8	1	32													
6	5	15	5b	37/2	13/2	0.0	0	0	Chord	3/8	1	1	0	appoggiatura	1/8	1	33													
6	5	15	5b	37/2	13/2	0.5	0	0	Chord	3/8	1	1	1/8		1/8	1	34													
6	5	15	5b	19	7	0.25	1/8	1/8	Chord	3/8	1	1	1/16		1/16	1	35													
6	5	15	5b	77/4	29/4	0.25	3/16	3/16	Chord	3/8	1	1	1/16		1/16	1	36													
6	5	15	5b	39/2	15/2	0.25	1/4	1/4	Chord	3/8	1	1	1/16		1/16	1	37													
6	5	15	5b	79/4	31/4	0.25	5/16	5/16	Chord	3/8	1	1	1/16		1/16	1	38													
6	5	15	5b	37/2	13/2	0.0	0	0	FiguredBass	3/8	2	1	0												1/4	6	5	b3_		
6	5	15	5b	37/2	13/2	0.5	0	0	Chord	3/8	2	1	1/8		1/8	1	39													
6	5	15	5b	19	7	0.5	1/8	1/8	Chord	3/8	2	1	1/8		1/8	1	40													
6	5	15	5b	39/2	15/2	0.0	1/4	1/4	FiguredBass	3/8	2	1	0												1/8	7	5			
6	5	15	5b	39/2	15/2	0.5	1/4	1/4	Chord	3/8	2	1	1/8		1/8	1	41													
7	6	16	6b	20	8	0.5	0	0	Chord	3/8	1	1	1/8		1/8	1	42													
7	6	16	6b	41/2	17/2	0.0	1/8	1/8	Chord	3/8	1	1	0	appoggiatura	1/8	1	43													
7	6	16	6b	41/2	17/2	0.5	1/8	1/8	Chord	3/8	1	1	1/8		1/8	1	44													
7	6	16	6b	21	9	0.5	1/4	1/4	Chord	3/8	1	1	1/8		1/8	1	45	ornamentMordent												
7	6	16	6b	20	8	0.0	0	0	FiguredBass	3/8	2	1	0												1/4	7	h5	3	2_	
7	6	16	6b	20	8	0.25	0	0	Chord	3/8	2	1	1/16		1/16	1	46													
7	6	16	6b	81/4	33/4	0.25	1/16	1/16	Chord	3/8	2	1	1/16		1/16	1	47													
7	6	16	6b	41/2	17/2	0.25	1/8	1/8	Chord	3/8	2	1	1/16		1/16	1	48													
7	6	16	6b	83/4	35/4	0.25	3/16	3/16	Chord	3/8	2	1	1/16		1/16	1	49													
7	6	16	6b	21	9	0.0	1/4	1/4	FiguredBass	3/8	2	1	0												1/8	3				
7	6	16	6b	21	9	0.5	1/4	1/4	Chord	3/8	2	1	1/8		1/8	1	50													
8	7	17	7b	43/2	19/2	0.25	0	0	Chord	3/8	1	1	1/16		1/16	1	51													
8	7	17	7b	87/4	39/4	0.25	1/16	1/16	Chord	3/8	1	1	1/16		1/16	1	52													
8	7	17	7b	22	10	0.75	1/8	1/8	Chord	3/8	1	1	3/16		1/8	3/2	53	ornamentShortTrill												4
8	7	17	7b	91/4	43/4	0.125	5/16	5/16	Chord	3/8	1	1	1/32		1/32	1	54													4
8	7	17	7b	183/8	87/8	0.125	11/32	11/32	Chord	3/8	1	1	1/32		1/32	1	55													
8	7	17	7b	43/2	19/2	0.0	0	0	FiguredBass	3/8	2	1	0												1/4	6	5	h3_		
8	7	17	7b	43/2	19/2	0.5	0	0	Chord	3/8	2	1	1/8		1/8	1	56													
8	7	17	7b	22	10	0.0	1/8	1/8	FiguredBass	3/8	2	1	0												1/4	h3_				
8	7	17	7b	22	10	0.5	1/8	1/8	Chord	3/8	2	1	1/8		1/8	1	57													
8	7	17	7b	45/2	21/2	0.0	1/4	1/4	FiguredBass	3/8	2	1	0												1/8	7				
8	7	17	7b	45/2	21/2	0.5	1/4	1/4	Chord	3/8	2	1	1/8		1/8	1	58													
9	8	18	8b	23	11	1.0	0	0	Chord	3/8	1	1	1/4		1/4	1	59													
9	8	18	8b	23	11	0.5	0	0	Chord	3/8	2	1	1/8		1/8	1	60													
9	8	18	8b	47/2	23/2	0.5	1/8	1/8	Chord	3/8	2	1	1/8		1/8	1	61													
10	8	19	8b	24	12	0.5	0	1/4	Chord	3/8	1	1	1/8		1/8	1	62													
10	8	19	8b	24	12	0.5	0	1/4	Chord	3/8	2	1	1/8		1/8	1	63													
11	9	20	9a	49/2	25/2	0.0	0	0	Chord	3/8	1	1	0	grace4	1/8	1	64													
11	9	20	9a	49/2	25/2	0.5	0	0	Chord	3/8	1	1	1/8		1/8	1	65													
11	9	20	9a	25	13	0.0	1/8	1/8	Chord	3/8	1	1	0	appoggiatura	1/8	1	66													
11	9	20	9a	25	13	0.5	1/8	1/8	Chord	3/8	1	1	1/8		1/8	1	67													
11	9	20	9a	51/2	27/2	0.5	1/4	1/4	Chord	3/8	1	1	1/8		1/8	1	68													
11	9	20	9a	49/2	25/2	0.0	0	0	FiguredBass	3/8	2	1	0												1/8	7	b3			
11	9	20	9a	49/2	25/2	0.5	0	0	Chord	3/8	2	1	1/8		1/8	1	69													
11	9	20	9a	25	13	0.5	1/8	1/8	Chord	3/8	2	1	1/8		1/8	1	70													
11	9	20	9a	51/2	27/2	0.0	1/4	1/4	FiguredBass	3/8	2	1	0												1/8	b7				
11	9	20	9a	51/2	27/2	0.5	1/4	1/4	Chord	3/8	2	1	1/8		1/8	1	71													
12	10	21	10a	26	14	0.5	0	0	Chord	3/8	1	1	1/8		1/8	1	72	ornamentShortTrill												
12	10	21	10a	53/2	29/2	0.0	1/8	1/8	StaffText	3/8	1	1	0						)											
12	10	21	10a	53/2	29/2	0.5	1/8	1/8	Chord	3/8	1	1	1/8		1/8	1	73													
12	10	21	10a	27	15	0.5	1/4	1/4	Chord	3/8	1	1	1/8		1/8	1	74													
12	10	21	10a	26	14	0.75	0	0	Chord	3/8	2	1	3/16		1/8	3/2	75													
12	10	21	10a	107/4	59/4	0.25	3/16	3/16	Chord	3/8	2	1	1/16		1/16	1	76													
12	10	21	10a	27	15	0.25	1/4	1/4	Chord	3/8	2	1	1/16		1/16	1	77													
12	10	21	10a	109/4	61/4	0.25	5/16	5/16	Chord	3/8	2	1	1/16		1/16	1	78													
13	11	22	11a	55/2	31/2	0.5	0	0	Chord	3/8	1	1	1/8		1/8	1	79													
13	11	22	11a	28	16	0.0	1/8	1/8	Chord	3/8	1	1	0	appoggiatura	1/8	1	80													
13	11	22	11a	28	16	0.5	1/8	1/8	Chord	3/8	1	1	1/8		1/8	1	81													
13	11	22	11a	57/2	33/2	0.5	1/4	1/4	Chord	3/8	1	1	1/8		1/8	1	82													
13	11	22	11a	55/2	31/2	0.0	0	0	FiguredBass	3/8	2	1	0												1/8	7				
13	11	22	11a	55/2	31/2	0.5	0	0	Chord	3/8	2	1	1/8		1/8	1	83													
13	11	22	11a	28	16	0.5	1/8	1/8	Chord	3/8	2	1	1/8		1/8	1	84													
13	11	22	11a	57/2	33/2	0.0	1/4	1/4	FiguredBass	3/8	2	1	0												1/8	7				
13	11	22	11a	57/2	33/2	0.5	1/4	1/4	Chord	3/8	2	1	1/8		1/8	1	85													
14	12	23	12a	29	17	0.5	0	0	Chord	3/8	1	1	1/8		1/8	1	86	ornamentShortTrill												
14	12	23	12a	59/2	35/2	0.0	1/8	1/8	StaffText	3/8	1	1	0						)											
14	12	23	12a	59/2	35/2	0.5	1/8	1/8	Chord	3/8	1	1	1/8		1/8	1	87													
14	12	23	12a	30	18	0.5	1/4	1/4	Chord	3/8	1	1	1/8		1/8	1	88													
14	12	23	12a	29	17	0.75	0	0	Chord	3/8	2	1	3/16		1/8	3/2	89													
14	12	23	12a	119/4	71/4	0.25	3/16	3/16	Chord	3/8	2	1	1/16		1/16	1	90													
14	12	23	12a	30	18	0.5	1/4	1/4	Chord	3/8	2	1	1/8		1/8	1	91													
15	13	24	13a	61/2	37/2	0.5	0	0	Chord	3/8	1	1	1/8		1/8	1	92													5
15	13	24	13a	31	19	0.5	1/8	1/8	Chord	3/8	1	1	1/8		1/8	1	93	ornamentShortTrill												
15	13	24	13a	63/2	39/2	0.5	1/4	1/4	Chord	3/8	1	1	1/8		1/8	1	94													
15	13	24	13a	61/2	37/2	0.0	0	0	FiguredBass	3/8	2	1	0												1/8	6	4+	3		
15	13	24	13a	61/2	37/2	0.5	0	0	Chord	3/8	2	1	1/8		1/8	1	95													
15	13	24	13a	31	19	0.0	1/8	1/8	FiguredBass	3/8	2	1	0												1/8	6	4			
15	13	24	13a	31	19	0.5	1/8	1/8	Chord	3/8	2	1	1/8		1/8	1	96													
15	13	24	13a	63/2	39/2	0.0	1/4	1/4	FiguredBass	3/8	2	1	0												1/8	4+				
15	13	24	13a	63/2	39/2	0.5	1/4	1/4	Chord	3/8	2	1	1/8		1/8	1	97													
16	14	25	14a	32	20	0.75	0	0	Chord	3/8	1	1	3/16		1/8	3/2	98													
16	14	25	14a	131/4	83/4	0.25	3/16	3/16	Chord	3/8	1	1	1/16		1/16	1	99													
16	14	25	14a	33	21	0.5	1/4	1/4	Chord	3/8	1	1	1/8		1/8	1	100													
16	14	25	14a	32	20	0.0	0	0	FiguredBass	3/8	2	1	0												1/8	6				
16	14	25	14a	32	20	0.5	0	0	Chord	3/8	2	1	1/8		1/8	1	101													
16	14	25	14a	65/2	41/2	0.0	1/8	1/8	FiguredBass	3/8	2	1	0												1/8	#6				
16	14	25	14a	65/2	41/2	0.5	1/8	1/8	Chord	3/8	2	1	1/8		1/8	1	102													
16	14	25	14a	33	21	0.0	1/4	1/4	FiguredBass	3/8	2	1	0												1/8	6				
16	14	25	14a	33	21	0.5	1/4	1/4	Chord	3/8	2	1	1/8		1/8	1	103													
17	15	26	15a	67/2	43/2	0.5	0	0	Chord	3/8	1	1	1/8		1/8	1	104													
17	15	26	15a	34	22	0.0	1/8	1/8	Chord	3/8	1	1	0	grace4	1/8	1	105													
17	15	26	15a	34	22	0.0	1/8	1/8	Chord	3/8	1	1	0	grace4	1/8	1	106													
17	15	26	15a	34	22	0.75	1/8	1/8	Chord	3/8	1	1	3/16		1/8	3/2	107													
17	15	26	15a	139/4	91/4	0.25	5/16	5/16	Chord	3/8	1	1	1/16		1/16	1	108													
17	15	26	15a	67/2	43/2	0.0	0	0	FiguredBass	3/8	2	1	0												1/8	6	5			
17	15	26	15a	67/2	43/2	0.5	0	0	Chord	3/8	2	1	1/8		1/8	1	109													
17	15	26	15a	34	22	0.0	1/8	1/8	FiguredBass	3/8	2	1	0												1/8	5/				
17	15	26	15a	34	22	0.5	1/8	1/8	Chord	3/8	2	1	1/8		1/8	1	110													
17	15	26	15a	69/2	45/2	0.5	1/4	1/4	Chord	3/8	2	1	1/8		1/8	1	111													
18	16	27	16a	35	23	0.5	0	0	Chord	3/8	1	1	1/8		1/8	1	112	ornamentShortTrill												
18	16	27	16a	71/2	47/2	0.0	1/8	1/8	StaffText	3/8	1	1	0						)											
18	16	27	16a	71/2	47/2	0.5	1/8	1/8	Chord	3/8	1	1	1/8		1/8	1	113													
18	16	27	16a	35	23	0.0	0	0	FiguredBass	3/8	2	1	0												1/8	#3				
18	16	27	16a	35	23	0.5	0	0	Chord	3/8	2	1	1/8		1/8	1	114													
18	16	27	16a	71/2	47/2	0.0	1/8	1/8	FiguredBass	3/8	2	1	0												1/8	h3				
18	16	27	16a	71/2	47/2	0.0	1/8	1/8	StaffText	3/8	2	1	0						)											
18	16	27	16a	71/2	47/2	0.5	1/8	1/8	Chord	3/8	2	1	1/8		1/8	1	115													
10	8	28	16a	36	12	0.5	0	1/4	Chord	3/8	1	1	1/8		1/8	1	62													
10	8	28	16a	36	12	0.5	0	1/4	Chord	3/8	2	1	1/8		1/8	1	63													
11	9	29	9b	73/2	25/2	0.0	0	0	Chord	3/8	1	1	0	grace4	1/8	1	64													
11	9	29	9b	73/2	25/2	0.5	0	0	Chord	3/8	1	1	1/8		1/8	1	65													
11	9	29	9b	37	13	0.0	1/8	1/8	Chord	3/8	1	1	0	appoggiatura	1/8	1	66													
11	9	29	9b	37	13	0.5	1/8	1/8	Chord	3/8	1	1	1/8		1/8	1	67													
11	9	29	9b	75/2	27/2	0.5	1/4	1/4	Chord	3/8	1	1	1/8		1/8	1	68													
11	9	29	9b	73/2	25/2	0.0	0	0	FiguredBass	3/8	2	1	0												1/8	7	b3			
11	9	29	9b	73/2	25/2	0.5	0	0	Chord	3/8	2	1	1/8		1/8	1	69													
11	9	29	9b	37	13	0.5	1/8	1/8	Chord	3/8	2	1	1/8		1/8	1	70													
11	9	29	9b	75/2	27/2	0.0	1/4	1/4	FiguredBass	3/8	2	1	0												1/8	b7				
11	9	29	9b	75/2	27/2	0.5	1/4	1/4	Chord	3/8	2	1	1/8		1/8	1	71													
12	10	30	10b	38	14	0.5	0	0	Chord	3/8	1	1	1/8		1/8	1	72	ornamentShortTrill												
12	10	30	10b	77/2	29/2	0.0	1/8	1/8	StaffText	3/8	1	1	0						)											
12	10	30	10b	77/2	29/2	0.5	1/8	1/8	Chord	3/8	1	1	1/8		1/8	1	73													
12	10	30	10b	39	15	0.5	1/4	1/4	Chord	3/8	1	1	1/8		1/8	1	74													
12	10	30	10b	38	14	0.75	0	0	Chord	3/8	2	1	3/16		1/8	3/2	75													
12	10	30	10b	155/4	59/4	0.25	3/16	3/16	Chord	3/8	2	1	1/16		1/16	1	76													
12	10	30	10b	39	15	0.25	1/4	1/4	Chord	3/8	2	1	1/16		1/16	1	77													
12	10	30	10b	157/4	61/4	0.25	5/16	5/16	Chord	3/8	2	1	1/16		1/16	1	78													
13	11	31	11b	79/2	31/2	0.5	0	0	Chord	3/8	1	1	1/8		1/8	1	79													
13	11	31	11b	40	16	0.0	1/8	1/8	Chord	3/8	1	1	0	appoggiatura	1/8	1	80													
13	11	31	11b	40	16	0.5	1/8	1/8	Chord	3/8	1	1	1/8		1/8	1	81													
13	11	31	11b	81/2	33/2	0.5	1/4	1/4	Chord	3/8	1	1	1/8		1/8	1	82													
13	11	31	11b	79/2	31/2	0.0	0	0	FiguredBass	3/8	2	1	0												1/8	7				
13	11	31	11b	79/2	31/2	0.5	0	0	Chord	3/8	2	1	1/8		1/8	1	83													
13	11	31	11b	40	16	0.5	1/8	1/8	Chord	3/8	2	1	1/8		1/8	1	84													
13	11	31	11b	81/2	33/2	0.0	1/4	1/4	FiguredBass	3/8	2	1	0												1/8	7				
13	11	31	11b	81/2	33/2	0.5	1/4	1/4	Chord	3/8	2	1	1/8		1/8	1	85													
14	12	32	12b	41	17	0.5	0	0	Chord	3/8	1	1	1/8		1/8	1	86	ornamentShortTrill												
14	12	32	12b	83/2	35/2	0.0	1/8	1/8	StaffText	3/8	1	1	0						)											
14	12	32	12b	83/2	35/2	0.5	1/8	1/8	Chord	3/8	1	1	1/8		1/8	1	87													
14	12	32	12b	42	18	0.5	1/4	1/4	Chord	3/8	1	1	1/8		1/8	1	88													
14	12	32	12b	41	17	0.75	0	0	Chord	3/8	2	1	3/16		1/8	3/2	89													
14	12	32	12b	167/4	71/4	0.25	3/16	3/16	Chord	3/8	2	1	1/16		1/16	1	90													
14	12	32	12b	42	18	0.5	1/4	1/4	Chord	3/8	2	1	1/8		1/8	1	91													
15	13	33	13b	85/2	37/2	0.5	0	0	Chord	3/8	1	1	1/8		1/8	1	92													5
15	13	33	13b	43	19	0.5	1/8	1/8	Chord	3/8	1	1	1/8		1/8	1	93	ornamentShortTrill												
15	13	33	13b	87/2	39/2	0.5	1/4	1/4	Chord	3/8	1	1	1/8		1/8	1	94													
15	13	33	13b	85/2	37/2	0.0	0	0	FiguredBass	3/8	2	1	0												1/8	6	4+	3		
15	13	33	13b	85/2	37/2	0.5	0	0	Chord	3/8	2	1	1/8		1/8	1	95													
15	13	33	13b	43	19	0.0	1/8	1/8	FiguredBass	3/8	2	1	0												1/8	6	4			
15	13	33	13b	43	19	0.5	1/8	1/8	Chord	3/8	2	1	1/8		1/8	1	96													
15	13	33	13b	87/2	39/2	0.0	1/4	1/4	FiguredBass	3/8	2	1	0												1/8	4+				
15	13	33	13b	87/2	39/2	0.5	1/4	1/4	Chord	3/8	2	1	1/8		1/8	1	97													
16	14	34	14b	44	20	0.75	0	0	Chord	3/8	1	1	3/16		1/8	3/2	98													
16	14	34	14b	179/4	83/4	0.25	3/16	3/16	Chord	3/8	1	1	1/16		1/16	1	99													
16	14	34	14b	45	21	0.5	1/4	1/4	Chord	3/8	1	1	1/8		1/8	1	100													
16	14	34	14b	44	20	0.0	0	0	FiguredBass	3/8	2	1	0												1/8	6				
16	14	34	14b	44	20	0.5	0	0	Chord	3/8	2	1	1/8		1/8	1	101													
16	14	34	14b	89/2	41/2	0.0	1/8	1/8	FiguredBass	3/8	2	1	0												1/8	#6				
16	14	34	14b	89/2	41/2	0.5	1/8	1/8	Chord	3/8	2	1	1/8		1/8	1	102													
16	14	34	14b	45	21	0.0	1/4	1/4	FiguredBass	3/8	2	1	0												1/8	6				
16	14	34	14b	45	21	0.5	1/4	1/4	Chord	3/8	2	1	1/8		1/8	1	103													
17	15	35	15b	91/2	43/2	0.5	0	0	Chord	3/8	1	1	1/8		1/8	1	104													
17	15	35	15b	46	22	0.0	1/8	1/8	Chord	3/8	1	1	0	grace4	1/8	1	105													
17	15	35	15b	46	22	0.0	1/8	1/8	Chord	3/8	1	1	0	grace4	1/8	1	106													
17	15	35	15b	46	22	0.75	1/8	1/8	Chord	3/8	1	1	3/16		1/8	3/2	107													
17	15	35	15b	187/4	91/4	0.25	5/16	5/16	Chord	3/8	1	1	1/16		1/16	1	108													
17	15	35	15b	91/2	43/2	0.0	0	0	FiguredBass	3/8	2	1	0												1/8	6	5			
17	15	35	15b	91/2	43/2	0.5	0	0	Chord	3/8	2	1	1/8		1/8	1	109													
17	15	35	15b	46	22	0.0	1/8	1/8	FiguredBass	3/8	2	1	0												1/8	5/				
17	15	35	15b	46	22	0.5	1/8	1/8	Chord	3/8	2	1	1/8		1/8	1	110													
17	15	35	15b	93/2	45/2	0.5	1/4	1/4	Chord	3/8	2	1	1/8		1/8	1	111													
18	16	36	16b	47	23	0.5	0	0	Chord	3/8	1	1	1/8		1/8	1	112	ornamentShortTrill												
18	16	36	16b	95/2	47/2	0.0	1/8	1/8	StaffText	3/8	1	1	0						)											
18	16	36	16b	95/2	47/2	0.5	1/8	1/8	Chord	3/8	1	1	1/8		1/8	1	113													
18	16	36	16b	47	23	0.0	0	0	FiguredBass	3/8	2	1	0												1/8	#3				
18	16	36	16b	47	23	0.5	0	0	Chord	3/8	2	1	1/8		1/8	1	114													
18	16	36	16b	95/2	47/2	0.0	1/8	1/8	FiguredBass	3/8	2	1	0												1/8	h3				
18	16	36	16b	95/2	47/2	0.0	1/8	1/8	StaffText	3/8	2	1	0						)											
18	16	36	16b	95/2	47/2	0.5	1/8	1/8	Chord	3/8	2	1	1/8		1/8	1	115													
1	0	37	16b	48	0	0.0	0	1/4	Tempo	3/8	1	1	0							𝅘𝅥. =66	99.0	𝅘𝅥. 	66.0	0.0						
1	0	37	16b	48	0	0.5	0	1/4	Chord	3/8	1	1	1/8		1/8	1	0													
1	0	37	16b	48	0	0.5	0	1/4	Chord	3/8	2	1	1/8		1/8	1	1													
2	1	38	1c	97/2	1/2	0.0	0	0	StaffText	3/8	1	1	0						Légérement et galament											
2	1	38	1c	97/2	1/2	0.5	0	0	Chord	3/8	1	1	1/8		1/8	1	2	ornamentMordent												
2	1	38	1c	49	1	0.25	1/8	1/8	Chord	3/8	1	1	1/16		1/16	1	3													0
2	1	38	1c	197/4	5/4	0.25	3/16	3/16	Chord	3/8	1	1	1/16		1/16	1	4													
2	1	38	1c	99/2	3/2	0.25	1/4	1/4	Chord	3/8	1	1	1/16		1/16	1	5													1
2	1	38	1c	199/4	7/4	0.25	5/16	5/16	Chord	3/8	1	1	1/16		1/16	1	6													
2	1	38	1c	97/2	1/2	0.5	0	0	Chord	3/8	2	1	1/8		1/8	1	7													
2	1	38	1c	49	1	0.0	1/8	1/8	FiguredBass	3/8	2	1	0												1/8	6	5	b3		
2	1	38	1c	49	1	0.5	1/8	1/8	Chord	3/8	2	1	1/8		1/8	1	8													
2	1	38	1c	99/2	3/2	0.0	1/4	1/4	FiguredBass	3/8	2	1	0												1/8	h3				
2	1	38	1c	99/2	3/2	0.5	1/4	1/4	Chord	3/8	2	1	1/8		1/8	1	9													
3	2	39	2c	50	2	0.0	0	0	Chord	3/8	1	1	0	appoggiatura	1/8	1	10													
3	2	39	2c	50	2	0.5	0	0	Chord	3/8	1	1	1/8		1/8	1	11													
3	2	39	2c	101/2	5/2	0.5	1/8	1/8	Chord	3/8	1	1	1/8		1/8	1	12													
3	2	39	2c	51	3	0.5	1/4	1/4	Chord	3/8	1	1	1/8		1/8	1	13													
3	2	39	2c	50	2	0.0	0	0	FiguredBass	3/8	2	1	0												3/8	6_				
3	2	39	2c	50	2	0.5	0	0	Chord	3/8	2	1	1/8		1/8	1	14													
3	2	39	2c	101/2	5/2	0.5	1/8	1/8	Chord	3/8	2	1	1/8		1/8	1	15													
3	2	39	2c	51	3	0.5	1/4	1/4	Chord	3/8	2	1	1/8		1/8	1	16													
4	3	40	3c	103/2	7/2	0.0	0	0	Chord	3/8	1	1	0	appoggiatura	1/8	1	17													
4	3	40	3c	103/2	7/2	0.5	0	0	Chord	3/8	1	1	1/8		1/8	1	18													
4	3	40	3c	52	4	0.25	1/8	1/8	Chord	3/8	1	1	1/16		1/16	1	19													2
4	3	40	3c	209/4	17/4	0.25	3/16	3/16	Chord	3/8	1	1	1/16		1/16	1	20													
4	3	40	3c	105/2	9/2	0.25	1/4	1/4	Chord	3/8	1	1	1/16		1/16	1	21													3
4	3	40	3c	211/4	19/4	0.25	5/16	5/16	Chord	3/8	1	1	1/16		1/16	1	22													
4	3	40	3c	103/2	7/2	0.0	0	0	FiguredBass	3/8	2	1	0												1/8	6	5	b3		
4	3	40	3c	103/2	7/2	0.5	0	0	Chord	3/8	2	1	1/8		1/8	1	23													
4	3	40	3c	52	4	0.0	1/8	1/8	FiguredBass	3/8	2	1	0												1/8	6	4			
4	3	40	3c	52	4	0.5	1/8	1/8	Chord	3/8	2	1	1/8		1/8	1	24													
4	3	40	3c	105/2	9/2	0.0	1/4	1/4	FiguredBass	3/8	2	1	0												1/8	6	4+	3		
4	3	40	3c	105/2	9/2	0.5	1/4	1/4	Chord	3/8	2	1	1/8		1/8	1	25													
5	4	41	4c	53	5	0.5	0	0	Chord	3/8	1	1	1/8		1/8	1	26	ornamentShortTrill												
5	4	41	4c	107/2	11/2	0.0	1/8	1/8	StaffText	3/8	1	1	0						)											
5	4	41	4c	107/2	11/2	0.0	1/8	1/8	Chord	3/8	1	1	0	appoggiatura	1/8	1	27													
5	4	41	4c	107/2	11/2	0.5	1/8	1/8	Chord	3/8	1	1	1/8		1/8	1	28													
5	4	41	4c	54	6	0.5	1/4	1/4	Chord	3/8	1	1	1/8		1/8	1	29													
5	4	41	4c	53	5	0.0	0	0	FiguredBass	3/8	2	1	0												1/4	3_				
5	4	41	4c	53	5	0.5	0	0	Chord	3/8	2	1	1/8		1/8	1	30													
5	4	41	4c	107/2	11/2	0.5	1/8	1/8	Chord	3/8	2	1	1/8		1/8	1	31													
5	4	41	4c	54	6	0.0	1/4	1/4	FiguredBass	3/8	2	1	0												1/8	h6				
5	4	41	4c	54	6	0.5	1/4	1/4	Chord	3/8	2	1	1/8		1/8	1	32													
6	5	42	5c	109/2	13/2	0.0	0	0	Chord	3/8	1	1	0	appoggiatura	1/8	1	33													
6	5	42	5c	109/2	13/2	0.5	0	0	Chord	3/8	1	1	1/8		1/8	1	34													
6	5	42	5c	55	7	0.25	1/8	1/8	Chord	3/8	1	1	1/16		1/16	1	35													
6	5	42	5c	221/4	29/4	0.25	3/16	3/16	Chord	3/8	1	1	1/16		1/16	1	36													
6	5	42	5c	111/2	15/2	0.25	1/4	1/4	Chord	3/8	1	1	1/16		1/16	1	37													
6	5	42	5c	223/4	31/4	0.25	5/16	5/16	Chord	3/8	1	1	1/16		1/16	1	38													
6	5	42	5c	109/2	13/2	0.0	0	0	FiguredBass	3/8	2	1	0												1/4	6	5	b3_		
6	5	42	5c	109/2	13/2	0.5	0	0	Chord	3/8	2	1	1/8		1/8	1	39													
6	5	42	5c	55	7	0.5	1/8	1/8	Chord	3/8	2	1	1/8		1/8	1	40													
6	5	42	5c	111/2	15/2	0.0	1/4	1/4	FiguredBass	3/8	2	1	0												1/8	7	5			
6	5	42	5c	111/2	15/2	0.5	1/4	1/4	Chord	3/8	2	1	1/8		1/8	1	41													
7	6	43	6c	56	8	0.5	0	0	Chord	3/8	1	1	1/8		1/8	1	42													
7	6	43	6c	113/2	17/2	0.0	1/8	1/8	Chord	3/8	1	1	0	appoggiatura	1/8	1	43													
7	6	43	6c	113/2	17/2	0.5	1/8	1/8	Chord	3/8	1	1	1/8		1/8	1	44													
7	6	43	6c	57	9	0.5	1/4	1/4	Chord	3/8	1	1	1/8		1/8	1	45	ornamentMordent												
7	6	43	6c	56	8	0.0	0	0	FiguredBass	3/8	2	1	0												1/4	7	h5	3	2_	
7	6	43	6c	56	8	0.25	0	0	Chord	3/8	2	1	1/16		1/16	1	46													
7	6	43	6c	225/4	33/4	0.25	1/16	1/16	Chord	3/8	2	1	1/16		1/16	1	47													
7	6	43	6c	113/2	17/2	0.25	1/8	1/8	Chord	3/8	2	1	1/16		1/16	1	48													
7	6	43	6c	227/4	35/4	0.25	3/16	3/16	Chord	3/8	2	1	1/16		1/16	1	49													
7	6	43	6c	57	9	0.0	1/4	1/4	FiguredBass	3/8	2	1	0												1/8	3				
7	6	43	6c	57	9	0.5	1/4	1/4	Chord	3/8	2	1	1/8		1/8	1	50													
8	7	44	7c	115/2	19/2	0.25	0	0	Chord	3/8	1	1	1/16		1/16	1	51													
8	7	44	7c	231/4	39/4	0.25	1/16	1/16	Chord	3/8	1	1	1/16		1/16	1	52													
8	7	44	7c	58	10	0.75	1/8	1/8	Chord	3/8	1	1	3/16		1/8	3/2	53	ornamentShortTrill												4
8	7	44	7c	235/4	43/4	0.125	5/16	5/16	Chord	3/8	1	1	1/32		1/32	1	54													4
8	7	44	7c	471/8	87/8	0.125	11/32	11/32	Chord	3/8	1	1	1/32		1/32	1	55													
8	7	44	7c	115/2	19/2	0.0	0	0	FiguredBass	3/8	2	1	0												1/4	6	5	h3_		
8	7	44	7c	115/2	19/2	0.5	0	0	Chord	3/8	2	1	1/8		1/8	1	56													
8	7	44	7c	58	10	0.0	1/8	1/8	FiguredBass	3/8	2	1	0												1/4	h3_				
8	7	44	7c	58	10	0.5	1/8	1/8	Chord	3/8	2	1	1/8		1/8	1	57													
8	7	44	7c	117/2	21/2	0.0	1/4	1/4	FiguredBass	3/8	2	1	0												1/8	7				
8	7	44	7c	117/2	21/2	0.5	1/4	1/4	Chord	3/8	2	1	1/8		1/8	1	58													
9	8	45	8d	59	11	1.0	0	0	Chord	3/8	1	1	1/4		1/4	1	59													
9	8	45	8d	59	11	0.5	0	0	Chord	3/8	2	1	1/8		1/8	1	60													
9	8	45	8d	119/2	23/2	0.5	1/8	1/8	Chord	3/8	2	1	1/8		1/8	1	61													
19	16	46	16c	60	24	0.5	0	1/4	Chord	3/8	1	1	1/8		1/8	1	116													
19	16	46	16c	60	24	0.0	0	1/4	FiguredBass	3/8	2	1	0												1/8	h3				
19	16	46	16c	60	24	0.5	0	1/4	Chord	3/8	2	1	1/8		1/8	1	117													
20	17	47	17a	121/2	49/2	0.0	0	0	Chord	3/8	1	1	0	appoggiatura	1/8	1	118													
20	17	47	17a	121/2	49/2	0.5	0	0	Chord	3/8	1	1	1/8		1/8	1	119													
20	17	47	17a	61	25	0.0	1/8	1/8	Chord	3/8	1	1	0	appoggiatura	1/8	1	120													
20	17	47	17a	61	25	0.5	1/8	1/8	Chord	3/8	1	1	1/8		1/8	1	121													
20	17	47	17a	123/2	51/2	0.0	1/4	1/4	Chord	3/8	1	1	0	appoggiatura	1/8	1	122													
20	17	47	17a	123/2	51/2	0.5	1/4	1/4	Chord	3/8	1	1	1/8		1/8	1	123													
20	17	47	17a	121/2	49/2	0.5	0	0	Chord	3/8	2	1	1/8		1/8	1	124													
20	17	47	17a	61	25	0.0	1/8	1/8	FiguredBass	3/8	2	1	0												1/4	_				
20	17	47	17a	61	25	0.5	1/8	1/8	Chord	3/8	2	1	1/8		1/8	1	125													
20	17	47	17a	123/2	51/2	0.5	1/4	1/4	Chord	3/8	2	1	1/8		1/8	1	126													
21	18	48	18a	62	26	0.0	0	0	Chord	3/8	1	1	0	grace4	1/8	1	127													
21	18	48	18a	62	26	0.75	0	0	Chord	3/8	1	1	3/16		1/8	3/2	128	ornamentMordent												
21	18	48	18a	251/4	107/4	0.25	3/16	3/16	Chord	3/8	1	1	1/16		1/16	1	129													
21	18	48	18a	63	27	0.5	1/4	1/4	Chord	3/8	1	1	1/8		1/8	1	130													
21	18	48	18a	62	26	0.0	0	0	FiguredBass	3/8	2	1	0												3/8	6_				
21	18	48	18a	62	26	0.5	0	0	Chord	3/8	2	1	1/8		1/8	1	131													
21	18	48	18a	125/2	53/2	0.5	1/8	1/8	Chord	3/8	2	1	1/8		1/8	1	132													
21	18	48	18a	63	27	0.5	1/4	1/4	Chord	3/8	2	1	1/8		1/8	1	133													
22	19	49	19a	127/2	55/2	0.0	0	0	Chord	3/8	1	1	0	appoggiatura	1/8	1	134													
22	19	49	19a	127/2	55/2	0.5	0	0	Chord	3/8	1	1	1/8		1/8	1	135													
22	19	49	19a	64	28	0.75	1/8	1/8	Chord	3/8	1	1	3/16		1/8	3/2	136	ornamentMordent												
22	19	49	19a	259/4	115/4	0.25	5/16	5/16	Chord	3/8	1	1	1/16		1/16	1	137													
22	19	49	19a	127/2	55/2	0.25	0	0	Chord	3/8	2	1	1/16		1/16	1	138													
22	19	49	19a	255/4	111/4	0.25	1/16	1/16	Chord	3/8	2	1	1/16		1/16	1	139													
22	19	49	19a	64	28	0.0	1/8	1/8	FiguredBass	3/8	2	1	0												1/8	6	4	3		
22	19	49	19a	64	28	0.5	1/8	1/8	Chord	3/8	2	1	1/8		1/8	1	140	ornamentShortTrill												
22	19	49	19a	129/2	57/2	0.5	1/4	1/4	Chord	3/8	2	1	1/8		1/8	1	141													
23	20	50	20a	65	29	0.5	0	0	Chord	3/8	1	1	1/8		1/8	1	142	ornamentShortTrill												
23	20	50	20a	131/2	59/2	0.0	1/8	1/8	StaffText	3/8	1	1	0						)											
23	20	50	20a	131/2	59/2	0.5	1/8	1/8	Chord	3/8	1	1	1/8		1/8	1	143													
23	20	50	20a	66	30	0.25	1/4	1/4	Chord	3/8	1	1	1/16		1/16	1	144													
23	20	50	20a	265/4	121/4	0.25	5/16	5/16	Chord	3/8	1	1	1/16		1/16	1	145													
23	20	50	20a	65	29	0.0	0	0	FiguredBass	3/8	2	1	0												1/4	_				
23	20	50	20a	65	29	0.5	0	0	Chord	3/8	2	1	1/8		1/8	1	146													
23	20	50	20a	131/2	59/2	0.25	1/8	1/8	Chord	3/8	2	1	1/16		1/16	1	147													
23	20	50	20a	263/4	119/4	0.25	3/16	3/16	Chord	3/8	2	1	1/16		1/16	1	148													
23	20	50	20a	66	30	0.0	1/4	1/4	FiguredBass	3/8	2	1	0												1/8	6				
23	20	50	20a	66	30	0.5	1/4	1/4	Chord	3/8	2	1	1/8		1/8	1	149													
24	21	51	21a	133/2	61/2	0.5	0	0	Chord	3/8	1	1	1/8		1/8	1	150													
24	21	51	21a	67	31	0.75	1/8	1/8	Chord	3/8	1	1	3/16		1/8	3/2	151	ornamentShortTrill												
24	21	51	21a	271/4	127/4	0.25	5/16	5/16	Chord	3/8	1	1	1/16		1/16	1	152													
24	21	51	21a	133/2	61/2	0.5	0	0	Chord	3/8	2	1	1/8		1/8	1	153													
24	21	51	21a	67	31	0.0	1/8	1/8	FiguredBass	3/8	2	1	0												1/8	6				
24	21	51	21a	67	31	0.5	1/8	1/8	Chord	3/8	2	1	1/8		1/8	1	154													
24	21	51	21a	135/2	63/2	0.0	1/4	1/4	FiguredBass	3/8	2	1	0												1/8	6	4	b3		
24	21	51	21a	135/2	63/2	0.5	1/4	1/4	Chord	3/8	2	1	1/8		1/8	1	155													
25	22	52	22a	68	32	0.75	0	0	Chord	3/8	1	1	3/16		1/8	3/2	156	ornamentShortTrill												
25	22	52	22a	275/4	131/4	0.25	3/16	3/16	Chord	3/8	1	1	1/16		1/16	1	157													
25	22	52	22a	69	33	0.5	1/4	1/4	Chord	3/8	1	1	1/8		1/8	1	158													
25	22	52	22a	68	32	0.0	0	0	FiguredBass	3/8	2	1	0												1/4	_				
25	22	52	22a	68	32	0.5	0	0	Chord	3/8	2	1	1/8		1/8	1	159													
25	22	52	22a	137/2	65/2	0.25	1/8	1/8	Chord	3/8	2	1	1/16		1/16	1	160													
25	22	52	22a	275/4	131/4	0.25	3/16	3/16	Chord	3/8	2	1	1/16		1/16	1	161													
25	22	52	22a	69	33	0.0	1/4	1/4	FiguredBass	3/8	2	1	0												1/8	6				
25	22	52	22a	69	33	0.5	1/4	1/4	Chord	3/8	2	1	1/8		1/8	1	162													
26	23	53	23a	139/2	67/2	0.5	0	0	Chord	3/8	1	1	1/8		1/8	1	163													
26	23	53	23a	70	34	0.0	1/8	1/8	Chord	3/8	1	1	0	appoggiatura	1/8	1	164													
26	23	53	23a	70	34	0.75	1/8	1/8	Chord	3/8	1	1	3/16		1/8	3/2	165	ornamentMordent												
26	23	53	23a	283/4	139/4	0.25	5/16	5/16	Chord	3/8	1	1	1/16		1/16	1	166													
26	23	53	23a	139/2	67/2	0.0	0	0	FiguredBass	3/8	2	1	0												1/8	_				
26	23	53	23a	139/2	67/2	0.25	0	0	Chord	3/8	2	1	1/16		1/16	1	167													
26	23	53	23a	279/4	135/4	0.25	1/16	1/16	Chord	3/8	2	1	1/16		1/16	1	168													
26	23	53	23a	70	34	0.0	1/8	1/8	FiguredBass	3/8	2	1	0												1/8	6	4+	3		
26	23	53	23a	70	34	0.5	1/8	1/8	Chord	3/8	2	1	1/8		1/8	1	169	ornamentShortTrill												
26	23	53	23a	141/2	69/2	0.5	1/4	1/4	Chord	3/8	2	1	1/8		1/8	1	170													
27	24	54	24a	71	35	0.5	0	0	Chord	3/8	1	1	1/8		1/8	1	171	ornamentShortTrill												
27	24	54	24a	143/2	71/2	0.0	1/8	1/8	StaffText	3/8	1	1	0						)											
27	24	54	24a	143/2	71/2	0.5	1/8	1/8	Chord	3/8	1	1	1/8		1/8	1	172													
27	24	54	24a	71	35	0.5	0	0	Chord	3/8	2	1	1/8		1/8	1	173													
27	24	54	24a	143/2	71/2	0.5	1/8	1/8	Chord	3/8	2	1	1/8		1/8	1	174													
19	16	55	24a	72	24	0.5	0	1/4	Chord	3/8	1	1	1/8		1/8	1	116													
19	16	55	24a	72	24	0.0	0	1/4	FiguredBass	3/8	2	1	0												1/8	h3				
19	16	55	24a	72	24	0.5	0	1/4	Chord	3/8	2	1	1/8		1/8	1	117													
20	17	56	17b	145/2	49/2	0.0	0	0	Chord	3/8	1	1	0	appoggiatura	1/8	1	118													
20	17	56	17b	145/2	49/2	0.5	0	0	Chord	3/8	1	1	1/8		1/8	1	119													
20	17	56	17b	73	25	0.0	1/8	1/8	Chord	3/8	1	1	0	appoggiatura	1/8	1	120													
20	17	56	17b	73	25	0.5	1/8	1/8	Chord	3/8	1	1	1/8		1/8	1	121													
20	17	56	17b	147/2	51/2	0.0	1/4	1/4	Chord	3/8	1	1	0	appoggiatura	1/8	1	122													
20	17	56	17b	147/2	51/2	0.5	1/4	1/4	Chord	3/8	1	1	1/8		1/8	1	123													
20	17	56	17b	145/2	49/2	0.5	0	0	Chord	3/8	2	1	1/8		1/8	1	124													
20	17	56	17b	73	25	0.0	1/8	1/8	FiguredBass	3/8	2	1	0												1/4	_				
20	17	56	17b	73	25	0.5	1/8	1/8	Chord	3/8	2	1	1/8		1/8	1	125													
20	17	56	17b	147/2	51/2	0.5	1/4	1/4	Chord	3/8	2	1	1/8		1/8	1	126													
21	18	57	18b	74	26	0.0	0	0	Chord	3/8	1	1	0	grace4	1/8	1	127													
21	18	57	18b	74	26	0.75	0	0	Chord	3/8	1	1	3/16		1/8	3/2	128	ornamentMordent												
21	18	57	18b	299/4	107/4	0.25	3/16	3/16	Chord	3/8	1	1	1/16		1/16	1	129													
21	18	57	18b	75	27	0.5	1/4	1/4	Chord	3/8	1	1	1/8		1/8	1	130													
21	18	57	18b	74	26	0.0	0	0	FiguredBass	3/8	2	1	0												3/8	6_				
21	18	57	18b	74	26	0.5	0	0	Chord	3/8	2	1	1/8		1/8	1	131													
21	18	57	18b	149/2	53/2	0.5	1/8	1/8	Chord	3/8	2	1	1/8		1/8	1	132													
21	18	57	18b	75	27	0.5	1/4	1/4	Chord	3/8	2	1	1/8		1/8	1	133													
22	19	58	19b	151/2	55/2	0.0	0	0	Chord	3/8	1	1	0	appoggiatura	1/8	1	134													
22	19	58	19b	151/2	55/2	0.5	0	0	Chord	3/8	1	1	1/8		1/8	1	135													
22	19	58	19b	76	28	0.75	1/8	1/8	Chord	3/8	1	1	3/16		1/8	3/2	136	ornamentMordent												
22	19	58	19b	307/4	115/4	0.25	5/16	5/16	Chord	3/8	1	1	1/16		1/16	1	137													
22	19	58	19b	151/2	55/2	0.25	0	0	Chord	3/8	2	1	1/16		1/16	1	138													
22	19	58	19b	303/4	111/4	0.25	1/16	1/16	Chord	3/8	2	1	1/16		1/16	1	139													
22	19	58	19b	76	28	0.0	1/8	1/8	FiguredBass	3/8	2	1	0												1/8	6	4	3		
22	19	58	19b	76	28	0.5	1/8	1/8	Chord	3/8	2	1	1/8		1/8	1	140	ornamentShortTrill												
22	19	58	19b	153/2	57/2	0.5	1/4	1/4	Chord	3/8	2	1	1/8		1/8	1	141													
23	20	59	20b	77	29	0.5	0	0	Chord	3/8	1	1	1/8		1/8	1	142	ornamentShortTrill												
23	20	59	20b	155/2	59/2	0.0	1/8	1/8	StaffText	3/8	1	1	0						)											
23	20	59	20b	155/2	59/2	0.5	1/8	1/8	Chord	3/8	1	1	1/8		1/8	1	143													
23	20	59	20b	78	30	0.25	1/4	1/4	Chord	3/8	1	1	1/16		1/16	1	144													
23	20	59	20b	313/4	121/4	0.25	5/16	5/16	Chord	3/8	1	1	1/16		1/16	1	145													
23	20	59	20b	77	29	0.0	0	0	FiguredBass	3/8	2	1	0												1/4	_				
23	20	59	20b	77	29	0.5	0	0	Chord	3/8	2	1	1/8		1/8	1	146													
23	20	59	20b	155/2	59/2	0.25	1/8	1/8	Chord	3/8	2	1	1/16		1/16	1	147													
23	20	59	20b	311/4	119/4	0.25	3/16	3/16	Chord	3/8	2	1	1/16		1/16	1	148													
23	20	59	20b	78	30	0.0	1/4	1/4	FiguredBass	3/8	2	1	0												1/8	6				
23	20	59	20b	78	30	0.5	1/4	1/4	Chord	3/8	2	1	1/8		1/8	1	149													
24	21	60	21b	157/2	61/2	0.5	0	0	Chord	3/8	1	1	1/8		1/8	1	150													
24	21	60	21b	79	31	0.75	1/8	1/8	Chord	3/8	1	1	3/16		1/8	3/2	151	ornamentShortTrill												
24	21	60	21b	319/4	127/4	0.25	5/16	5/16	Chord	3/8	1	1	1/16		1/16	1	152													
24	21	60	21b	157/2	61/2	0.5	0	0	Chord	3/8	2	1	1/8		1/8	1	153													
24	21	60	21b	79	31	0.0	1/8	1/8	FiguredBass	3/8	2	1	0												1/8	6				
24	21	60	21b	79	31	0.5	1/8	1/8	Chord	3/8	2	1	1/8		1/8	1	154													
24	21	60	21b	159/2	63/2	0.0	1/4	1/4	FiguredBass	3/8	2	1	0												1/8	6	4	b3		
24	21	60	21b	159/2	63/2	0.5	1/4	1/4	Chord	3/8	2	1	1/8		1/8	1	155													
25	22	61	22b	80	32	0.75	0	0	Chord	3/8	1	1	3/16		1/8	3/2	156	ornamentShortTrill												
25	22	61	22b	323/4	131/4	0.25	3/16	3/16	Chord	3/8	1	1	1/16		1/16	1	157													
25	22	61	22b	81	33	0.5	1/4	1/4	Chord	3/8	1	1	1/8		1/8	1	158													
25	22	61	22b	80	32	0.0	0	0	FiguredBass	3/8	2	1	0												1/4	_				
25	22	61	22b	80	32	0.5	0	0	Chord	3/8	2	1	1/8		1/8	1	159													
25	22	61	22b	161/2	65/2	0.25	1/8	1/8	Chord	3/8	2	1	1/16		1/16	1	160													
25	22	61	22b	323/4	131/4	0.25	3/16	3/16	Chord	3/8	2	1	1/16		1/16	1	161													
25	22	61	22b	81	33	0.0	1/4	1/4	FiguredBass	3/8	2	1	0												1/8	6				
25	22	61	22b	81	33	0.5	1/4	1/4	Chord	3/8	2	1	1/8		1/8	1	162													
26	23	62	23b	163/2	67/2	0.5	0	0	Chord	3/8	1	1	1/8		1/8	1	163													
26	23	62	23b	82	34	0.0	1/8	1/8	Chord	3/8	1	1	0	appoggiatura	1/8	1	164													
26	23	62	23b	82	34	0.75	1/8	1/8	Chord	3/8	1	1	3/16		1/8	3/2	165	ornamentMordent												
26	23	62	23b	331/4	139/4	0.25	5/16	5/16	Chord	3/8	1	1	1/16		1/16	1	166													
26	23	62	23b	163/2	67/2	0.0	0	0	FiguredBass	3/8	2	1	0												1/8	_				
26	23	62	23b	163/2	67/2	0.25	0	0	Chord	3/8	2	1	1/16		1/16	1	167													
26	23	62	23b	327/4	135/4	0.25	1/16	1/16	Chord	3/8	2	1	1/16		1/16	1	168													
26	23	62	23b	82	34	0.0	1/8	1/8	FiguredBass	3/8	2	1	0												1/8	6	4+	3		
26	23	62	23b	82	34	0.5	1/8	1/8	Chord	3/8	2	1	1/8		1/8	1	169	ornamentShortTrill												
26	23	62	23b	165/2	69/2	0.5	1/4	1/4	Chord	3/8	2	1	1/8		1/8	1	170													
27	24	63	24b	83	35	0.5	0	0	Chord	3/8	1	1	1/8		1/8	1	171	ornamentShortTrill												
27	24	63	24b	167/2	71/2	0.0	1/8	1/8	StaffText	3/8	1	1	0						)											
27	24	63	24b	167/2	71/2	0.5	1/8	1/8	Chord	3/8	1	1	1/8		1/8	1	172													
27	24	63	24b	83	35	0.5	0	0	Chord	3/8	2	1	1/8		1/8	1	173													
27	24	63	24b	167/2	71/2	0.5	1/8	1/8	Chord	3/8	2	1	1/8		1/8	1	174													
1	0	64	24b	84	0	0.0	0	1/4	Tempo	3/8	1	1	0							𝅘𝅥. =66	99.0	𝅘𝅥. 	66.0	0.0						
1	0	64	24b	84	0	0.5	0	1/4	Chord	3/8	1	1	1/8		1/8	1	0													
1	0	64	24b	84	0	0.5	0	1/4	Chord	3/8	2	1	1/8		1/8	1	1													
2	1	65	1d	169/2	1/2	0.0	0	0	StaffText	3/8	1	1	0						Légérement et galament											
2	1	65	1d	169/2	1/2	0.5	0	0	Chord	3/8	1	1	1/8		1/8	1	2	ornamentMordent												
2	1	65	1d	85	1	0.25	1/8	1/8	Chord	3/8	1	1	1/16		1/16	1	3													0
2	1	65	1d	341/4	5/4	0.25	3/16	3/16	Chord	3/8	1	1	1/16		1/16	1	4													
2	1	65	1d	171/2	3/2	0.25	1/4	1/4	Chord	3/8	1	1	1/16		1/16	1	5													1
2	1	65	1d	343/4	7/4	0.25	5/16	5/16	Chord	3/8	1	1	1/16		1/16	1	6													
2	1	65	1d	169/2	1/2	0.5	0	0	Chord	3/8	2	1	1/8		1/8	1	7													
2	1	65	1d	85	1	0.0	1/8	1/8	FiguredBass	3/8	2	1	0												1/8	6	5	b3		
2	1	65	1d	85	1	0.5	1/8	1/8	Chord	3/8	2	1	1/8		1/8	1	8													
2	1	65	1d	171/2	3/2	0.0	1/4	1/4	FiguredBass	3/8	2	1	0												1/8	h3				
2	1	65	1d	171/2	3/2	0.5	1/4	1/4	Chord	3/8	2	1	1/8		1/8	1	9													
3	2	66	2d	86	2	0.0	0	0	Chord	3/8	1	1	0	appoggiatura	1/8	1	10													
3	2	66	2d	86	2	0.5	0	0	Chord	3/8	1	1	1/8		1/8	1	11													
3	2	66	2d	173/2	5/2	0.5	1/8	1/8	Chord	3/8	1	1	1/8		1/8	1	12													
3	2	66	2d	87	3	0.5	1/4	1/4	Chord	3/8	1	1	1/8		1/8	1	13													
3	2	66	2d	86	2	0.0	0	0	FiguredBass	3/8	2	1	0												3/8	6_				
3	2	66	2d	86	2	0.5	0	0	Chord	3/8	2	1	1/8		1/8	1	14													
3	2	66	2d	173/2	5/2	0.5	1/8	1/8	Chord	3/8	2	1	1/8		1/8	1	15													
3	2	66	2d	87	3	0.5	1/4	1/4	Chord	3/8	2	1	1/8		1/8	1	16													
4	3	67	3d	175/2	7/2	0.0	0	0	Chord	3/8	1	1	0	appoggiatura	1/8	1	17													
4	3	67	3d	175/2	7/2	0.5	0	0	Chord	3/8	1	1	1/8		1/8	1	18													
4	3	67	3d	88	4	0.25	1/8	1/8	Chord	3/8	1	1	1/16		1/16	1	19													2
4	3	67	3d	353/4	17/4	0.25	3/16	3/16	Chord	3/8	1	1	1/16		1/16	1	20													
4	3	67	3d	177/2	9/2	0.25	1/4	1/4	Chord	3/8	1	1	1/16		1/16	1	21													3
4	3	67	3d	355/4	19/4	0.25	5/16	5/16	Chord	3/8	1	1	1/16		1/16	1	22													
4	3	67	3d	175/2	7/2	0.0	0	0	FiguredBass	3/8	2	1	0												1/8	6	5	b3		
4	3	67	3d	175/2	7/2	0.5	0	0	Chord	3/8	2	1	1/8		1/8	1	23													
4	3	67	3d	88	4	0.0	1/8	1/8	FiguredBass	3/8	2	1	0												1/8	6	4			
4	3	67	3d	88	4	0.5	1/8	1/8	Chord	3/8	2	1	1/8		1/8	1	24													
4	3	67	3d	177/2	9/2	0.0	1/4	1/4	FiguredBass	3/8	2	1	0												1/8	6	4+	3		
4	3	67	3d	177/2	9/2	0.5	1/4	1/4	Chord	3/8	2	1	1/8		1/8	1	25													
5	4	68	4d	89	5	0.5	0	0	Chord	3/8	1	1	1/8		1/8	1	26	ornamentShortTrill												
5	4	68	4d	179/2	11/2	0.0	1/8	1/8	StaffText	3/8	1	1	0						)											
5	4	68	4d	179/2	11/2	0.0	1/8	1/8	Chord	3/8	1	1	0	appoggiatura	1/8	1	27													
5	4	68	4d	179/2	11/2	0.5	1/8	1/8	Chord	3/8	1	1	1/8		1/8	1	28													
5	4	68	4d	90	6	0.5	1/4	1/4	Chord	3/8	1	1	1/8		1/8	1	29													
5	4	68	4d	89	5	0.0	0	0	FiguredBass	3/8	2	1	0												1/4	3_				
5	4	68	4d	89	5	0.5	0	0	Chord	3/8	2	1	1/8		1/8	1	30													
5	4	68	4d	179/2	11/2	0.5	1/8	1/8	Chord	3/8	2	1	1/8		1/8	1	31													
5	4	68	4d	90	6	0.0	1/4	1/4	FiguredBass	3/8	2	1	0												1/8	h6				
5	4	68	4d	90	6	0.5	1/4	1/4	Chord	3/8	2	1	1/8		1/8	1	32													
6	5	69	5d	181/2	13/2	0.0	0	0	Chord	3/8	1	1	0	appoggiatura	1/8	1	33													
6	5	69	5d	181/2	13/2	0.5	0	0	Chord	3/8	1	1	1/8		1/8	1	34													
6	5	69	5d	91	7	0.25	1/8	1/8	Chord	3/8	1	1	1/16		1/16	1	35													
6	5	69	5d	365/4	29/4	0.25	3/16	3/16	Chord	3/8	1	1	1/16		1/16	1	36													
6	5	69	5d	183/2	15/2	0.25	1/4	1/4	Chord	3/8	1	1	1/16		1/16	1	37													
6	5	69	5d	367/4	31/4	0.25	5/16	5/16	Chord	3/8	1	1	1/16		1/16	1	38													
6	5	69	5d	181/2	13/2	0.0	0	0	FiguredBass	3/8	2	1	0												1/4	6	5	b3_		
6	5	69	5d	181/2	13/2	0.5	0	0	Chord	3/8	2	1	1/8		1/8	1	39													
6	5	69	5d	91	7	0.5	1/8	1/8	Chord	3/8	2	1	1/8		1/8	1	40													
6	5	69	5d	183/2	15/2	0.0	1/4	1/4	FiguredBass	3/8	2	1	0												1/8	7	5			
6	5	69	5d	183/2	15/2	0.5	1/4	1/4	Chord	3/8	2	1	1/8		1/8	1	41													
7	6	70	6d	92	8	0.5	0	0	Chord	3/8	1	1	1/8		1/8	1	42													
7	6	70	6d	185/2	17/2	0.0	1/8	1/8	Chord	3/8	1	1	0	appoggiatura	1/8	1	43													
7	6	70	6d	185/2	17/2	0.5	1/8	1/8	Chord	3/8	1	1	1/8		1/8	1	44													
7	6	70	6d	93	9	0.5	1/4	1/4	Chord	3/8	1	1	1/8		1/8	1	45	ornamentMordent												
7	6	70	6d	92	8	0.0	0	0	FiguredBass	3/8	2	1	0												1/4	7	h5	3	2_	
7	6	70	6d	92	8	0.25	0	0	Chord	3/8	2	1	1/16		1/16	1	46													
7	6	70	6d	369/4	33/4	0.25	1/16	1/16	Chord	3/8	2	1	1/16		1/16	1	47													
7	6	70	6d	185/2	17/2	0.25	1/8	1/8	Chord	3/8	2	1	1/16		1/16	1	48													
7	6	70	6d	371/4	35/4	0.25	3/16	3/16	Chord	3/8	2	1	1/16		1/16	1	49													
7	6	70	6d	93	9	0.0	1/4	1/4	FiguredBass	3/8	2	1	0												1/8	3				
7	6	70	6d	93	9	0.5	1/4	1/4	Chord	3/8	2	1	1/8		1/8	1	50													
8	7	71	7d	187/2	19/2	0.25	0	0	Chord	3/8	1	1	1/16		1/16	1	51													
8	7	71	7d	375/4	39/4	0.25	1/16	1/16	Chord	3/8	1	1	1/16		1/16	1	52													
8	7	71	7d	94	10	0.75	1/8	1/8	Chord	3/8	1	1	3/16		1/8	3/2	53	ornamentShortTrill												4
8	7	71	7d	379/4	43/4	0.125	5/16	5/16	Chord	3/8	1	1	1/32		1/32	1	54													4
8	7	71	7d	759/8	87/8	0.125	11/32	11/32	Chord	3/8	1	1	1/32		1/32	1	55													
8	7	71	7d	187/2	19/2	0.0	0	0	FiguredBass	3/8	2	1	0												1/4	6	5	h3_		
8	7	71	7d	187/2	19/2	0.5	0	0	Chord	3/8	2	1	1/8		1/8	1	56													
8	7	71	7d	94	10	0.0	1/8	1/8	FiguredBass	3/8	2	1	0												1/4	h3_				
8	7	71	7d	94	10	0.5	1/8	1/8	Chord	3/8	2	1	1/8		1/8	1	57													
8	7	71	7d	189/2	21/2	0.0	1/4	1/4	FiguredBass	3/8	2	1	0												1/8	7				
8	7	71	7d	189/2	21/2	0.5	1/4	1/4	Chord	3/8	2	1	1/8		1/8	1	58													
9	8	72	8e	95	11	1.0	0	0	Chord	3/8	1	1	1/4		1/4	1	59													
9	8	72	8e	95	11	0.5	0	0	Chord	3/8	2	1	1/8		1/8	1	60													
9	8	72	8e	191/2	23/2	0.5	1/8	1/8	Chord	3/8	2	1	1/8		1/8	1	61													
28	24	73	24c	96	36	1.0	0	0	Chord	3/8	1	1	1/4		1/4	1	175													
28	24	73	24c	389/4	149/4	0.25	5/16	5/16	Chord	3/8	1	1	1/16		1/16	1	176													
28	24	73	24c	195/2	75/2	0.25	3/8	3/8	Chord	3/8	1	1	1/16		1/16	1	177													
28	24	73	24c	391/4	151/4	0.25	7/16	7/16	Chord	3/8	1	1	1/16		1/16	1	178													
28	24	73	24c	96	36	0.0	0	0	StaffText	3/8	2	1	0						Fin.											
28	24	73	24c	96	36	0.5	0	0	Chord	3/8	2	1	1/8		1/8	1	179													
28	24	73	24c	193/2	73/2	0.5	1/8	1/8	Chord	3/8	2	1	1/8		1/8	1	180													
29	25	74	25a	98	38	0.25	0	0	Chord	3/8	1	1	1/16		1/16	1	181	ornamentShortTrill												
29	25	74	25a	393/4	153/4	0.25	1/16	1/16	Chord	3/8	1	1	1/16		1/16	1	182													
29	25	74	25a	197/2	77/2	0.25	1/8	1/8	Chord	3/8	1	1	1/16		1/16	1	183													
29	25	74	25a	395/4	155/4	0.25	3/16	3/16	Chord	3/8	1	1	1/16		1/16	1	184													
29	25	74	25a	99	39	0.25	1/4	1/4	Chord	3/8	1	1	1/16		1/16	1	185													
29	25	74	25a	397/4	157/4	0.25	5/16	5/16	Chord	3/8	1	1	1/16		1/16	1	186													
29	25	74	25a	395/4	155/4	0.25	3/16	3/16	Chord	3/8	2	1	1/16		1/16	1	187													
29	25	74	25a	99	39	0.25	1/4	1/4	Chord	3/8	2	1	1/16		1/16	1	188													
29	25	74	25a	397/4	157/4	0.25	5/16	5/16	Chord	3/8	2	1	1/16		1/16	1	189													
30	26	75	26a	199/2	79/2	0.0	0	0	Chord	3/8	1	1	0	appoggiatura	1/8	1	190													
30	26	75	26a	199/2	79/2	0.75	0	0	Chord	3/8	1	1	3/16		1/8	3/2	191	ornamentMordent												
30	26	75	26a	401/4	161/4	0.25	3/16	3/16	Chord	3/8	1	1	1/16		1/16	1	192													
30	26	75	26a	201/2	81/2	0.5	1/4	1/4	Chord	3/8	1	1	1/8		1/8	1	193													
30	26	75	26a	199/2	79/2	0.0	0	0	FiguredBass	3/8	2	1	0												3/8	6_				
30	26	75	26a	199/2	79/2	0.25	0	0	Chord	3/8	2	1	1/16		1/16	1	194													
30	26	75	26a	399/4	159/4	0.25	1/16	1/16	Chord	3/8	2	1	1/16		1/16	1	195													
30	26	75	26a	100	40	0.25	1/8	1/8	Chord	3/8	2	1	1/16		1/16	1	196													
30	26	75	26a	401/4	161/4	0.25	3/16	3/16	Chord	3/8	2	1	1/16		1/16	1	197													
30	26	75	26a	201/2	81/2	0.25	1/4	1/4	Chord	3/8	2	1	1/16		1/16	1	198													
30	26	75	26a	403/4	163/4	0.25	5/16	5/16	Chord	3/8	2	1	1/16		1/16	1	199													
31	27	76	27a	101	41	0.5	0	0	Chord	3/8	1	1	1/8		1/8	1	200	ornamentShortTrill												
31	27	76	27a	203/2	83/2	0.5	1/8	1/8	Chord	3/8	1	1	1/8		1/8	1	201													
31	27	76	27a	102	42	0.5	1/4	1/4	Chord	3/8	1	1	1/8		1/8	1	202													
31	27	76	27a	101	41	0.0	0	0	FiguredBass	3/8	2	1	0												1/8	h3_				
31	27	76	27a	101	41	0.25	0	0	Chord	3/8	2	1	1/16		1/16	1	203													
31	27	76	27a	405/4	165/4	0.25	1/16	1/16	Chord	3/8	2	1	1/16		1/16	1	204													
31	27	76	27a	203/2	83/2	0.0	1/8	1/8	FiguredBass	3/8	2	1	0												1/8	6_				
31	27	76	27a	203/2	83/2	0.25	1/8	1/8	Chord	3/8	2	1	1/16		1/16	1	205													
31	27	76	27a	407/4	167/4	0.25	3/16	3/16	Chord	3/8	2	1	1/16		1/16	1	206													
31	27	76	27a	102	42	0.0	1/4	1/4	FiguredBass	3/8	2	1	0												1/8	5/_				
31	27	76	27a	102	42	0.25	1/4	1/4	Chord	3/8	2	1	1/16		1/16	1	207													
31	27	76	27a	409/4	169/4	0.25	5/16	5/16	Chord	3/8	2	1	1/16		1/16	1	208													
32	28	77	28a	205/2	85/2	0.25	0	0	Chord	3/8	1	1	1/16		1/16	1	209													6
32	28	77	28a	411/4	171/4	0.25	1/16	1/16	Chord	3/8	1	1	1/16		1/16	1	210													6
32	28	77	28a	103	43	0.25	1/8	1/8	Chord	3/8	1	1	1/16		1/16	1	211													6
32	28	77	28a	413/4	173/4	0.25	3/16	3/16	Chord	3/8	1	1	1/16		1/16	1	212													6
32	28	77	28a	207/2	87/2	0.375	1/4	1/4	Chord	3/8	1	1	3/32		1/16	3/2	213	ornamentShortTrill												6
32	28	77	28a	831/8	351/8	0.0625	11/32	11/32	Chord	3/8	1	1	1/64		1/64	1	214													6
32	28	77	28a	1663/16	703/16	0.0625	23/64	23/64	Chord	3/8	1	1	1/64		1/64	1	215													
32	28	77	28a	205/2	85/2	1.0	0	0	Chord	3/8	2	1	1/4		1/4	1	216													
32	28	77	28a	207/2	87/2	0.0	1/4	1/4	FiguredBass	3/8	2	1	0												1/8	h3				
32	28	77	28a	207/2	87/2	0.5	1/4	1/4	Chord	3/8	2	1	1/8		1/8	1	217													
33	29	78	29a	104	44	0.25	0	0	Chord	3/8	1	1	1/16		1/16	1	218													7
33	29	78	29a	417/4	177/4	0.25	1/16	1/16	Chord	3/8	1	1	1/16		1/16	1	219													7
33	29	78	29a	209/2	89/2	0.25	1/8	1/8	Chord	3/8	1	1	1/16		1/16	1	220													7
33	29	78	29a	419/4	179/4	0.25	3/16	3/16	Chord	3/8	1	1	1/16		1/16	1	221													7
33	29	78	29a	105	45	0.375	1/4	1/4	Chord	3/8	1	1	3/32		1/16	3/2	222	ornamentShortTrill												7
33	29	78	29a	843/8	363/8	0.0625	11/32	11/32	Chord	3/8	1	1	1/64		1/64	1	223													7
33	29	78	29a	1687/16	727/16	0.0625	23/64	23/64	Chord	3/8	1	1	1/64		1/64	1	224													
33	29	78	29a	104	44	1.0	0	0	Chord	3/8	2	1	1/4		1/4	1	225													
33	29	78	29a	105	45	0.0	1/4	1/4	FiguredBass	3/8	2	1	0												1/8	h3				
33	29	78	29a	105	45	0.5	1/4	1/4	Chord	3/8	2	1	1/8		1/8	1	226													
34	30	79	30a	211/2	91/2	0.25	0	0	Chord	3/8	1	1	1/16		1/16	1	227													
34	30	79	30a	423/4	183/4	0.25	1/16	1/16	Chord	3/8	1	1	1/16		1/16	1	228													
34	30	79	30a	106	46	0.25	1/8	1/8	Chord	3/8	1	1	1/16		1/16	1	229													
34	30	79	30a	425/4	185/4	0.25	3/16	3/16	Chord	3/8	1	1	1/16		1/16	1	230													
34	30	79	30a	213/2	93/2	0.25	1/4	1/4	Chord	3/8	1	1	1/16		1/16	1	231													
34	30	79	30a	427/4	187/4	0.25	5/16	5/16	Chord	3/8	1	1	1/16		1/16	1	232													
34	30	79	30a	211/2	91/2	1.0	0	0	Chord	3/8	2	1	1/4		1/4	1	233													
34	30	79	30a	213/2	93/2	0.5	1/4	1/4	Chord	3/8	2	1	1/8		1/8	1	234													
35	31	80	31a	107	47	0.5	0	0	Chord	3/8	1	1	1/8		1/8	1	235													
35	31	80	31a	215/2	95/2	0.5	1/8	1/8	Chord	3/8	1	1	1/8		1/8	1	236													
35	31	80	31a	108	48	0.5	1/4	1/4	Chord	3/8	1	1	1/8		1/8	1	237													
35	31	80	31a	107	47	0.0	0	0	FiguredBass	3/8	2	1	0												1/8	6				
35	31	80	31a	107	47	0.5	0	0	Chord	3/8	2	1	1/8		1/8	1	238													
35	31	80	31a	215/2	95/2	0.0	1/8	1/8	FiguredBass	3/8	2	1	0												1/8	3_				
35	31	80	31a	215/2	95/2	0.25	1/8	1/8	Chord	3/8	2	1	1/16		1/16	1	239													
35	31	80	31a	431/4	191/4	0.25	3/16	3/16	Chord	3/8	2	1	1/16		1/16	1	240													
35	31	80	31a	108	48	0.0	1/4	1/4	FiguredBass	3/8	2	1	0												1/8	6	4+	3		
35	31	80	31a	108	48	0.5	1/4	1/4	Chord	3/8	2	1	1/8		1/8	1	241													
36	32	81	32a	217/2	97/2	0.0	0	0	StaffText	3/8	1	1	0						)											
36	32	81	32a	217/2	97/2	0.5	0	0	Chord	3/8	1	1	1/8		1/8	1	242	ornamentShortTrill												
36	32	81	32a	437/4	197/4	0.25	3/16	3/16	Chord	3/8	1	1	1/16		1/16	1	243													
36	32	81	32a	219/2	99/2	0.25	1/4	1/4	Chord	3/8	1	1	1/16		1/16	1	244													
36	32	81	32a	439/4	199/4	0.25	5/16	5/16	Chord	3/8	1	1	1/16		1/16	1	245													
36	32	81	32a	217/2	97/2	0.0	0	0	FiguredBass	3/8	2	1	0												1/4	h3				
36	32	81	32a	217/2	97/2	1.0	0	0	Chord	3/8	2	1	1/4		1/4	1	246													
37	33	82	33a	110	50	0.25	0	0	Chord	3/8	1	1	1/16		1/16	1	247	ornamentShortTrill												
37	33	82	33a	441/4	201/4	0.25	1/16	1/16	Chord	3/8	1	1	1/16		1/16	1	248													
37	33	82	33a	221/2	101/2	0.25	1/8	1/8	Chord	3/8	1	1	1/16		1/16	1	249													
37	33	82	33a	443/4	203/4	0.25	3/16	3/16	Chord	3/8	1	1	1/16		1/16	1	250													
37	33	82	33a	111	51	0.25	1/4	1/4	Chord	3/8	1	1	1/16		1/16	1	251													
37	33	82	33a	445/4	205/4	0.25	5/16	5/16	Chord	3/8	1	1	1/16		1/16	1	252													
37	33	82	33a	443/4	203/4	0.25	3/16	3/16	Chord	3/8	2	1	1/16		1/16	1	253													
37	33	82	33a	111	51	0.25	1/4	1/4	Chord	3/8	2	1	1/16		1/16	1	254													
37	33	82	33a	445/4	205/4	0.25	5/16	5/16	Chord	3/8	2	1	1/16		1/16	1	255													
38	34	83	34a	223/2	103/2	0.75	0	0	Chord	3/8	1	1	3/16		1/8	3/2	256													
38	34	83	34a	449/4	209/4	0.25	3/16	3/16	Chord	3/8	1	1	1/16		1/16	1	257													
38	34	83	34a	225/2	105/2	0.5	1/4	1/4	Chord	3/8	1	1	1/8		1/8	1	258													
38	34	83	34a	223/2	103/2	0.0	0	0	FiguredBass	3/8	2	1	0												3/8	6_				
38	34	83	34a	223/2	103/2	0.25	0	0	Chord	3/8	2	1	1/16		1/16	1	259													
38	34	83	34a	447/4	207/4	0.25	1/16	1/16	Chord	3/8	2	1	1/16		1/16	1	260													
38	34	83	34a	112	52	0.25	1/8	1/8	Chord	3/8	2	1	1/16		1/16	1	261													
38	34	83	34a	449/4	209/4	0.25	3/16	3/16	Chord	3/8	2	1	1/16		1/16	1	262													
38	34	83	34a	225/2	105/2	0.25	1/4	1/4	Chord	3/8	2	1	1/16		1/16	1	263													
38	34	83	34a	451/4	211/4	0.25	5/16	5/16	Chord	3/8	2	1	1/16		1/16	1	264													
39	35	84	35a	113	53	0.5	0	0	Chord	3/8	1	1	1/8		1/8	1	265	ornamentShortTrill												
39	35	84	35a	227/2	107/2	0.5	1/8	1/8	Chord	3/8	1	1	1/8		1/8	1	266													
39	35	84	35a	114	54	0.5	1/4	1/4	Chord	3/8	1	1	1/8		1/8	1	267													
39	35	84	35a	113	53	0.0	0	0	FiguredBass	3/8	2	1	0												1/8	#3_				
39	35	84	35a	113	53	0.25	0	0	Chord	3/8	2	1	1/16		1/16	1	268													
39	35	84	35a	453/4	213/4	0.25	1/16	1/16	Chord	3/8	2	1	1/16		1/16	1	269													
39	35	84	35a	227/2	107/2	0.0	1/8	1/8	FiguredBass	3/8	2	1	0												1/8	6_				
39	35	84	35a	227/2	107/2	0.25	1/8	1/8	Chord	3/8	2	1	1/16		1/16	1	270													
39	35	84	35a	455/4	215/4	0.25	3/16	3/16	Chord	3/8	2	1	1/16		1/16	1	271													
39	35	84	35a	114	54	0.0	1/4	1/4	FiguredBass	3/8	2	1	0												1/8	5/_				
39	35	84	35a	114	54	0.25	1/4	1/4	Chord	3/8	2	1	1/16		1/16	1	272													
39	35	84	35a	457/4	217/4	0.25	5/16	5/16	Chord	3/8	2	1	1/16		1/16	1	273													
40	36	85	36a	229/2	109/2	0.0	0	0	StaffText	3/8	1	1	0						)											
40	36	85	36a	229/2	109/2	0.0	0	0	Chord	3/8	1	1	0	appoggiatura	1/8	1	274													
40	36	85	36a	229/2	109/2	0.5	0	0	Chord	3/8	1	1	1/8		1/8	1	275	ornamentMordent												
40	36	85	36a	115	55	0.5	1/8	1/8	Chord	3/8	1	1	1/8		1/8	1	276													
40	36	85	36a	231/2	111/2	0.0	1/4	1/4	Chord	3/8	1	1	0	appoggiatura	1/8	1	277													
40	36	85	36a	231/2	111/2	0.5	1/4	1/4	Chord	3/8	1	1	1/8		1/8	1	278													
40	36	85	36a	229/2	109/2	0.5	0	0	Chord	3/8	2	1	1/8		1/8	1	279													
40	36	85	36a	115	55	0.0	1/8	1/8	FiguredBass	3/8	2	1	0												1/8	6	4			
41	37	86	37a	116	56	0.5	0	0	Chord	3/8	1	1	1/8		1/8	1	280	ornamentShortTrill												
41	37	86	37a	233/2	113/2	0.5	1/8	1/8	Chord	3/8	1	1	1/8		1/8	1	281													
41	37	86	37a	117	57	0.0	1/4	1/4	Chord	3/8	1	1	0	appoggiatura	1/8	1	282													
41	37	86	37a	117	57	0.5	1/4	1/4	Chord	3/8	1	1	1/8		1/8	1	283													
41	37	86	37a	116	56	0.0	0	0	FiguredBass	3/8	2	1	0												1/8	7				
41	37	86	37a	116	56	0.5	0	0	Chord	3/8	2	1	1/8		1/8	1	284													
41	37	86	37a	233/2	113/2	0.0	1/8	1/8	FiguredBass	3/8	2	1	0												1/8	6	4			
42	38	87	38a	235/2	115/2	0.75	0	0	Chord	3/8	1	1	3/16		1/8	3/2	285	ornamentShortTrill												
42	38	87	38a	473/4	233/4	0.25	3/16	3/16	Chord	3/8	1	1	1/16		1/16	1	286													
42	38	87	38a	237/2	117/2	0.0	1/4	1/4	Chord	3/8	1	1	0	appoggiatura	1/8	1	287													
42	38	87	38a	237/2	117/2	0.5	1/4	1/4	Chord	3/8	1	1	1/8		1/8	1	288	ornamentMordent												
42	38	87	38a	235/2	115/2	0.0	0	0	FiguredBass	3/8	2	1	0												1/4	7_				
42	38	87	38a	235/2	115/2	0.5	0	0	Chord	3/8	2	1	1/8		1/8	1	289													
42	38	87	38a	118	58	0.5	1/8	1/8	Chord	3/8	2	1	1/8		1/8	1	290													
42	38	87	38a	237/2	117/2	0.0	1/4	1/4	FiguredBass	3/8	2	1	0												1/8	6	4+	3		
42	38	87	38a	237/2	117/2	0.5	1/4	1/4	Chord	3/8	2	1	1/8		1/8	1	291													
43	39	88	39a	119	59	0.25	0	0	Chord	3/8	1	1	1/16		1/16	1	292													
43	39	88	39a	477/4	237/4	0.25	1/16	1/16	Chord	3/8	1	1	1/16		1/16	1	293													
43	39	88	39a	239/2	119/2	0.75	1/8	1/8	Chord	3/8	1	1	3/16		1/8	3/2	294	ornamentShortTrill												
43	39	88	39a	481/4	241/4	0.25	5/16	5/16	Chord	3/8	1	1	1/16		1/16	1	295													
43	39	88	39a	119	59	0.0	0	0	FiguredBass	3/8	2	1	0												1/8	6	5			
43	39	88	39a	119	59	0.5	0	0	Chord	3/8	2	1	1/8		1/8	1	296													
43	39	88	39a	239/2	119/2	0.0	1/8	1/8	FiguredBass	3/8	2	1	0												1/8	4				
43	39	88	39a	239/2	119/2	0.5	1/8	1/8	Chord	3/8	2	1	1/8		1/8	1	297													
43	39	88	39a	120	60	0.0	1/4	1/4	FiguredBass	3/8	2	1	0												1/8	#3				
43	39	88	39a	120	60	0.5	1/4	1/4	Chord	3/8	2	1	1/8		1/8	1	298													
44	40	89	40a	241/2	121/2	0.0	0	0	StaffText	3/8	1	1	0						)											
44	40	89	40a	241/2	121/2	0.5	0	0	Chord	3/8	1	1	1/8		1/8	1	299													
44	40	89	40a	485/4	245/4	0.25	3/16	3/16	Chord	3/8	1	1	1/16		1/16	1	300													
44	40	89	40a	243/2	123/2	0.25	1/4	1/4	Chord	3/8	1	1	1/16		1/16	1	301													
44	40	89	40a	487/4	247/4	0.25	5/16	5/16	Chord	3/8	1	1	1/16		1/16	1	302													
44	40	89	40a	241/2	121/2	0.0	0	0	FiguredBass	3/8	2	1	0												1/16	h3				
44	40	89	40a	241/2	121/2	0.25	0	0	Chord	3/8	2	1	1/16		1/16	1	303													
44	40	89	40a	483/4	243/4	0.25	1/16	1/16	Chord	3/8	2	1	1/16		1/16	1	304													8
44	40	89	40a	121	61	0.25	1/8	1/8	Chord	3/8	2	1	1/16		1/16	1	305													8
44	40	89	40a	485/4	245/4	0.25	3/16	3/16	Chord	3/8	2	1	1/16		1/16	1	306													8
44	40	89	40a	243/2	123/2	0.25	1/4	1/4	Chord	3/8	2	1	1/16		1/16	1	307													8
44	40	89	40a	487/4	247/4	0.25	5/16	5/16	Chord	3/8	2	1	1/16		1/16	1	308													
45	41	90	41a	122	62	0.5	0	0	Chord	3/8	1	1	1/8		1/8	1	309	ornamentShortTrill												
45	41	90	41a	245/2	125/2	0.5	1/8	1/8	Chord	3/8	1	1	1/8		1/8	1	310													
45	41	90	41a	123	63	0.5	1/4	1/4	Chord	3/8	1	1	1/8		1/8	1	311													
45	41	90	41a	122	62	0.0	0	0	FiguredBass	3/8	2	1	0												1/16	h3				
45	41	90	41a	122	62	0.25	0	0	Chord	3/8	2	1	1/16		1/16	1	312													
45	41	90	41a	489/4	249/4	0.25	1/16	1/16	Chord	3/8	2	1	1/16		1/16	1	313													9
45	41	90	41a	245/2	125/2	0.25	1/8	1/8	Chord	3/8	2	1	1/16		1/16	1	314													9
45	41	90	41a	491/4	251/4	0.25	3/16	3/16	Chord	3/8	2	1	1/16		1/16	1	315													9
45	41	90	41a	123	63	0.25	1/4	1/4	Chord	3/8	2	1	1/16		1/16	1	316													9
45	41	90	41a	493/4	253/4	0.25	5/16	5/16	Chord	3/8	2	1	1/16		1/16	1	317													
46	42	91	42a	247/2	127/2	0.0	0	0	Chord	3/8	1	1	0	appoggiatura	1/8	1	318													
46	42	91	42a	247/2	127/2	0.75	0	0	Chord	3/8	1	1	3/16		1/8	3/2	319	ornamentMordent												
46	42	91	42a	497/4	257/4	0.25	3/16	3/16	Chord	3/8	1	1	1/16		1/16	1	320													
46	42	91	42a	249/2	129/2	0.25	1/4	1/4	Chord	3/8	1	1	1/16		1/16	1	321													
46	42	91	42a	499/4	259/4	0.25	5/16	5/16	Chord	3/8	1	1	1/16		1/16	1	322													
46	42	91	42a	247/2	127/2	0.0	0	0	FiguredBass	3/8	2	1	0												1/16	b3				
46	42	91	42a	247/2	127/2	0.25	0	0	Chord	3/8	2	1	1/16		1/16	1	323													
46	42	91	42a	495/4	255/4	0.25	1/16	1/16	Chord	3/8	2	1	1/16		1/16	1	324													10
46	42	91	42a	124	64	0.25	1/8	1/8	Chord	3/8	2	1	1/16		1/16	1	325													10
46	42	91	42a	497/4	257/4	0.25	3/16	3/16	Chord	3/8	2	1	1/16		1/16	1	326													10
46	42	91	42a	249/2	129/2	0.25	1/4	1/4	Chord	3/8	2	1	1/16		1/16	1	327													10
46	42	91	42a	499/4	259/4	0.25	5/16	5/16	Chord	3/8	2	1	1/16		1/16	1	328													
47	43	92	43a	125	65	0.5	0	0	Chord	3/8	1	1	1/8		1/8	1	329	ornamentShortTrill												
47	43	92	43a	251/2	131/2	0.5	1/8	1/8	Chord	3/8	1	1	1/8		1/8	1	330													
47	43	92	43a	126	66	0.5	1/4	1/4	Chord	3/8	1	1	1/8		1/8	1	331													
47	43	92	43a	125	65	0.25	0	0	Chord	3/8	2	1	1/16		1/16	1	332													
47	43	92	43a	501/4	261/4	0.25	1/16	1/16	Chord	3/8	2	1	1/16		1/16	1	333													
47	43	92	43a	251/2	131/2	0.25	1/8	1/8	Chord	3/8	2	1	1/16		1/16	1	334													
47	43	92	43a	503/4	263/4	0.25	3/16	3/16	Chord	3/8	2	1	1/16		1/16	1	335													
47	43	92	43a	126	66	0.25	1/4	1/4	Chord	3/8	2	1	1/16		1/16	1	336													
47	43	92	43a	505/4	265/4	0.25	5/16	5/16	Chord	3/8	2	1	1/16		1/16	1	337													
48	44	93	44a	253/2	133/2	0.0	0	0	StaffText	3/8	1	1	0						♭											
48	44	93	44a	253/2	133/2	0.25	0	0	Chord	3/8	1	1	1/16		1/16	1	338	ornamentShortTrill												
48	44	93	44a	507/4	267/4	0.25	1/16	1/16	Chord	3/8	1	1	1/16		1/16	1	339													
48	44	93	44a	127	67	0.25	1/8	1/8	Chord	3/8	1	1	1/16		1/16	1	340													
48	44	93	44a	509/4	269/4	0.25	3/16	3/16	Chord	3/8	1	1	1/16		1/16	1	341													
48	44	93	44a	255/2	135/2	0.25	1/4	1/4	Chord	3/8	1	1	1/16		1/16	1	342													
48	44	93	44a	511/4	271/4	0.25	5/16	5/16	Chord	3/8	1	1	1/16		1/16	1	343													
48	44	93	44a	253/2	133/2	0.5	0	0	Chord	3/8	2	1	1/8		1/8	1	344													
48	44	93	44a	127	67	0.0	1/8	1/8	FiguredBass	3/8	2	1	0												1/4	6_				
48	44	93	44a	127	67	0.5	1/8	1/8	Chord	3/8	2	1	1/8		1/8	1	345													
48	44	93	44a	255/2	135/2	0.5	1/4	1/4	Chord	3/8	2	1	1/8		1/8	1	346													
49	45	94	45a	128	68	0.25	0	0	Chord	3/8	1	1	1/16		1/16	1	347	ornamentShortTrill												
49	45	94	45a	513/4	273/4	0.25	1/16	1/16	Chord	3/8	1	1	1/16		1/16	1	348													
49	45	94	45a	257/2	137/2	0.25	1/8	1/8	Chord	3/8	1	1	1/16		1/16	1	349													
49	45	94	45a	515/4	275/4	0.25	3/16	3/16	Chord	3/8	1	1	1/16		1/16	1	350													
49	45	94	45a	129	69	0.25	1/4	1/4	Chord	3/8	1	1	1/16		1/16	1	351													
49	45	94	45a	517/4	277/4	0.25	5/16	5/16	Chord	3/8	1	1	1/16		1/16	1	352													
49	45	94	45a	128	68	0.0	0	0	FiguredBass	3/8	2	1	0												1/8	7				
49	45	94	45a	128	68	0.5	0	0	Chord	3/8	2	1	1/8		1/8	1	353													
49	45	94	45a	257/2	137/2	0.0	1/8	1/8	FiguredBass	3/8	2	1	0												1/8	6				
49	45	94	45a	257/2	137/2	0.5	1/8	1/8	Chord	3/8	2	1	1/8		1/8	1	354													
49	45	94	45a	129	69	0.0	1/4	1/4	FiguredBass	3/8	2	1	0												1/8	7				
49	45	94	45a	129	69	0.5	1/4	1/4	Chord	3/8	2	1	1/8		1/8	1	355													
50	46	95	46a	259/2	139/2	0.75	0	0	Chord	3/8	1	1	3/16		1/8	3/2	356	ornamentShortTrill												
50	46	95	46a	521/4	281/4	0.25	3/16	3/16	Chord	3/8	1	1	1/16		1/16	1	357													
50	46	95	46a	261/2	141/2	0.25	1/4	1/4	Chord	3/8	1	1	1/16		1/16	1	358													11
50	46	95	46a	523/4	283/4	0.25	5/16	5/16	Chord	3/8	1	1	1/16		1/16	1	359													
50	46	95	46a	259/2	139/2	0.0	0	0	FiguredBass	3/8	2	1	0												1/4	h3_				
50	46	95	46a	259/2	139/2	0.5	0	0	Chord	3/8	2	1	1/8		1/8	1	360													
50	46	95	46a	130	70	0.25	1/8	1/8	Chord	3/8	2	1	1/16		1/16	1	361													
50	46	95	46a	521/4	281/4	0.25	3/16	3/16	Chord	3/8	2	1	1/16		1/16	1	362													
50	46	95	46a	261/2	141/2	0.0	1/4	1/4	FiguredBass	3/8	2	1	0												1/8	5/				
50	46	95	46a	261/2	141/2	0.5	1/4	1/4	Chord	3/8	2	1	1/8		1/8	1	363													
51	47	96	47a	131	71	0.25	0	0	Chord	3/8	1	1	1/16		1/16	1	364													12
51	47	96	47a	525/4	285/4	0.25	1/16	1/16	Chord	3/8	1	1	1/16		1/16	1	365													
51	47	96	47a	263/2	143/2	0.25	1/8	1/8	Chord	3/8	1	1	1/16		1/16	1	366													13
51	47	96	47a	527/4	287/4	0.25	3/16	3/16	Chord	3/8	1	1	1/16		1/16	1	367													
51	47	96	47a	132	72	0.25	1/4	1/4	Chord	3/8	1	1	1/16		1/16	1	368	ornamentShortTrill												14
51	47	96	47a	529/4	289/4	0.25	5/16	5/16	Chord	3/8	1	1	1/16		1/16	1	369													
51	47	96	47a	131	71	0.0	0	0	FiguredBass	3/8	2	1	0												1/8	7	h3			
51	47	96	47a	131	71	0.5	0	0	Chord	3/8	2	1	1/8		1/8	1	370													
51	47	96	47a	263/2	143/2	0.5	1/8	1/8	Chord	3/8	2	1	1/8		1/8	1	371													
51	47	96	47a	132	72	0.5	1/4	1/4	Chord	3/8	2	1	1/8		1/8	1	372													
52	48	97	48a	265/2	145/2	0.25	0	0	Chord	3/8	1	1	1/16		1/16	1	373													15
52	48	97	48a	531/4	291/4	0.25	1/16	1/16	Chord	3/8	1	1	1/16		1/16	1	374													
52	48	97	48a	133	73	0.25	1/8	1/8	Chord	3/8	1	1	1/16		1/16	1	375													16
52	48	97	48a	533/4	293/4	0.25	3/16	3/16	Chord	3/8	1	1	1/16		1/16	1	376													
52	48	97	48a	267/2	147/2	0.25	1/4	1/4	Chord	3/8	1	1	1/16		1/16	1	377													17
52	48	97	48a	535/4	295/4	0.25	5/16	5/16	Chord	3/8	1	1	1/16		1/16	1	378													
52	48	97	48a	265/2	145/2	0.0	0	0	FiguredBass	3/8	2	1	0												3/8	h3_				
52	48	97	48a	265/2	145/2	0.75	0	0	Chord	3/8	2	1	3/16		1/8	3/2	379													
52	48	97	48a	533/4	293/4	0.25	3/16	3/16	Chord	3/8	2	1	1/16		1/16	1	380													
52	48	97	48a	267/2	147/2	0.25	1/4	1/4	Chord	3/8	2	1	1/16		1/16	1	381													
52	48	97	48a	535/4	295/4	0.25	5/16	5/16	Chord	3/8	2	1	1/16		1/16	1	382													
53	49	98	49a	134	74	0.5	0	0	Chord	3/8	1	1	1/8		1/8	1	383													
53	49	98	49a	269/2	149/2	0.25	1/8	1/8	Chord	3/8	1	1	1/16		1/16	1	384													18
53	49	98	49a	539/4	299/4	0.25	3/16	3/16	Chord	3/8	1	1	1/16		1/16	1	385													
53	49	98	49a	135	75	0.25	1/4	1/4	Chord	3/8	1	1	1/16		1/16	1	386													19
53	49	98	49a	541/4	301/4	0.25	5/16	5/16	Chord	3/8	1	1	1/16		1/16	1	387													
53	49	98	49a	134	74	0.5	0	0	Chord	3/8	2	1	1/8		1/8	1	388													
53	49	98	49a	269/2	149/2	0.0	1/8	1/8	FiguredBass	3/8	2	1	0												1/8	6	5	b3		
53	49	98	49a	269/2	149/2	0.5	1/8	1/8	Chord	3/8	2	1	1/8		1/8	1	389													
53	49	98	49a	135	75	0.0	1/4	1/4	FiguredBass	3/8	2	1	0												1/8	h3				
53	49	98	49a	135	75	0.5	1/4	1/4	Chord	3/8	2	1	1/8		1/8	1	390													
54	50	99	50a	271/2	151/2	0.0	0	0	Chord	3/8	1	1	0	appoggiatura	1/8	1	391													
54	50	99	50a	271/2	151/2	0.5	0	0	Chord	3/8	1	1	1/8		1/8	1	392													
54	50	99	50a	136	76	0.5	1/8	1/8	Chord	3/8	1	1	1/8		1/8	1	393	ornamentTurn												
54	50	99	50a	273/2	153/2	0.5	1/4	1/4	Chord	3/8	1	1	1/8		1/8	1	394													
54	50	99	50a	271/2	151/2	0.0	0	0	StaffText	3/8	2	1	0						Reprise du Rondeau, sans renvoi.											
54	50	99	50a	271/2	151/2	0.5	0	0	Chord	3/8	2	1	1/8		1/8	1	395													
54	50	99	50a	273/2	153/2	0.5	1/4	1/4	Chord	3/8	2	1	1/8		1/8	1	396													
55	51	100	51a	137	77	0.0	0	0	Chord	3/8	1	1	0	appoggiatura	1/8	1	397													
55	51	100	51a	137	77	0.5	0	0	Chord	3/8	1	1	1/8		1/8	1	398													
55	51	100	51a	275/2	155/2	0.25	1/8	1/8	Chord	3/8	1	1	1/16		1/16	1	399													20
55	51	100	51a	551/4	311/4	0.25	3/16	3/16	Chord	3/8	1	1	1/16		1/16	1	400													
55	51	100	51a	138	78	0.25	1/4	1/4	Chord	3/8	1	1	1/16		1/16	1	401													21
55	51	100	51a	553/4	313/4	0.25	5/16	5/16	Chord	3/8	1	1	1/16		1/16	1	402													
55	51	100	51a	137	77	0.0	0	0	FiguredBass	3/8	2	1	0												1/8	6	5	b3		
55	51	100	51a	137	77	0.5	0	0	Chord	3/8	2	1	1/8		1/8	1	403													
55	51	100	51a	275/2	155/2	0.0	1/8	1/8	FiguredBass	3/8	2	1	0												1/8	6	4			
55	51	100	51a	275/2	155/2	0.5	1/8	1/8	Chord	3/8	2	1	1/8		1/8	1	404													
55	51	100	51a	138	78	0.0	1/4	1/4	FiguredBass	3/8	2	1	0												1/8	6	4+	3		
55	51	100	51a	138	78	0.5	1/4	1/4	Chord	3/8	2	1	1/8		1/8	1	405													
56	52	101	52a	277/2	157/2	0.5	0	0	Chord	3/8	1	1	1/8		1/8	1	406	ornamentShortTrill												
56	52	101	52a	139	79	0.0	1/8	1/8	StaffText	3/8	1	1	0						)											
56	52	101	52a	139	79	0.0	1/8	1/8	Chord	3/8	1	1	0	appoggiatura	1/8	1	407													
56	52	101	52a	139	79	0.5	1/8	1/8	Chord	3/8	1	1	1/8		1/8	1	408													
56	52	101	52a	279/2	159/2	0.5	1/4	1/4	Chord	3/8	1	1	1/8		1/8	1	409													
56	52	101	52a	277/2	157/2	0.0	0	0	FiguredBass	3/8	2	1	0												1/4	h3_				
56	52	101	52a	277/2	157/2	0.5	0	0	Chord	3/8	2	1	1/8		1/8	1	410													
56	52	101	52a	139	79	0.5	1/8	1/8	Chord	3/8	2	1	1/8		1/8	1	411													
56	52	101	52a	279/2	159/2	0.0	1/4	1/4	FiguredBass	3/8	2	1	0												1/8	6				
56	52	101	52a	279/2	159/2	0.5	1/4	1/4	Chord	3/8	2	1	1/8		1/8	1	412													
57	53	102	53a	140	80	0.0	0	0	Chord	3/8	1	1	0	appoggiatura	1/8	1	413													
57	53	102	53a	140	80	0.5	0	0	Chord	3/8	1	1	1/8		1/8	1	414													
57	53	102	53a	281/2	161/2	0.25	1/8	1/8	Chord	3/8	1	1	1/16		1/16	1	415													
57	53	102	53a	563/4	323/4	0.25	3/16	3/16	Chord	3/8	1	1	1/16		1/16	1	416													
57	53	102	53a	141	81	0.25	1/4	1/4	Chord	3/8	1	1	1/16		1/16	1	417													
57	53	102	53a	565/4	325/4	0.25	5/16	5/16	Chord	3/8	1	1	1/16		1/16	1	418													
57	53	102	53a	140	80	0.0	0	0	FiguredBass	3/8	2	1	0												1/4	6	5	b3_		
57	53	102	53a	140	80	0.5	0	0	Chord	3/8	2	1	1/8		1/8	1	419													
57	53	102	53a	281/2	161/2	0.5	1/8	1/8	Chord	3/8	2	1	1/8		1/8	1	420													
57	53	102	53a	141	81	0.0	1/4	1/4	FiguredBass	3/8	2	1	0												1/8	7	h5			
57	53	102	53a	141	81	0.5	1/4	1/4	Chord	3/8	2	1	1/8		1/8	1	421													
58	54	103	54a	283/2	163/2	0.5	0	0	Chord	3/8	1	1	1/8		1/8	1	422	ornamentShortTrill												
58	54	103	54a	142	82	0.0	1/8	1/8	Chord	3/8	1	1	0	appoggiatura	1/8	1	423													
58	54	103	54a	142	82	0.5	1/8	1/8	Chord	3/8	1	1	1/8		1/8	1	424													
58	54	103	54a	285/2	165/2	0.5	1/4	1/4	Chord	3/8	1	1	1/8		1/8	1	425	ornamentMordent												
58	54	103	54a	283/2	163/2	0.0	0	0	FiguredBass	3/8	2	1	0												1/4	7	h5	3	2_	
58	54	103	54a	283/2	163/2	0.25	0	0	Chord	3/8	2	1	1/16		1/16	1	426													
58	54	103	54a	567/4	327/4	0.25	1/16	1/16	Chord	3/8	2	1	1/16		1/16	1	427													
58	54	103	54a	142	82	0.25	1/8	1/8	Chord	3/8	2	1	1/16		1/16	1	428													
58	54	103	54a	569/4	329/4	0.25	3/16	3/16	Chord	3/8	2	1	1/16		1/16	1	429													
58	54	103	54a	285/2	165/2	0.0	1/4	1/4	FiguredBass	3/8	2	1	0												1/8	3				
58	54	103	54a	285/2	165/2	0.5	1/4	1/4	Chord	3/8	2	1	1/8		1/8	1	430													
59	55	104	55a	143	83	0.25	0	0	Chord	3/8	1	1	1/16		1/16	1	431													
59	55	104	55a	573/4	333/4	0.25	1/16	1/16	Chord	3/8	1	1	1/16		1/16	1	432													
59	55	104	55a	287/2	167/2	0.75	1/8	1/8	Chord	3/8	1	1	3/16		1/8	3/2	433	ornamentShortTrill												22
59	55	104	55a	577/4	337/4	0.125	5/16	5/16	Chord	3/8	1	1	1/32		1/32	1	434													22
59	55	104	55a	1155/8	675/8	0.125	11/32	11/32	Chord	3/8	1	1	1/32		1/32	1	435													
59	55	104	55a	143	83	0.0	0	0	FiguredBass	3/8	2	1	0												1/8	6	5	b3		
59	55	104	55a	143	83	0.5	0	0	Chord	3/8	2	1	1/8		1/8	1	436													
59	55	104	55a	287/2	167/2	0.0	1/8	1/8	FiguredBass	3/8	2	1	0												1/8	h3_				
59	55	104	55a	287/2	167/2	1.0	1/8	1/8	Chord	3/8	2	1	1/4		1/4	1	437													
59	55	104	55a	144	84	0.0	1/4	1/4	FiguredBass	3/8	2	1	0												1/8	7				
60	56	105	56a	289/2	169/2	1.0	0	0	Chord	3/8	1	1	1/4		1/4	1	438													
60	56	105	56a	289/2	169/2	1.0	0	0	Chord	3/8	2	1	1/4		1/4	1	439													
28	24	106	56a	291/2	36	1.0	0	0	Chord	3/8	1	1	1/4		1/4	1	175													
28	24	106	56a	587/4	149/4	0.25	5/16	5/16	Chord	3/8	1	1	1/16		1/16	1	176													
28	24	106	56a	147	75/2	0.25	3/8	3/8	Chord	3/8	1	1	1/16		1/16	1	177													
28	24	106	56a	589/4	151/4	0.25	7/16	7/16	Chord	3/8	1	1	1/16		1/16	1	178													
28	24	106	56a	291/2	36	0.0	0	0	StaffText	3/8	2	1	0						Fin.											
28	24	106	56a	291/2	36	0.5	0	0	Chord	3/8	2	1	1/8		1/8	1	179													
28	24	106	56a	146	73/2	0.5	1/8	1/8	Chord	3/8	2	1	1/8		1/8	1	180													
29	25	107	25b	295/2	38	0.25	0	0	Chord	3/8	1	1	1/16		1/16	1	181	ornamentShortTrill												
29	25	107	25b	591/4	153/4	0.25	1/16	1/16	Chord	3/8	1	1	1/16		1/16	1	182													
29	25	107	25b	148	77/2	0.25	1/8	1/8	Chord	3/8	1	1	1/16		1/16	1	183													
29	25	107	25b	593/4	155/4	0.25	3/16	3/16	Chord	3/8	1	1	1/16		1/16	1	184													
29	25	107	25b	297/2	39	0.25	1/4	1/4	Chord	3/8	1	1	1/16		1/16	1	185													
29	25	107	25b	595/4	157/4	0.25	5/16	5/16	Chord	3/8	1	1	1/16		1/16	1	186													
29	25	107	25b	593/4	155/4	0.25	3/16	3/16	Chord	3/8	2	1	1/16		1/16	1	187													
29	25	107	25b	297/2	39	0.25	1/4	1/4	Chord	3/8	2	1	1/16		1/16	1	188													
29	25	107	25b	595/4	157/4	0.25	5/16	5/16	Chord	3/8	2	1	1/16		1/16	1	189													
30	26	108	26b	149	79/2	0.0	0	0	Chord	3/8	1	1	0	appoggiatura	1/8	1	190													
30	26	108	26b	149	79/2	0.75	0	0	Chord	3/8	1	1	3/16		1/8	3/2	191	ornamentMordent												
30	26	108	26b	599/4	161/4	0.25	3/16	3/16	Chord	3/8	1	1	1/16		1/16	1	192													
30	26	108	26b	150	81/2	0.5	1/4	1/4	Chord	3/8	1	1	1/8		1/8	1	193													
30	26	108	26b	149	79/2	0.0	0	0	FiguredBass	3/8	2	1	0												3/8	6_				
30	26	108	26b	149	79/2	0.25	0	0	Chord	3/8	2	1	1/16		1/16	1	194													
30	26	108	26b	597/4	159/4	0.25	1/16	1/16	Chord	3/8	2	1	1/16		1/16	1	195													
30	26	108	26b	299/2	40	0.25	1/8	1/8	Chord	3/8	2	1	1/16		1/16	1	196													
30	26	108	26b	599/4	161/4	0.25	3/16	3/16	Chord	3/8	2	1	1/16		1/16	1	197													
30	26	108	26b	150	81/2	0.25	1/4	1/4	Chord	3/8	2	1	1/16		1/16	1	198													
30	26	108	26b	601/4	163/4	0.25	5/16	5/16	Chord	3/8	2	1	1/16		1/16	1	199													
31	27	109	27b	301/2	41	0.5	0	0	Chord	3/8	1	1	1/8		1/8	1	200	ornamentShortTrill												
31	27	109	27b	151	83/2	0.5	1/8	1/8	Chord	3/8	1	1	1/8		1/8	1	201													
31	27	109	27b	303/2	42	0.5	1/4	1/4	Chord	3/8	1	1	1/8		1/8	1	202													
31	27	109	27b	301/2	41	0.0	0	0	FiguredBass	3/8	2	1	0												1/8	h3_				
31	27	109	27b	301/2	41	0.25	0	0	Chord	3/8	2	1	1/16		1/16	1	203													
31	27	109	27b	603/4	165/4	0.25	1/16	1/16	Chord	3/8	2	1	1/16		1/16	1	204													
31	27	109	27b	151	83/2	0.0	1/8	1/8	FiguredBass	3/8	2	1	0												1/8	6_				
31	27	109	27b	151	83/2	0.25	1/8	1/8	Chord	3/8	2	1	1/16		1/16	1	205													
31	27	109	27b	605/4	167/4	0.25	3/16	3/16	Chord	3/8	2	1	1/16		1/16	1	206													
31	27	109	27b	303/2	42	0.0	1/4	1/4	FiguredBass	3/8	2	1	0												1/8	5/_				
31	27	109	27b	303/2	42	0.25	1/4	1/4	Chord	3/8	2	1	1/16		1/16	1	207													
31	27	109	27b	607/4	169/4	0.25	5/16	5/16	Chord	3/8	2	1	1/16		1/16	1	208													
32	28	110	28b	152	85/2	0.25	0	0	Chord	3/8	1	1	1/16		1/16	1	209													6
32	28	110	28b	609/4	171/4	0.25	1/16	1/16	Chord	3/8	1	1	1/16		1/16	1	210													6
32	28	110	28b	305/2	43	0.25	1/8	1/8	Chord	3/8	1	1	1/16		1/16	1	211													6
32	28	110	28b	611/4	173/4	0.25	3/16	3/16	Chord	3/8	1	1	1/16		1/16	1	212													6
32	28	110	28b	153	87/2	0.375	1/4	1/4	Chord	3/8	1	1	3/32		1/16	3/2	213	ornamentShortTrill												6
32	28	110	28b	1227/8	351/8	0.0625	11/32	11/32	Chord	3/8	1	1	1/64		1/64	1	214													6
32	28	110	28b	2455/16	703/16	0.0625	23/64	23/64	Chord	3/8	1	1	1/64		1/64	1	215													
32	28	110	28b	152	85/2	1.0	0	0	Chord	3/8	2	1	1/4		1/4	1	216													
32	28	110	28b	153	87/2	0.0	1/4	1/4	FiguredBass	3/8	2	1	0												1/8	h3				
32	28	110	28b	153	87/2	0.5	1/4	1/4	Chord	3/8	2	1	1/8		1/8	1	217													
33	29	111	29b	307/2	44	0.25	0	0	Chord	3/8	1	1	1/16		1/16	1	218													7
33	29	111	29b	615/4	177/4	0.25	1/16	1/16	Chord	3/8	1	1	1/16		1/16	1	219													7
33	29	111	29b	154	89/2	0.25	1/8	1/8	Chord	3/8	1	1	1/16		1/16	1	220													7
33	29	111	29b	617/4	179/4	0.25	3/16	3/16	Chord	3/8	1	1	1/16		1/16	1	221													7
33	29	111	29b	309/2	45	0.375	1/4	1/4	Chord	3/8	1	1	3/32		1/16	3/2	222	ornamentShortTrill												7
33	29	111	29b	1239/8	363/8	0.0625	11/32	11/32	Chord	3/8	1	1	1/64		1/64	1	223													7
33	29	111	29b	2479/16	727/16	0.0625	23/64	23/64	Chord	3/8	1	1	1/64		1/64	1	224													
33	29	111	29b	307/2	44	1.0	0	0	Chord	3/8	2	1	1/4		1/4	1	225													
33	29	111	29b	309/2	45	0.0	1/4	1/4	FiguredBass	3/8	2	1	0												1/8	h3				
33	29	111	29b	309/2	45	0.5	1/4	1/4	Chord	3/8	2	1	1/8		1/8	1	226													
34	30	112	30b	155	91/2	0.25	0	0	Chord	3/8	1	1	1/16		1/16	1	227													
34	30	112	30b	621/4	183/4	0.25	1/16	1/16	Chord	3/8	1	1	1/16		1/16	1	228													
34	30	112	30b	311/2	46	0.25	1/8	1/8	Chord	3/8	1	1	1/16		1/16	1	229													
34	30	112	30b	623/4	185/4	0.25	3/16	3/16	Chord	3/8	1	1	1/16		1/16	1	230													
34	30	112	30b	156	93/2	0.25	1/4	1/4	Chord	3/8	1	1	1/16		1/16	1	231													
34	30	112	30b	625/4	187/4	0.25	5/16	5/16	Chord	3/8	1	1	1/16		1/16	1	232													
34	30	112	30b	155	91/2	1.0	0	0	Chord	3/8	2	1	1/4		1/4	1	233													
34	30	112	30b	156	93/2	0.5	1/4	1/4	Chord	3/8	2	1	1/8		1/8	1	234													
35	31	113	31b	313/2	47	0.5	0	0	Chord	3/8	1	1	1/8		1/8	1	235													
35	31	113	31b	157	95/2	0.5	1/8	1/8	Chord	3/8	1	1	1/8		1/8	1	236													
35	31	113	31b	315/2	48	0.5	1/4	1/4	Chord	3/8	1	1	1/8		1/8	1	237													
35	31	113	31b	313/2	47	0.0	0	0	FiguredBass	3/8	2	1	0												1/8	6				
35	31	113	31b	313/2	47	0.5	0	0	Chord	3/8	2	1	1/8		1/8	1	238													
35	31	113	31b	157	95/2	0.0	1/8	1/8	FiguredBass	3/8	2	1	0												1/8	3_				
35	31	113	31b	157	95/2	0.25	1/8	1/8	Chord	3/8	2	1	1/16		1/16	1	239													
35	31	113	31b	629/4	191/4	0.25	3/16	3/16	Chord	3/8	2	1	1/16		1/16	1	240													
35	31	113	31b	315/2	48	0.0	1/4	1/4	FiguredBass	3/8	2	1	0												1/8	6	4+	3		
35	31	113	31b	315/2	48	0.5	1/4	1/4	Chord	3/8	2	1	1/8		1/8	1	241													
36	32	114	32b	158	97/2	0.0	0	0	StaffText	3/8	1	1	0						)											
36	32	114	32b	158	97/2	0.5	0	0	Chord	3/8	1	1	1/8		1/8	1	242	ornamentShortTrill												
36	32	114	32b	635/4	197/4	0.25	3/16	3/16	Chord	3/8	1	1	1/16		1/16	1	243													
36	32	114	32b	159	99/2	0.25	1/4	1/4	Chord	3/8	1	1	1/16		1/16	1	244													
36	32	114	32b	637/4	199/4	0.25	5/16	5/16	Chord	3/8	1	1	1/16		1/16	1	245													
36	32	114	32b	158	97/2	0.0	0	0	FiguredBass	3/8	2	1	0												1/4	h3				
36	32	114	32b	158	97/2	1.0	0	0	Chord	3/8	2	1	1/4		1/4	1	246													
37	33	115	33b	319/2	50	0.25	0	0	Chord	3/8	1	1	1/16		1/16	1	247	ornamentShortTrill												
37	33	115	33b	639/4	201/4	0.25	1/16	1/16	Chord	3/8	1	1	1/16		1/16	1	248													
37	33	115	33b	160	101/2	0.25	1/8	1/8	Chord	3/8	1	1	1/16		1/16	1	249													
37	33	115	33b	641/4	203/4	0.25	3/16	3/16	Chord	3/8	1	1	1/16		1/16	1	250													
37	33	115	33b	321/2	51	0.25	1/4	1/4	Chord	3/8	1	1	1/16		1/16	1	251													
37	33	115	33b	643/4	205/4	0.25	5/16	5/16	Chord	3/8	1	1	1/16		1/16	1	252													
37	33	115	33b	641/4	203/4	0.25	3/16	3/16	Chord	3/8	2	1	1/16		1/16	1	253													
37	33	115	33b	321/2	51	0.25	1/4	1/4	Chord	3/8	2	1	1/16		1/16	1	254													
37	33	115	33b	643/4	205/4	0.25	5/16	5/16	Chord	3/8	2	1	1/16		1/16	1	255													
38	34	116	34b	161	103/2	0.75	0	0	Chord	3/8	1	1	3/16		1/8	3/2	256													
38	34	116	34b	647/4	209/4	0.25	3/16	3/16	Chord	3/8	1	1	1/16		1/16	1	257													
38	34	116	34b	162	105/2	0.5	1/4	1/4	Chord	3/8	1	1	1/8		1/8	1	258													
38	34	116	34b	161	103/2	0.0	0	0	FiguredBass	3/8	2	1	0												3/8	6_				
38	34	116	34b	161	103/2	0.25	0	0	Chord	3/8	2	1	1/16		1/16	1	259													
38	34	116	34b	645/4	207/4	0.25	1/16	1/16	Chord	3/8	2	1	1/16		1/16	1	260													
38	34	116	34b	323/2	52	0.25	1/8	1/8	Chord	3/8	2	1	1/16		1/16	1	261													
38	34	116	34b	647/4	209/4	0.25	3/16	3/16	Chord	3/8	2	1	1/16		1/16	1	262													
38	34	116	34b	162	105/2	0.25	1/4	1/4	Chord	3/8	2	1	1/16		1/16	1	263													
38	34	116	34b	649/4	211/4	0.25	5/16	5/16	Chord	3/8	2	1	1/16		1/16	1	264													
39	35	117	35b	325/2	53	0.5	0	0	Chord	3/8	1	1	1/8		1/8	1	265	ornamentShortTrill												
39	35	117	35b	163	107/2	0.5	1/8	1/8	Chord	3/8	1	1	1/8		1/8	1	266													
39	35	117	35b	327/2	54	0.5	1/4	1/4	Chord	3/8	1	1	1/8		1/8	1	267													
39	35	117	35b	325/2	53	0.0	0	0	FiguredBass	3/8	2	1	0												1/8	#3_				
39	35	117	35b	325/2	53	0.25	0	0	Chord	3/8	2	1	1/16		1/16	1	268													
39	35	117	35b	651/4	213/4	0.25	1/16	1/16	Chord	3/8	2	1	1/16		1/16	1	269													
39	35	117	35b	163	107/2	0.0	1/8	1/8	FiguredBass	3/8	2	1	0												1/8	6_				
39	35	117	35b	163	107/2	0.25	1/8	1/8	Chord	3/8	2	1	1/16		1/16	1	270													
39	35	117	35b	653/4	215/4	0.25	3/16	3/16	Chord	3/8	2	1	1/16		1/16	1	271													
39	35	117	35b	327/2	54	0.0	1/4	1/4	FiguredBass	3/8	2	1	0												1/8	5/_				
39	35	117	35b	327/2	54	0.25	1/4	1/4	Chord	3/8	2	1	1/16		1/16	1	272													
39	35	117	35b	655/4	217/4	0.25	5/16	5/16	Chord	3/8	2	1	1/16		1/16	1	273													
40	36	118	36b	164	109/2	0.0	0	0	StaffText	3/8	1	1	0						)											
40	36	118	36b	164	109/2	0.0	0	0	Chord	3/8	1	1	0	appoggiatura	1/8	1	274													
40	36	118	36b	164	109/2	0.5	0	0	Chord	3/8	1	1	1/8		1/8	1	275	ornamentMordent												
40	36	118	36b	329/2	55	0.5	1/8	1/8	Chord	3/8	1	1	1/8		1/8	1	276													
40	36	118	36b	165	111/2	0.0	1/4	1/4	Chord	3/8	1	1	0	appoggiatura	1/8	1	277													
40	36	118	36b	165	111/2	0.5	1/4	1/4	Chord	3/8	1	1	1/8		1/8	1	278													
40	36	118	36b	164	109/2	0.5	0	0	Chord	3/8	2	1	1/8		1/8	1	279													
40	36	118	36b	329/2	55	0.0	1/8	1/8	FiguredBass	3/8	2	1	0												1/8	6	4			
41	37	119	37b	331/2	56	0.5	0	0	Chord	3/8	1	1	1/8		1/8	1	280	ornamentShortTrill												
41	37	119	37b	166	113/2	0.5	1/8	1/8	Chord	3/8	1	1	1/8		1/8	1	281													
41	37	119	37b	333/2	57	0.0	1/4	1/4	Chord	3/8	1	1	0	appoggiatura	1/8	1	282													
41	37	119	37b	333/2	57	0.5	1/4	1/4	Chord	3/8	1	1	1/8		1/8	1	283													
41	37	119	37b	331/2	56	0.0	0	0	FiguredBass	3/8	2	1	0												1/8	7				
41	37	119	37b	331/2	56	0.5	0	0	Chord	3/8	2	1	1/8		1/8	1	284													
41	37	119	37b	166	113/2	0.0	1/8	1/8	FiguredBass	3/8	2	1	0												1/8	6	4			
42	38	120	38b	167	115/2	0.75	0	0	Chord	3/8	1	1	3/16		1/8	3/2	285	ornamentShortTrill												
42	38	120	38b	671/4	233/4	0.25	3/16	3/16	Chord	3/8	1	1	1/16		1/16	1	286													
42	38	120	38b	168	117/2	0.0	1/4	1/4	Chord	3/8	1	1	0	appoggiatura	1/8	1	287													
42	38	120	38b	168	117/2	0.5	1/4	1/4	Chord	3/8	1	1	1/8		1/8	1	288	ornamentMordent												
42	38	120	38b	167	115/2	0.0	0	0	FiguredBass	3/8	2	1	0												1/4	7_				
42	38	120	38b	167	115/2	0.5	0	0	Chord	3/8	2	1	1/8		1/8	1	289													
42	38	120	38b	335/2	58	0.5	1/8	1/8	Chord	3/8	2	1	1/8		1/8	1	290													
42	38	120	38b	168	117/2	0.0	1/4	1/4	FiguredBass	3/8	2	1	0												1/8	6	4+	3		
42	38	120	38b	168	117/2	0.5	1/4	1/4	Chord	3/8	2	1	1/8		1/8	1	291													
43	39	121	39b	337/2	59	0.25	0	0	Chord	3/8	1	1	1/16		1/16	1	292													
43	39	121	39b	675/4	237/4	0.25	1/16	1/16	Chord	3/8	1	1	1/16		1/16	1	293													
43	39	121	39b	169	119/2	0.75	1/8	1/8	Chord	3/8	1	1	3/16		1/8	3/2	294	ornamentShortTrill												
43	39	121	39b	679/4	241/4	0.25	5/16	5/16	Chord	3/8	1	1	1/16		1/16	1	295													
43	39	121	39b	337/2	59	0.0	0	0	FiguredBass	3/8	2	1	0												1/8	6	5			
43	39	121	39b	337/2	59	0.5	0	0	Chord	3/8	2	1	1/8		1/8	1	296													
43	39	121	39b	169	119/2	0.0	1/8	1/8	FiguredBass	3/8	2	1	0												1/8	4				
43	39	121	39b	169	119/2	0.5	1/8	1/8	Chord	3/8	2	1	1/8		1/8	1	297													
43	39	121	39b	339/2	60	0.0	1/4	1/4	FiguredBass	3/8	2	1	0												1/8	#3				
43	39	121	39b	339/2	60	0.5	1/4	1/4	Chord	3/8	2	1	1/8		1/8	1	298													
44	40	122	40b	170	121/2	0.0	0	0	StaffText	3/8	1	1	0						)											
44	40	122	40b	170	121/2	0.5	0	0	Chord	3/8	1	1	1/8		1/8	1	299													
44	40	122	40b	683/4	245/4	0.25	3/16	3/16	Chord	3/8	1	1	1/16		1/16	1	300													
44	40	122	40b	171	123/2	0.25	1/4	1/4	Chord	3/8	1	1	1/16		1/16	1	301													
44	40	122	40b	685/4	247/4	0.25	5/16	5/16	Chord	3/8	1	1	1/16		1/16	1	302													
44	40	122	40b	170	121/2	0.0	0	0	FiguredBass	3/8	2	1	0												1/16	h3				
44	40	122	40b	170	121/2	0.25	0	0	Chord	3/8	2	1	1/16		1/16	1	303													
44	40	122	40b	681/4	243/4	0.25	1/16	1/16	Chord	3/8	2	1	1/16		1/16	1	304													8
44	40	122	40b	341/2	61	0.25	1/8	1/8	Chord	3/8	2	1	1/16		1/16	1	305													8
44	40	122	40b	683/4	245/4	0.25	3/16	3/16	Chord	3/8	2	1	1/16		1/16	1	306													8
44	40	122	40b	171	123/2	0.25	1/4	1/4	Chord	3/8	2	1	1/16		1/16	1	307													8
44	40	122	40b	685/4	247/4	0.25	5/16	5/16	Chord	3/8	2	1	1/16		1/16	1	308													
45	41	123	41b	343/2	62	0.5	0	0	Chord	3/8	1	1	1/8		1/8	1	309	ornamentShortTrill												
45	41	123	41b	172	125/2	0.5	1/8	1/8	Chord	3/8	1	1	1/8		1/8	1	310													
45	41	123	41b	345/2	63	0.5	1/4	1/4	Chord	3/8	1	1	1/8		1/8	1	311													
45	41	123	41b	343/2	62	0.0	0	0	FiguredBass	3/8	2	1	0												1/16	h3				
45	41	123	41b	343/2	62	0.25	0	0	Chord	3/8	2	1	1/16		1/16	1	312													
45	41	123	41b	687/4	249/4	0.25	1/16	1/16	Chord	3/8	2	1	1/16		1/16	1	313													9
45	41	123	41b	172	125/2	0.25	1/8	1/8	Chord	3/8	2	1	1/16		1/16	1	314													9
45	41	123	41b	689/4	251/4	0.25	3/16	3/16	Chord	3/8	2	1	1/16		1/16	1	315													9
45	41	123	41b	345/2	63	0.25	1/4	1/4	Chord	3/8	2	1	1/16		1/16	1	316													9
45	41	123	41b	691/4	253/4	0.25	5/16	5/16	Chord	3/8	2	1	1/16		1/16	1	317													
46	42	124	42b	173	127/2	0.0	0	0	Chord	3/8	1	1	0	appoggiatura	1/8	1	318													
46	42	124	42b	173	127/2	0.75	0	0	Chord	3/8	1	1	3/16		1/8	3/2	319	ornamentMordent												
46	42	124	42b	695/4	257/4	0.25	3/16	3/16	Chord	3/8	1	1	1/16		1/16	1	320													
46	42	124	42b	174	129/2	0.25	1/4	1/4	Chord	3/8	1	1	1/16		1/16	1	321													
46	42	124	42b	697/4	259/4	0.25	5/16	5/16	Chord	3/8	1	1	1/16		1/16	1	322													
46	42	124	42b	173	127/2	0.0	0	0	FiguredBass	3/8	2	1	0												1/16	b3				
46	42	124	42b	173	127/2	0.25	0	0	Chord	3/8	2	1	1/16		1/16	1	323													
46	42	124	42b	693/4	255/4	0.25	1/16	1/16	Chord	3/8	2	1	1/16		1/16	1	324													10
46	42	124	42b	347/2	64	0.25	1/8	1/8	Chord	3/8	2	1	1/16		1/16	1	325													10
46	42	124	42b	695/4	257/4	0.25	3/16	3/16	Chord	3/8	2	1	1/16		1/16	1	326													10
46	42	124	42b	174	129/2	0.25	1/4	1/4	Chord	3/8	2	1	1/16		1/16	1	327													10
46	42	124	42b	697/4	259/4	0.25	5/16	5/16	Chord	3/8	2	1	1/16		1/16	1	328													
47	43	125	43b	349/2	65	0.5	0	0	Chord	3/8	1	1	1/8		1/8	1	329	ornamentShortTrill												
47	43	125	43b	175	131/2	0.5	1/8	1/8	Chord	3/8	1	1	1/8		1/8	1	330													
47	43	125	43b	351/2	66	0.5	1/4	1/4	Chord	3/8	1	1	1/8		1/8	1	331													
47	43	125	43b	349/2	65	0.25	0	0	Chord	3/8	2	1	1/16		1/16	1	332													
47	43	125	43b	699/4	261/4	0.25	1/16	1/16	Chord	3/8	2	1	1/16		1/16	1	333													
47	43	125	43b	175	131/2	0.25	1/8	1/8	Chord	3/8	2	1	1/16		1/16	1	334													
47	43	125	43b	701/4	263/4	0.25	3/16	3/16	Chord	3/8	2	1	1/16		1/16	1	335													
47	43	125	43b	351/2	66	0.25	1/4	1/4	Chord	3/8	2	1	1/16		1/16	1	336													
47	43	125	43b	703/4	265/4	0.25	5/16	5/16	Chord	3/8	2	1	1/16		1/16	1	337													
48	44	126	44b	176	133/2	0.0	0	0	StaffText	3/8	1	1	0						♭											
48	44	126	44b	176	133/2	0.25	0	0	Chord	3/8	1	1	1/16		1/16	1	338	ornamentShortTrill												
48	44	126	44b	705/4	267/4	0.25	1/16	1/16	Chord	3/8	1	1	1/16		1/16	1	339													
48	44	126	44b	353/2	67	0.25	1/8	1/8	Chord	3/8	1	1	1/16		1/16	1	340													
48	44	126	44b	707/4	269/4	0.25	3/16	3/16	Chord	3/8	1	1	1/16		1/16	1	341													
48	44	126	44b	177	135/2	0.25	1/4	1/4	Chord	3/8	1	1	1/16		1/16	1	342													
48	44	126	44b	709/4	271/4	0.25	5/16	5/16	Chord	3/8	1	1	1/16		1/16	1	343													
48	44	126	44b	176	133/2	0.5	0	0	Chord	3/8	2	1	1/8		1/8	1	344													
48	44	126	44b	353/2	67	0.0	1/8	1/8	FiguredBass	3/8	2	1	0												1/4	6_				
48	44	126	44b	353/2	67	0.5	1/8	1/8	Chord	3/8	2	1	1/8		1/8	1	345													
48	44	126	44b	177	135/2	0.5	1/4	1/4	Chord	3/8	2	1	1/8		1/8	1	346													
49	45	127	45b	355/2	68	0.25	0	0	Chord	3/8	1	1	1/16		1/16	1	347	ornamentShortTrill												
49	45	127	45b	711/4	273/4	0.25	1/16	1/16	Chord	3/8	1	1	1/16		1/16	1	348													
49	45	127	45b	178	137/2	0.25	1/8	1/8	Chord	3/8	1	1	1/16		1/16	1	349													
49	45	127	45b	713/4	275/4	0.25	3/16	3/16	Chord	3/8	1	1	1/16		1/16	1	350													
49	45	127	45b	357/2	69	0.25	1/4	1/4	Chord	3/8	1	1	1/16		1/16	1	351													
49	45	127	45b	715/4	277/4	0.25	5/16	5/16	Chord	3/8	1	1	1/16		1/16	1	352													
49	45	127	45b	355/2	68	0.0	0	0	FiguredBass	3/8	2	1	0												1/8	7				
49	45	127	45b	355/2	68	0.5	0	0	Chord	3/8	2	1	1/8		1/8	1	353													
49	45	127	45b	178	137/2	0.0	1/8	1/8	FiguredBass	3/8	2	1	0												1/8	6				
49	45	127	45b	178	137/2	0.5	1/8	1/8	Chord	3/8	2	1	1/8		1/8	1	354													
49	45	127	45b	357/2	69	0.0	1/4	1/4	FiguredBass	3/8	2	1	0												1/8	7				
49	45	127	45b	357/2	69	0.5	1/4	1/4	Chord	3/8	2	1	1/8		1/8	1	355													
50	46	128	46b	179	139/2	0.75	0	0	Chord	3/8	1	1	3/16		1/8	3/2	356	ornamentShortTrill												
50	46	128	46b	719/4	281/4	0.25	3/16	3/16	Chord	3/8	1	1	1/16		1/16	1	357													
50	46	128	46b	180	141/2	0.25	1/4	1/4	Chord	3/8	1	1	1/16		1/16	1	358													11
50	46	128	46b	721/4	283/4	0.25	5/16	5/16	Chord	3/8	1	1	1/16		1/16	1	359													
50	46	128	46b	179	139/2	0.0	0	0	FiguredBass	3/8	2	1	0												1/4	h3_				
50	46	128	46b	179	139/2	0.5	0	0	Chord	3/8	2	1	1/8		1/8	1	360													
50	46	128	46b	359/2	70	0.25	1/8	1/8	Chord	3/8	2	1	1/16		1/16	1	361													
50	46	128	46b	719/4	281/4	0.25	3/16	3/16	Chord	3/8	2	1	1/16		1/16	1	362													
50	46	128	46b	180	141/2	0.0	1/4	1/4	FiguredBass	3/8	2	1	0												1/8	5/				
50	46	128	46b	180	141/2	0.5	1/4	1/4	Chord	3/8	2	1	1/8		1/8	1	363													
51	47	129	47b	361/2	71	0.25	0	0	Chord	3/8	1	1	1/16		1/16	1	364													12
51	47	129	47b	723/4	285/4	0.25	1/16	1/16	Chord	3/8	1	1	1/16		1/16	1	365													
51	47	129	47b	181	143/2	0.25	1/8	1/8	Chord	3/8	1	1	1/16		1/16	1	366													13
51	47	129	47b	725/4	287/4	0.25	3/16	3/16	Chord	3/8	1	1	1/16		1/16	1	367													
51	47	129	47b	363/2	72	0.25	1/4	1/4	Chord	3/8	1	1	1/16		1/16	1	368	ornamentShortTrill												14
51	47	129	47b	727/4	289/4	0.25	5/16	5/16	Chord	3/8	1	1	1/16		1/16	1	369													
51	47	129	47b	361/2	71	0.0	0	0	FiguredBass	3/8	2	1	0												1/8	7	h3			
51	47	129	47b	361/2	71	0.5	0	0	Chord	3/8	2	1	1/8		1/8	1	370													
51	47	129	47b	181	143/2	0.5	1/8	1/8	Chord	3/8	2	1	1/8		1/8	1	371													
51	47	129	47b	363/2	72	0.5	1/4	1/4	Chord	3/8	2	1	1/8		1/8	1	372													
52	48	130	48b	182	145/2	0.25	0	0	Chord	3/8	1	1	1/16		1/16	1	373													15
52	48	130	48b	729/4	291/4	0.25	1/16	1/16	Chord	3/8	1	1	1/16		1/16	1	374													
52	48	130	48b	365/2	73	0.25	1/8	1/8	Chord	3/8	1	1	1/16		1/16	1	375													16
52	48	130	48b	731/4	293/4	0.25	3/16	3/16	Chord	3/8	1	1	1/16		1/16	1	376													
52	48	130	48b	183	147/2	0.25	1/4	1/4	Chord	3/8	1	1	1/16		1/16	1	377													17
52	48	130	48b	733/4	295/4	0.25	5/16	5/16	Chord	3/8	1	1	1/16		1/16	1	378													
52	48	130	48b	182	145/2	0.0	0	0	FiguredBass	3/8	2	1	0												3/8	h3_				
52	48	130	48b	182	145/2	0.75	0	0	Chord	3/8	2	1	3/16		1/8	3/2	379													
52	48	130	48b	731/4	293/4	0.25	3/16	3/16	Chord	3/8	2	1	1/16		1/16	1	380													
52	48	130	48b	183	147/2	0.25	1/4	1/4	Chord	3/8	2	1	1/16		1/16	1	381													
52	48	130	48b	733/4	295/4	0.25	5/16	5/16	Chord	3/8	2	1	1/16		1/16	1	382													
53	49	131	49b	367/2	74	0.5	0	0	Chord	3/8	1	1	1/8		1/8	1	383													
53	49	131	49b	184	149/2	0.25	1/8	1/8	Chord	3/8	1	1	1/16		1/16	1	384													18
53	49	131	49b	737/4	299/4	0.25	3/16	3/16	Chord	3/8	1	1	1/16		1/16	1	385													
53	49	131	49b	369/2	75	0.25	1/4	1/4	Chord	3/8	1	1	1/16		1/16	1	386													19
53	49	131	49b	739/4	301/4	0.25	5/16	5/16	Chord	3/8	1	1	1/16		1/16	1	387													
53	49	131	49b	367/2	74	0.5	0	0	Chord	3/8	2	1	1/8		1/8	1	388													
53	49	131	49b	184	149/2	0.0	1/8	1/8	FiguredBass	3/8	2	1	0												1/8	6	5	b3		
53	49	131	49b	184	149/2	0.5	1/8	1/8	Chord	3/8	2	1	1/8		1/8	1	389													
53	49	131	49b	369/2	75	0.0	1/4	1/4	FiguredBass	3/8	2	1	0												1/8	h3				
53	49	131	49b	369/2	75	0.5	1/4	1/4	Chord	3/8	2	1	1/8		1/8	1	390													
54	50	132	50b	185	151/2	0.0	0	0	Chord	3/8	1	1	0	appoggiatura	1/8	1	391													
54	50	132	50b	185	151/2	0.5	0	0	Chord	3/8	1	1	1/8		1/8	1	392													
54	50	132	50b	371/2	76	0.5	1/8	1/8	Chord	3/8	1	1	1/8		1/8	1	393	ornamentTurn												
54	50	132	50b	186	153/2	0.5	1/4	1/4	Chord	3/8	1	1	1/8		1/8	1	394													
54	50	132	50b	185	151/2	0.0	0	0	StaffText	3/8	2	1	0						Reprise du Rondeau, sans renvoi.											
54	50	132	50b	185	151/2	0.5	0	0	Chord	3/8	2	1	1/8		1/8	1	395													
54	50	132	50b	186	153/2	0.5	1/4	1/4	Chord	3/8	2	1	1/8		1/8	1	396													
55	51	133	51b	373/2	77	0.0	0	0	Chord	3/8	1	1	0	appoggiatura	1/8	1	397													
55	51	133	51b	373/2	77	0.5	0	0	Chord	3/8	1	1	1/8		1/8	1	398													
55	51	133	51b	187	155/2	0.25	1/8	1/8	Chord	3/8	1	1	1/16		1/16	1	399													20
55	51	133	51b	749/4	311/4	0.25	3/16	3/16	Chord	3/8	1	1	1/16		1/16	1	400													
55	51	133	51b	375/2	78	0.25	1/4	1/4	Chord	3/8	1	1	1/16		1/16	1	401													21
55	51	133	51b	751/4	313/4	0.25	5/16	5/16	Chord	3/8	1	1	1/16		1/16	1	402													
55	51	133	51b	373/2	77	0.0	0	0	FiguredBass	3/8	2	1	0												1/8	6	5	b3		
55	51	133	51b	373/2	77	0.5	0	0	Chord	3/8	2	1	1/8		1/8	1	403													
55	51	133	51b	187	155/2	0.0	1/8	1/8	FiguredBass	3/8	2	1	0												1/8	6	4			
55	51	133	51b	187	155/2	0.5	1/8	1/8	Chord	3/8	2	1	1/8		1/8	1	404													
55	51	133	51b	375/2	78	0.0	1/4	1/4	FiguredBass	3/8	2	1	0												1/8	6	4+	3		
55	51	133	51b	375/2	78	0.5	1/4	1/4	Chord	3/8	2	1	1/8		1/8	1	405													
56	52	134	52b	188	157/2	0.5	0	0	Chord	3/8	1	1	1/8		1/8	1	406	ornamentShortTrill												
56	52	134	52b	377/2	79	0.0	1/8	1/8	StaffText	3/8	1	1	0						)											
56	52	134	52b	377/2	79	0.0	1/8	1/8	Chord	3/8	1	1	0	appoggiatura	1/8	1	407													
56	52	134	52b	377/2	79	0.5	1/8	1/8	Chord	3/8	1	1	1/8		1/8	1	408													
56	52	134	52b	189	159/2	0.5	1/4	1/4	Chord	3/8	1	1	1/8		1/8	1	409													
56	52	134	52b	188	157/2	0.0	0	0	FiguredBass	3/8	2	1	0												1/4	h3_				
56	52	134	52b	188	157/2	0.5	0	0	Chord	3/8	2	1	1/8		1/8	1	410													
56	52	134	52b	377/2	79	0.5	1/8	1/8	Chord	3/8	2	1	1/8		1/8	1	411													
56	52	134	52b	189	159/2	0.0	1/4	1/4	FiguredBass	3/8	2	1	0												1/8	6				
56	52	134	52b	189	159/2	0.5	1/4	1/4	Chord	3/8	2	1	1/8		1/8	1	412													
57	53	135	53b	379/2	80	0.0	0	0	Chord	3/8	1	1	0	appoggiatura	1/8	1	413													
57	53	135	53b	379/2	80	0.5	0	0	Chord	3/8	1	1	1/8		1/8	1	414													
57	53	135	53b	190	161/2	0.25	1/8	1/8	Chord	3/8	1	1	1/16		1/16	1	415													
57	53	135	53b	761/4	323/4	0.25	3/16	3/16	Chord	3/8	1	1	1/16		1/16	1	416													
57	53	135	53b	381/2	81	0.25	1/4	1/4	Chord	3/8	1	1	1/16		1/16	1	417													
57	53	135	53b	763/4	325/4	0.25	5/16	5/16	Chord	3/8	1	1	1/16		1/16	1	418													
57	53	135	53b	379/2	80	0.0	0	0	FiguredBass	3/8	2	1	0												1/4	6	5	b3_		
57	53	135	53b	379/2	80	0.5	0	0	Chord	3/8	2	1	1/8		1/8	1	419													
57	53	135	53b	190	161/2	0.5	1/8	1/8	Chord	3/8	2	1	1/8		1/8	1	420													
57	53	135	53b	381/2	81	0.0	1/4	1/4	FiguredBass	3/8	2	1	0												1/8	7	h5			
57	53	135	53b	381/2	81	0.5	1/4	1/4	Chord	3/8	2	1	1/8		1/8	1	421													
58	54	136	54b	191	163/2	0.5	0	0	Chord	3/8	1	1	1/8		1/8	1	422	ornamentShortTrill												
58	54	136	54b	383/2	82	0.0	1/8	1/8	Chord	3/8	1	1	0	appoggiatura	1/8	1	423													
58	54	136	54b	383/2	82	0.5	1/8	1/8	Chord	3/8	1	1	1/8		1/8	1	424													
58	54	136	54b	192	165/2	0.5	1/4	1/4	Chord	3/8	1	1	1/8		1/8	1	425	ornamentMordent												
58	54	136	54b	191	163/2	0.0	0	0	FiguredBass	3/8	2	1	0												1/4	7	h5	3	2_	
58	54	136	54b	191	163/2	0.25	0	0	Chord	3/8	2	1	1/16		1/16	1	426													
58	54	136	54b	765/4	327/4	0.25	1/16	1/16	Chord	3/8	2	1	1/16		1/16	1	427													
58	54	136	54b	383/2	82	0.25	1/8	1/8	Chord	3/8	2	1	1/16		1/16	1	428													
58	54	136	54b	767/4	329/4	0.25	3/16	3/16	Chord	3/8	2	1	1/16		1/16	1	429													
58	54	136	54b	192	165/2	0.0	1/4	1/4	FiguredBass	3/8	2	1	0												1/8	3				
58	54	136	54b	192	165/2	0.5	1/4	1/4	Chord	3/8	2	1	1/8		1/8	1	430													
59	55	137	55b	385/2	83	0.25	0	0	Chord	3/8	1	1	1/16		1/16	1	431													
59	55	137	55b	771/4	333/4	0.25	1/16	1/16	Chord	3/8	1	1	1/16		1/16	1	432													
59	55	137	55b	193	167/2	0.75	1/8	1/8	Chord	3/8	1	1	3/16		1/8	3/2	433	ornamentShortTrill												22
59	55	137	55b	775/4	337/4	0.125	5/16	5/16	Chord	3/8	1	1	1/32		1/32	1	434													22
59	55	137	55b	1551/8	675/8	0.125	11/32	11/32	Chord	3/8	1	1	1/32		1/32	1	435													
59	55	137	55b	385/2	83	0.0	0	0	FiguredBass	3/8	2	1	0												1/8	6	5	b3		
59	55	137	55b	385/2	83	0.5	0	0	Chord	3/8	2	1	1/8		1/8	1	436													
59	55	137	55b	193	167/2	0.0	1/8	1/8	FiguredBass	3/8	2	1	0												1/8	h3_				
59	55	137	55b	193	167/2	1.0	1/8	1/8	Chord	3/8	2	1	1/4		1/4	1	437													
59	55	137	55b	387/2	84	0.0	1/4	1/4	FiguredBass	3/8	2	1	0												1/8	7				
60	56	138	56b	194	169/2	1.0	0	0	Chord	3/8	1	1	1/4		1/4	1	438													
60	56	138	56b	194	169/2	1.0	0	0	Chord	3/8	2	1	1/4		1/4	1	439													
