mc	mn	mc_playthrough	mn_playthrough	quarterbeats_playthrough	quarterbeats_all_endings	duration_qb	mc_onset	mn_onset	timesig	staff	voice	label	globalkey	localkey	pedal	chord	numeral	form	figbass	changes	relativeroot	cadence	phraseend	chord_type	globalkey_is_minor	localkey_is_minor	chord_tones	added_tones	root	bass_note
1	0	1	0a	0	0	0.5	0	1/4	3/8	1	1	c.i{	c	i		i	i						{	m	1	1	0, -3, 1		0	0
2	1	2	1a	1/2	1/2	0.5	0	0	3/8	1	1	VI	c	i		VI	VI							M	1	1	-4, 0, -3		-4	-4
2	1	2	1a	1	1	0.5	1/8	1/8	3/8	1	1	ii%65	c	i		ii%65	ii	%	65					%7	1	1	-1, -4, 0, 2		2	-1
2	1	2	1a	3/2	3/2	0.5	1/4	1/4	3/8	1	1	V	c	i		V	V							M	1	1	1, 5, 2		1	1
3	2	3	2a	2	2	1.0	0	0	3/8	1	1	i6	c	i		i6	i		6					m	1	1	-3, 1, 0		0	-3
3	2	3	2a	3	3	0.5	1/4	1/4	3/8	1	1	i	c	i		i	i							m	1	1	0, -3, 1		0	0
4	3	4	3a	7/2	7/2	0.5	0	0	3/8	1	1	ii%65	c	i		ii%65	ii	%	65					%7	1	1	-1, -4, 0, 2		2	-1
4	3	4	3a	4	4	0.5	1/8	1/8	3/8	1	1	i64	c	i		i64	i		64					m	1	1	1, 0, -3		0	1
4	3	4	3a	9/2	9/2	0.5	1/4	1/4	3/8	1	1	ii%43	c	i		ii%43	ii	%	43					%7	1	1	-4, 0, 2, -1		2	-4
5	4	5	4a	5	5	0.5	0	0	3/8	1	1	V	c	i		V	V							M	1	1	1, 5, 2		1	1
5	4	5	4a	11/2	11/2	0.5	1/8	1/8	3/8	1	1	V2	c	i		V2	V		2					Mm7	1	1	-1, 1, 5, 2		1	-1
5	4	5	4a	6	6	0.5	1/4	1/4	3/8	1	1	i6	c	i		i6	i		6					m	1	1	-3, 1, 0		0	-3
6	5	6	5a	13/2	13/2	1.0	0	0	3/8	1	1	ii%65	c	i		ii%65	ii	%	65					%7	1	1	-1, -4, 0, 2		2	-1
6	5	6	5a	15/2	15/2	0.5	1/4	1/4	3/8	1	1	ii7	c	i		ii7	ii		7					mm7	1	1	2, -1, 3, 0		2	2
7	6	7	6a	8	8	1.0	0	0	3/8	1	1	III+M7(9)	c	i		III+M7(9)	III	+M	7	9				+M7	1	1	-3, 1, 5, 2	-1	-3	-3
7	6	7	6a	9	9	0.5	1/4	1/4	3/8	1	1	i	c	i		i	i							m	1	1	0, -3, 1		0	0
8	7	8	7a	19/2	19/2	0.5	0	0	3/8	1	1	ii65	c	i		ii65	ii		65					mm7	1	1	-1, 3, 0, 2		2	-1
8	7	8	7a	10	10	0.5	1/8	1/8	3/8	1	1	V	c	i		V	V							M	1	1	1, 5, 2		1	1
8	7	8	7a	21/2	21/2	0.5	1/4	1/4	3/8	1	1	V7	c	i		V7	V		7					Mm7	1	1	1, 5, 2, -1		1	1
9	8	9	8a	11	11	1.0	0	0	3/8	1	1	i|PAC}	c	i		i	i					PAC	}	m	1	1	0, -3, 1		0	0
1	0	10	8a	12	0	0.5	0	1/4	3/8	1	1	c.i{	c	i		i	i						{	m	1	1	0, -3, 1		0	0
2	1	11	1b	25/2	1/2	0.5	0	0	3/8	1	1	VI	c	i		VI	VI							M	1	1	-4, 0, -3		-4	-4
2	1	11	1b	13	1	0.5	1/8	1/8	3/8	1	1	ii%65	c	i		ii%65	ii	%	65					%7	1	1	-1, -4, 0, 2		2	-1
2	1	11	1b	27/2	3/2	0.5	1/4	1/4	3/8	1	1	V	c	i		V	V							M	1	1	1, 5, 2		1	1
3	2	12	2b	14	2	1.0	0	0	3/8	1	1	i6	c	i		i6	i		6					m	1	1	-3, 1, 0		0	-3
3	2	12	2b	15	3	0.5	1/4	1/4	3/8	1	1	i	c	i		i	i							m	1	1	0, -3, 1		0	0
4	3	13	3b	31/2	7/2	0.5	0	0	3/8	1	1	ii%65	c	i		ii%65	ii	%	65					%7	1	1	-1, -4, 0, 2		2	-1
4	3	13	3b	16	4	0.5	1/8	1/8	3/8	1	1	i64	c	i		i64	i		64					m	1	1	1, 0, -3		0	1
4	3	13	3b	33/2	9/2	0.5	1/4	1/4	3/8	1	1	ii%43	c	i		ii%43	ii	%	43					%7	1	1	-4, 0, 2, -1		2	-4
5	4	14	4b	17	5	0.5	0	0	3/8	1	1	V	c	i		V	V							M	1	1	1, 5, 2		1	1
5	4	14	4b	35/2	11/2	0.5	1/8	1/8	3/8	1	1	V2	c	i		V2	V		2					Mm7	1	1	-1, 1, 5, 2		1	-1
5	4	14	4b	18	6	0.5	1/4	1/4	3/8	1	1	i6	c	i		i6	i		6					m	1	1	-3, 1, 0		0	-3
6	5	15	5b	37/2	13/2	1.0	0	0	3/8	1	1	ii%65	c	i		ii%65	ii	%	65					%7	1	1	-1, -4, 0, 2		2	-1
6	5	15	5b	39/2	15/2	0.5	1/4	1/4	3/8	1	1	ii7	c	i		ii7	ii		7					mm7	1	1	2, -1, 3, 0		2	2
7	6	16	6b	20	8	1.0	0	0	3/8	1	1	III+M7(9)	c	i		III+M7(9)	III	+M	7	9				+M7	1	1	-3, 1, 5, 2	-1	-3	-3
7	6	16	6b	21	9	0.5	1/4	1/4	3/8	1	1	i	c	i		i	i							m	1	1	0, -3, 1		0	0
8	7	17	7b	43/2	19/2	0.5	0	0	3/8	1	1	ii65	c	i		ii65	ii		65					mm7	1	1	-1, 3, 0, 2		2	-1
8	7	17	7b	22	10	0.5	1/8	1/8	3/8	1	1	V	c	i		V	V							M	1	1	1, 5, 2		1	1
8	7	17	7b	45/2	21/2	0.5	1/4	1/4	3/8	1	1	V7	c	i		V7	V		7					Mm7	1	1	1, 5, 2, -1		1	1
9	8	18	8b	23	11	1.0	0	0	3/8	1	1	i|PAC}	c	i		i	i					PAC	}	m	1	1	0, -3, 1		0	0
10	8	19	8b	24	12	0.5	0	1/4	3/8	1	1	i{	c	i		i	i						{	m	1	1	0, -3, 1		0	0
11	9	20	9a	49/2	25/2	0.5	0	0	3/8	1	1	III.ii7	c	III		ii7	ii		7					mm7	1	0	2, -1, 3, 0		2	2
11	9	20	9a	25	13	0.5	1/8	1/8	3/8	1	1	V	c	III		V	V							M	1	0	1, 5, 2		1	1
11	9	20	9a	51/2	27/2	0.5	1/4	1/4	3/8	1	1	V7	c	III		V7	V		7					Mm7	1	0	1, 5, 2, -1		1	1
12	10	21	10a	26	14	1.5	0	0	3/8	1	1	I|IAC}	c	III		I	I					IAC	}	M	1	0	0, 4, 1		0	0
12	10	21	10a	27	15	0.0	1/4	1/4	3/8	1	1	{	c	III									{		1	0				
13	11	22	11a	55/2	31/2	0.5	0	0	3/8	1	1	VII.ii7	c	VII		ii7	ii		7					mm7	1	0	2, -1, 3, 0		2	2
13	11	22	11a	28	16	0.5	1/8	1/8	3/8	1	1	V	c	VII		V	V							M	1	0	1, 5, 2		1	1
13	11	22	11a	57/2	33/2	0.5	1/4	1/4	3/8	1	1	V7	c	VII		V7	V		7					Mm7	1	0	1, 5, 2, -1		1	1
14	12	23	12a	29	17	1.0	0	0	3/8	1	1	I|IAC}	c	VII		I	I					IAC	}	M	1	0	0, 4, 1		0	0
14	12	23	12a	30	18	0.5	1/4	1/4	3/8	1	1	v.i{	c	v		i	i						{	m	1	1	0, -3, 1		0	0
15	13	24	13a	61/2	37/2	0.5	0	0	3/8	1	1	ii%43	c	v		ii%43	ii	%	43					%7	1	1	-4, 0, 2, -1		2	-4
15	13	24	13a	31	19	0.5	1/8	1/8	3/8	1	1	i64	c	v		i64	i		64					m	1	1	1, 0, -3		0	1
15	13	24	13a	63/2	39/2	0.5	1/4	1/4	3/8	1	1	V2	c	v		V2	V		2					Mm7	1	1	-1, 1, 5, 2		1	-1
16	14	25	14a	32	20	0.5	0	0	3/8	1	1	i6	c	v		i6	i		6					m	1	1	-3, 1, 0		0	-3
16	14	25	14a	65/2	41/2	0.5	1/8	1/8	3/8	1	1	V43	c	v		V43	V		43					Mm7	1	1	2, -1, 1, 5		1	2
16	14	25	14a	33	21	0.5	1/4	1/4	3/8	1	1	i6	c	v		i6	i		6					m	1	1	-3, 1, 0		0	-3
17	15	26	15a	67/2	43/2	0.5	0	0	3/8	1	1	ii%65	c	v		ii%65	ii	%	65					%7	1	1	-1, -4, 0, 2		2	-1
17	15	26	15a	34	22	0.5	1/8	1/8	3/8	1	1	V65	c	v		V65	V		65					Mm7	1	1	5, 2, -1, 1		1	5
17	15	26	15a	69/2	45/2	0.5	1/4	1/4	3/8	1	1	i	c	v		i	i							m	1	1	0, -3, 1		0	0
18	16	27	16a	35	23	0.5	0	0	3/8	1	1	V	c	v		V	V							M	1	1	1, 5, 2		1	1
18	16	27	16a	71/2	47/2	0.5	1/8	1/8	3/8	1	1	I|PAC}	c	v		I	I					PAC	}	M	1	1	0, 4, 1		0	0
10	8	28	16a	36	12	0.5	0	1/4	3/8	1	1	i{	c	i		i	i						{	m	1	1	0, -3, 1		0	0
11	9	29	9b	73/2	25/2	0.5	0	0	3/8	1	1	III.ii7	c	III		ii7	ii		7					mm7	1	0	2, -1, 3, 0		2	2
11	9	29	9b	37	13	0.5	1/8	1/8	3/8	1	1	V	c	III		V	V							M	1	0	1, 5, 2		1	1
11	9	29	9b	75/2	27/2	0.5	1/4	1/4	3/8	1	1	V7	c	III		V7	V		7					Mm7	1	0	1, 5, 2, -1		1	1
12	10	30	10b	38	14	1.5	0	0	3/8	1	1	I|IAC}	c	III		I	I					IAC	}	M	1	0	0, 4, 1		0	0
12	10	30	10b	39	15	0.0	1/4	1/4	3/8	1	1	{	c	III									{		1	0				
13	11	31	11b	79/2	31/2	0.5	0	0	3/8	1	1	VII.ii7	c	VII		ii7	ii		7					mm7	1	0	2, -1, 3, 0		2	2
13	11	31	11b	40	16	0.5	1/8	1/8	3/8	1	1	V	c	VII		V	V							M	1	0	1, 5, 2		1	1
13	11	31	11b	81/2	33/2	0.5	1/4	1/4	3/8	1	1	V7	c	VII		V7	V		7					Mm7	1	0	1, 5, 2, -1		1	1
14	12	32	12b	41	17	1.0	0	0	3/8	1	1	I|IAC}	c	VII		I	I					IAC	}	M	1	0	0, 4, 1		0	0
14	12	32	12b	42	18	0.5	1/4	1/4	3/8	1	1	v.i{	c	v		i	i						{	m	1	1	0, -3, 1		0	0
15	13	33	13b	85/2	37/2	0.5	0	0	3/8	1	1	ii%43	c	v		ii%43	ii	%	43					%7	1	1	-4, 0, 2, -1		2	-4
15	13	33	13b	43	19	0.5	1/8	1/8	3/8	1	1	i64	c	v		i64	i		64					m	1	1	1, 0, -3		0	1
15	13	33	13b	87/2	39/2	0.5	1/4	1/4	3/8	1	1	V2	c	v		V2	V		2					Mm7	1	1	-1, 1, 5, 2		1	-1
16	14	34	14b	44	20	0.5	0	0	3/8	1	1	i6	c	v		i6	i		6					m	1	1	-3, 1, 0		0	-3
16	14	34	14b	89/2	41/2	0.5	1/8	1/8	3/8	1	1	V43	c	v		V43	V		43					Mm7	1	1	2, -1, 1, 5		1	2
16	14	34	14b	45	21	0.5	1/4	1/4	3/8	1	1	i6	c	v		i6	i		6					m	1	1	-3, 1, 0		0	-3
17	15	35	15b	91/2	43/2	0.5	0	0	3/8	1	1	ii%65	c	v		ii%65	ii	%	65					%7	1	1	-1, -4, 0, 2		2	-1
17	15	35	15b	46	22	0.5	1/8	1/8	3/8	1	1	V65	c	v		V65	V		65					Mm7	1	1	5, 2, -1, 1		1	5
17	15	35	15b	93/2	45/2	0.5	1/4	1/4	3/8	1	1	i	c	v		i	i							m	1	1	0, -3, 1		0	0
18	16	36	16b	47	23	0.5	0	0	3/8	1	1	V	c	v		V	V							M	1	1	1, 5, 2		1	1
18	16	36	16b	95/2	47/2	0.5	1/8	1/8	3/8	1	1	I|PAC}	c	v		I	I					PAC	}	M	1	1	0, 4, 1		0	0
1	0	37	16b	48	0	0.5	0	1/4	3/8	1	1	c.i{	c	i		i	i						{	m	1	1	0, -3, 1		0	0
2	1	38	1c	97/2	1/2	0.5	0	0	3/8	1	1	VI	c	i		VI	VI							M	1	1	-4, 0, -3		-4	-4
2	1	38	1c	49	1	0.5	1/8	1/8	3/8	1	1	ii%65	c	i		ii%65	ii	%	65					%7	1	1	-1, -4, 0, 2		2	-1
2	1	38	1c	99/2	3/2	0.5	1/4	1/4	3/8	1	1	V	c	i		V	V							M	1	1	1, 5, 2		1	1
3	2	39	2c	50	2	1.0	0	0	3/8	1	1	i6	c	i		i6	i		6					m	1	1	-3, 1, 0		0	-3
3	2	39	2c	51	3	0.5	1/4	1/4	3/8	1	1	i	c	i		i	i							m	1	1	0, -3, 1		0	0
4	3	40	3c	103/2	7/2	0.5	0	0	3/8	1	1	ii%65	c	i		ii%65	ii	%	65					%7	1	1	-1, -4, 0, 2		2	-1
4	3	40	3c	52	4	0.5	1/8	1/8	3/8	1	1	i64	c	i		i64	i		64					m	1	1	1, 0, -3		0	1
4	3	40	3c	105/2	9/2	0.5	1/4	1/4	3/8	1	1	ii%43	c	i		ii%43	ii	%	43					%7	1	1	-4, 0, 2, -1		2	-4
5	4	41	4c	53	5	0.5	0	0	3/8	1	1	V	c	i		V	V							M	1	1	1, 5, 2		1	1
5	4	41	4c	107/2	11/2	0.5	1/8	1/8	3/8	1	1	V2	c	i		V2	V		2					Mm7	1	1	-1, 1, 5, 2		1	-1
5	4	41	4c	54	6	0.5	1/4	1/4	3/8	1	1	i6	c	i		i6	i		6					m	1	1	-3, 1, 0		0	-3
6	5	42	5c	109/2	13/2	1.0	0	0	3/8	1	1	ii%65	c	i		ii%65	ii	%	65					%7	1	1	-1, -4, 0, 2		2	-1
6	5	42	5c	111/2	15/2	0.5	1/4	1/4	3/8	1	1	ii7	c	i		ii7	ii		7					mm7	1	1	2, -1, 3, 0		2	2
7	6	43	6c	56	8	1.0	0	0	3/8	1	1	III+M7(9)	c	i		III+M7(9)	III	+M	7	9				+M7	1	1	-3, 1, 5, 2	-1	-3	-3
7	6	43	6c	57	9	0.5	1/4	1/4	3/8	1	1	i	c	i		i	i							m	1	1	0, -3, 1		0	0
8	7	44	7c	115/2	19/2	0.5	0	0	3/8	1	1	ii65	c	i		ii65	ii		65					mm7	1	1	-1, 3, 0, 2		2	-1
8	7	44	7c	58	10	0.5	1/8	1/8	3/8	1	1	V	c	i		V	V							M	1	1	1, 5, 2		1	1
8	7	44	7c	117/2	21/2	0.5	1/4	1/4	3/8	1	1	V7	c	i		V7	V		7					Mm7	1	1	1, 5, 2, -1		1	1
9	8	45	8d	59	11	1.0	0	0	3/8	1	1	i|PAC}	c	i		i	i					PAC	}	m	1	1	0, -3, 1		0	0
19	16	46	16c	60	24	0.5	0	1/4	3/8	1	1	i.V{	c	i		V	V						{	M	1	1	1, 5, 2		1	1
20	17	47	17a	121/2	49/2	0.5	0	0	3/8	1	1	i	c	i		i	i							m	1	1	0, -3, 1		0	0
20	17	47	17a	61	25	0.5	1/8	1/8	3/8	1	1	VII.V	c	VII		V	V							M	1	0	1, 5, 2		1	1
20	17	47	17a	123/2	51/2	0.5	1/4	1/4	3/8	1	1	V2	c	VII		V2	V		2					Mm7	1	0	-1, 1, 5, 2		1	-1
21	18	48	18a	62	26	1.0	0	0	3/8	1	1	I6	c	VII		I6	I		6					M	1	0	4, 1, 0		0	4
21	18	48	18a	63	27	0.5	1/4	1/4	3/8	1	1	I	c	VII		I	I							M	1	0	0, 4, 1		0	0
22	19	49	19a	127/2	55/2	0.5	0	0	3/8	1	1	IV	c	VII		IV	IV							M	1	0	-1, 3, 0		-1	-1
22	19	49	19a	64	28	0.5	1/8	1/8	3/8	1	1	V43	c	VII		V43	V		43					Mm7	1	0	2, -1, 1, 5		1	2
22	19	49	19a	129/2	57/2	0.5	1/4	1/4	3/8	1	1	I	c	VII		I	I							M	1	0	0, 4, 1		0	0
23	20	50	20a	65	29	0.5	0	0	3/8	1	1	V	c	VII		V	V							M	1	0	1, 5, 2		1	1
23	20	50	20a	131/2	59/2	0.5	1/8	1/8	3/8	1	1	I	c	VII		I	I							M	1	0	0, 4, 1		0	0
23	20	50	20a	66	30	0.5	1/4	1/4	3/8	1	1	III.I6	c	III		I6	I		6					M	1	0	4, 1, 0		0	4
24	21	51	21a	133/2	61/2	0.5	0	0	3/8	1	1	IV	c	III		IV	IV							M	1	0	-1, 3, 0		-1	-1
24	21	51	21a	67	31	0.5	1/8	1/8	3/8	1	1	I6	c	III		I6	I		6					M	1	0	4, 1, 0		0	4
24	21	51	21a	135/2	63/2	0.5	1/4	1/4	3/8	1	1	V43	c	III		V43	V		43					Mm7	1	0	2, -1, 1, 5		1	2
25	22	52	22a	68	32	1.0	0	0	3/8	1	1	I	c	III		I	I							M	1	0	0, 4, 1		0	0
25	22	52	22a	69	33	0.5	1/4	1/4	3/8	1	1	I6	c	III		I6	I		6					M	1	0	4, 1, 0		0	4
26	23	53	23a	139/2	67/2	0.5	0	0	3/8	1	1	IV	c	III		IV	IV							M	1	0	-1, 3, 0		-1	-1
26	23	53	23a	70	34	0.5	1/8	1/8	3/8	1	1	V43	c	III		V43	V		43					Mm7	1	0	2, -1, 1, 5		1	2
26	23	53	23a	141/2	69/2	0.5	1/4	1/4	3/8	1	1	I	c	III		I	I							M	1	0	0, 4, 1		0	0
27	24	54	24a	71	35	0.5	0	0	3/8	1	1	V	c	III		V	V							M	1	0	1, 5, 2		1	1
27	24	54	24a	143/2	71/2	0.5	1/8	1/8	3/8	1	1	I|PAC}	c	III		I	I					PAC	}	M	1	0	0, 4, 1		0	0
19	16	55	24a	72	24	0.5	0	1/4	3/8	1	1	i.V{	c	i		V	V						{	M	1	1	1, 5, 2		1	1
20	17	56	17b	145/2	49/2	0.5	0	0	3/8	1	1	i	c	i		i	i							m	1	1	0, -3, 1		0	0
20	17	56	17b	73	25	0.5	1/8	1/8	3/8	1	1	VII.V	c	VII		V	V							M	1	0	1, 5, 2		1	1
20	17	56	17b	147/2	51/2	0.5	1/4	1/4	3/8	1	1	V2	c	VII		V2	V		2					Mm7	1	0	-1, 1, 5, 2		1	-1
21	18	57	18b	74	26	1.0	0	0	3/8	1	1	I6	c	VII		I6	I		6					M	1	0	4, 1, 0		0	4
21	18	57	18b	75	27	0.5	1/4	1/4	3/8	1	1	I	c	VII		I	I							M	1	0	0, 4, 1		0	0
22	19	58	19b	151/2	55/2	0.5	0	0	3/8	1	1	IV	c	VII		IV	IV							M	1	0	-1, 3, 0		-1	-1
22	19	58	19b	76	28	0.5	1/8	1/8	3/8	1	1	V43	c	VII		V43	V		43					Mm7	1	0	2, -1, 1, 5		1	2
22	19	58	19b	153/2	57/2	0.5	1/4	1/4	3/8	1	1	I	c	VII		I	I							M	1	0	0, 4, 1		0	0
23	20	59	20b	77	29	0.5	0	0	3/8	1	1	V	c	VII		V	V							M	1	0	1, 5, 2		1	1
23	20	59	20b	155/2	59/2	0.5	1/8	1/8	3/8	1	1	I	c	VII		I	I							M	1	0	0, 4, 1		0	0
23	20	59	20b	78	30	0.5	1/4	1/4	3/8	1	1	III.I6	c	III		I6	I		6					M	1	0	4, 1, 0		0	4
24	21	60	21b	157/2	61/2	0.5	0	0	3/8	1	1	IV	c	III		IV	IV							M	1	0	-1, 3, 0		-1	-1
24	21	60	21b	79	31	0.5	1/8	1/8	3/8	1	1	I6	c	III		I6	I		6					M	1	0	4, 1, 0		0	4
24	21	60	21b	159/2	63/2	0.5	1/4	1/4	3/8	1	1	V43	c	III		V43	V		43					Mm7	1	0	2, -1, 1, 5		1	2
25	22	61	22b	80	32	1.0	0	0	3/8	1	1	I	c	III		I	I							M	1	0	0, 4, 1		0	0
25	22	61	22b	81	33	0.5	1/4	1/4	3/8	1	1	I6	c	III		I6	I		6					M	1	0	4, 1, 0		0	4
26	23	62	23b	163/2	67/2	0.5	0	0	3/8	1	1	IV	c	III		IV	IV							M	1	0	-1, 3, 0		-1	-1
26	23	62	23b	82	34	0.5	1/8	1/8	3/8	1	1	V43	c	III		V43	V		43					Mm7	1	0	2, -1, 1, 5		1	2
26	23	62	23b	165/2	69/2	0.5	1/4	1/4	3/8	1	1	I	c	III		I	I							M	1	0	0, 4, 1		0	0
27	24	63	24b	83	35	0.5	0	0	3/8	1	1	V	c	III		V	V							M	1	0	1, 5, 2		1	1
27	24	63	24b	167/2	71/2	0.5	1/8	1/8	3/8	1	1	I|PAC}	c	III		I	I					PAC	}	M	1	0	0, 4, 1		0	0
1	0	64	24b	84	0	0.5	0	1/4	3/8	1	1	c.i{	c	i		i	i						{	m	1	1	0, -3, 1		0	0
2	1	65	1d	169/2	1/2	0.5	0	0	3/8	1	1	VI	c	i		VI	VI							M	1	1	-4, 0, -3		-4	-4
2	1	65	1d	85	1	0.5	1/8	1/8	3/8	1	1	ii%65	c	i		ii%65	ii	%	65					%7	1	1	-1, -4, 0, 2		2	-1
2	1	65	1d	171/2	3/2	0.5	1/4	1/4	3/8	1	1	V	c	i		V	V							M	1	1	1, 5, 2		1	1
3	2	66	2d	86	2	1.0	0	0	3/8	1	1	i6	c	i		i6	i		6					m	1	1	-3, 1, 0		0	-3
3	2	66	2d	87	3	0.5	1/4	1/4	3/8	1	1	i	c	i		i	i							m	1	1	0, -3, 1		0	0
4	3	67	3d	175/2	7/2	0.5	0	0	3/8	1	1	ii%65	c	i		ii%65	ii	%	65					%7	1	1	-1, -4, 0, 2		2	-1
4	3	67	3d	88	4	0.5	1/8	1/8	3/8	1	1	i64	c	i		i64	i		64					m	1	1	1, 0, -3		0	1
4	3	67	3d	177/2	9/2	0.5	1/4	1/4	3/8	1	1	ii%43	c	i		ii%43	ii	%	43					%7	1	1	-4, 0, 2, -1		2	-4
5	4	68	4d	89	5	0.5	0	0	3/8	1	1	V	c	i		V	V							M	1	1	1, 5, 2		1	1
5	4	68	4d	179/2	11/2	0.5	1/8	1/8	3/8	1	1	V2	c	i		V2	V		2					Mm7	1	1	-1, 1, 5, 2		1	-1
5	4	68	4d	90	6	0.5	1/4	1/4	3/8	1	1	i6	c	i		i6	i		6					m	1	1	-3, 1, 0		0	-3
6	5	69	5d	181/2	13/2	1.0	0	0	3/8	1	1	ii%65	c	i		ii%65	ii	%	65					%7	1	1	-1, -4, 0, 2		2	-1
6	5	69	5d	183/2	15/2	0.5	1/4	1/4	3/8	1	1	ii7	c	i		ii7	ii		7					mm7	1	1	2, -1, 3, 0		2	2
7	6	70	6d	92	8	1.0	0	0	3/8	1	1	III+M7(9)	c	i		III+M7(9)	III	+M	7	9				+M7	1	1	-3, 1, 5, 2	-1	-3	-3
7	6	70	6d	93	9	0.5	1/4	1/4	3/8	1	1	i	c	i		i	i							m	1	1	0, -3, 1		0	0
8	7	71	7d	187/2	19/2	0.5	0	0	3/8	1	1	ii65	c	i		ii65	ii		65					mm7	1	1	-1, 3, 0, 2		2	-1
8	7	71	7d	94	10	0.5	1/8	1/8	3/8	1	1	V	c	i		V	V							M	1	1	1, 5, 2		1	1
8	7	71	7d	189/2	21/2	0.5	1/4	1/4	3/8	1	1	V7	c	i		V7	V		7					Mm7	1	1	1, 5, 2, -1		1	1
9	8	72	8e	95	11	1.0	0	0	3/8	1	1	i|PAC}	c	i		i	i					PAC	}	m	1	1	0, -3, 1		0	0
28	24	73	24c	96	36	1.25	0	0	3/8	1	1	i.i{	c	i		i	i						{	m	1	1	0, -3, 1		0	0
28	24	73	24c	389/4	149/4	0.75	5/16	5/16	3/8	1	1	iv	c	i		iv	iv							m	1	1	-1, -4, 0		-1	-1
29	25	74	25a	98	38	1.5	0	0	3/8	1	1	i	c	i		i	i							m	1	1	0, -3, 1		0	0
30	26	75	26a	199/2	79/2	1.5	0	0	3/8	1	1	i6	c	i		i6	i		6					m	1	1	-3, 1, 0		0	-3
31	27	76	27a	101	41	0.5	0	0	3/8	1	1	V	c	i		V	V							M	1	1	1, 5, 2		1	1
31	27	76	27a	203/2	83/2	0.5	1/8	1/8	3/8	1	1	IV6	c	i		IV6	IV		6					M	1	1	3, 0, -1		-1	3
31	27	76	27a	102	42	0.5	1/4	1/4	3/8	1	1	V65	c	i		V65	V		65					Mm7	1	1	5, 2, -1, 1		1	5
32	28	77	28a	205/2	85/2	1.0	0	0	3/8	1	1	i	c	i		i	i							m	1	1	0, -3, 1		0	0
32	28	77	28a	207/2	87/2	0.5	1/4	1/4	3/8	1	1	V	c	i		V	V							M	1	1	1, 5, 2		1	1
33	29	78	29a	104	44	1.0	0	0	3/8	1	1	i	c	i		i	i							m	1	1	0, -3, 1		0	0
33	29	78	29a	105	45	0.5	1/4	1/4	3/8	1	1	V	c	i		V	V							M	1	1	1, 5, 2		1	1
34	30	79	30a	211/2	91/2	1.5	0	0	3/8	1	1	i	c	i		i	i							m	1	1	0, -3, 1		0	0
35	31	80	31a	107	47	0.5	0	0	3/8	1	1	v6	c	i		v6	v		6					m	1	1	-2, 2, 1		1	-2
35	31	80	31a	215/2	95/2	0.5	1/8	1/8	3/8	1	1	i	c	i		i	i							m	1	1	0, -3, 1		0	0
35	31	80	31a	108	48	0.5	1/4	1/4	3/8	1	1	ii%43	c	i		ii%43	ii	%	43					%7	1	1	-4, 0, 2, -1		2	-4
36	32	81	32a	217/2	97/2	1.5	0	0	3/8	1	1	V|HC.PHR}	c	i		V	V					HC.PHR	}	M	1	1	1, 5, 2		1	1
36	32	81	32a	437/4	197/4	0.0	3/16	3/16	3/8	1	1	{	c	i									{		1	1				
37	33	82	33a	110	50	1.5	0	0	3/8	1	1	v.i	c	v		i	i							m	1	1	0, -3, 1		0	0
38	34	83	34a	223/2	103/2	1.5	0	0	3/8	1	1	i6	c	v		i6	i		6					m	1	1	-3, 1, 0		0	-3
39	35	84	35a	113	53	0.5	0	0	3/8	1	1	V	c	v		V	V							M	1	1	1, 5, 2		1	1
39	35	84	35a	227/2	107/2	0.5	1/8	1/8	3/8	1	1	IV6	c	v		IV6	IV		6					M	1	1	3, 0, -1		-1	3
39	35	84	35a	114	54	0.5	1/4	1/4	3/8	1	1	V65	c	v		V65	V		65					Mm7	1	1	5, 2, -1, 1		1	5
40	36	85	36a	229/2	109/2	0.5	0	0	3/8	1	1	i	c	v		i	i							m	1	1	0, -3, 1		0	0
40	36	85	36a	115	55	1.0	1/8	1/8	3/8	1	1	iv64	c	v		iv64	iv		64					m	1	1	0, -1, -4		-1	0
41	37	86	37a	116	56	0.5	0	0	3/8	1	1	VII7	c	v		VII7	VII		7					Mm7	1	1	-2, 2, -1, -4		-2	-2
41	37	86	37a	233/2	113/2	1.0	1/8	1/8	3/8	1	1	III64	c	v		III64	III		64					M	1	1	-2, -3, 1		-3	-2
42	38	87	38a	235/2	115/2	1.0	0	0	3/8	1	1	VIM7	c	v		VIM7	VI	M	7					MM7	1	1	-4, 0, -3, 1		-4	-4
42	38	87	38a	237/2	117/2	0.5	1/4	1/4	3/8	1	1	ii%43	c	v		ii%43	ii	%	43					%7	1	1	-4, 0, 2, -1		2	-4
43	39	88	39a	119	59	0.5	0	0	3/8	1	1	ii%65	c	v		ii%65	ii	%	65					%7	1	1	-1, -4, 0, 2		2	-1
43	39	88	39a	239/2	119/2	0.5	1/8	1/8	3/8	1	1	V(4)	c	v		V(4)	V			4				M	1	1	1, 0, 2		1	1
43	39	88	39a	120	60	0.5	1/4	1/4	3/8	1	1	V	c	v		V	V							M	1	1	1, 5, 2		1	1
44	40	89	40a	241/2	121/2	1.5	0	0	3/8	1	1	I|PAC}	c	v		I	I					PAC	}	M	1	1	0, 4, 1		0	0
44	40	89	40a	485/4	245/4	0.0	3/16	3/16	3/8	1	1	{	c	v									{		1	1				
45	41	90	41a	122	62	1.5	0	0	3/8	1	1	i.V/iv	c	i		V/iv	V				iv			M	1	1	0, 4, 1		0	0
46	42	91	42a	247/2	127/2	1.5	0	0	3/8	1	1	iv	c	i		iv	iv							m	1	1	-1, -4, 0		-1	-1
47	43	92	43a	125	65	1.5	0	0	3/8	1	1	V/III	c	i		V/III	V				III			M	1	1	-2, 2, -1		-2	-2
48	44	93	44a	253/2	133/2	0.5	0	0	3/8	1	1	III	c	i		III	III							M	1	1	-3, 1, -2		-3	-3
48	44	93	44a	127	67	0.5	1/8	1/8	3/8	1	1	i6	c	i		i6	i		6					m	1	1	-3, 1, 0		0	-3
48	44	93	44a	255/2	135/2	0.5	1/4	1/4	3/8	1	1	i7	c	i		i7	i		7					mm7	1	1	0, -3, 1, -2		0	0
49	45	94	45a	128	68	0.5	0	0	3/8	1	1	IV7	c	i		IV7	IV		7					Mm7	1	1	-1, 3, 0, -3		-1	-1
49	45	94	45a	257/2	137/2	0.5	1/8	1/8	3/8	1	1	ii6	c	i		ii6	ii		6					m	1	1	-1, 3, 2		2	-1
49	45	94	45a	129	69	0.5	1/4	1/4	3/8	1	1	ii7	c	i		ii7	ii		7					mm7	1	1	2, -1, 3, 0		2	2
50	46	95	46a	259/2	139/2	1.0	0	0	3/8	1	1	V|HC}	c	i		V	V					HC	}	M	1	1	1, 5, 2		1	1
50	46	95	46a	521/4	281/4	0.0	3/16	3/16	3/8	1	1	{	c	i									{		1	1				
50	46	95	46a	261/2	141/2	0.5	1/4	1/4	3/8	1	1	V65	c	i		V65	V		65					Mm7	1	1	5, 2, -1, 1		1	5
51	47	96	47a	131	71	0.5	0	0	3/8	1	1	V7	c	i		V7	V		7					Mm7	1	1	1, 5, 2, -1		1	1
51	47	96	47a	263/2	143/2	1.0	1/8	1/8	3/8	1	1	i	c	i		i	i							m	1	1	0, -3, 1		0	0
52	48	97	48a	265/2	145/2	1.5	0	0	3/8	1	1	V	c	i		V	V							M	1	1	1, 5, 2		1	1
53	49	98	49a	134	74	0.5	0	0	3/8	1	1	i	c	i		i	i							m	1	1	0, -3, 1		0	0
53	49	98	49a	269/2	149/2	0.5	1/8	1/8	3/8	1	1	ii%65	c	i		ii%65	ii	%	65					%7	1	1	-1, -4, 0, 2		2	-1
53	49	98	49a	135	75	0.5	1/4	1/4	3/8	1	1	V	c	i		V	V							M	1	1	1, 5, 2		1	1
54	50	99	50a	271/2	151/2	1.5	0	0	3/8	1	1	i|PAC}	c	i		i	i					PAC	}	m	1	1	0, -3, 1		0	0
54	50	99	50a	136	76	0.0	1/8	1/8	3/8	1	1	{	c	i									{		1	1				
55	51	100	51a	137	77	0.5	0	0	3/8	1	1	ii%65	c	i		ii%65	ii	%	65					%7	1	1	-1, -4, 0, 2		2	-1
55	51	100	51a	275/2	155/2	0.5	1/8	1/8	3/8	1	1	i64	c	i		i64	i		64					m	1	1	1, 0, -3		0	1
55	51	100	51a	138	78	0.5	1/4	1/4	3/8	1	1	ii%43	c	i		ii%43	ii	%	43					%7	1	1	-4, 0, 2, -1		2	-4
56	52	101	52a	277/2	157/2	0.5	0	0	3/8	1	1	V	c	i		V	V							M	1	1	1, 5, 2		1	1
56	52	101	52a	139	79	0.5	1/8	1/8	3/8	1	1	V2	c	i		V2	V		2					Mm7	1	1	-1, 1, 5, 2		1	-1
56	52	101	52a	279/2	159/2	0.5	1/4	1/4	3/8	1	1	i6	c	i		i6	i		6					m	1	1	-3, 1, 0		0	-3
57	53	102	53a	140	80	1.0	0	0	3/8	1	1	ii%65	c	i		ii%65	ii	%	65					%7	1	1	-1, -4, 0, 2		2	-1
57	53	102	53a	141	81	0.5	1/4	1/4	3/8	1	1	ii7	c	i		ii7	ii		7					mm7	1	1	2, -1, 3, 0		2	2
58	54	103	54a	283/2	163/2	1.0	0	0	3/8	1	1	III+M7(9)	c	i		III+M7(9)	III	+M	7	9				+M7	1	1	-3, 1, 5, 2	-1	-3	-3
58	54	103	54a	285/2	165/2	0.5	1/4	1/4	3/8	1	1	i	c	i		i	i							m	1	1	0, -3, 1		0	0
59	55	104	55a	143	83	0.5	0	0	3/8	1	1	ii65	c	i		ii65	ii		65					mm7	1	1	-1, 3, 0, 2		2	-1
59	55	104	55a	287/2	167/2	0.5	1/8	1/8	3/8	1	1	V	c	i		V	V							M	1	1	1, 5, 2		1	1
59	55	104	55a	144	84	0.5	1/4	1/4	3/8	1	1	V7	c	i		V7	V		7					Mm7	1	1	1, 5, 2, -1		1	1
60	56	105	56a	289/2	169/2	1.0	0	0	3/8	1	1	i|PAC}	c	i		i	i					PAC	}	m	1	1	0, -3, 1		0	0
28	24	106	56a	291/2	36	1.25	0	0	3/8	1	1	i.i{	c	i		i	i						{	m	1	1	0, -3, 1		0	0
28	24	106	56a	587/4	149/4	0.75	5/16	5/16	3/8	1	1	iv	c	i		iv	iv							m	1	1	-1, -4, 0		-1	-1
29	25	107	25b	295/2	38	1.5	0	0	3/8	1	1	i	c	i		i	i							m	1	1	0, -3, 1		0	0
30	26	108	26b	149	79/2	1.5	0	0	3/8	1	1	i6	c	i		i6	i		6					m	1	1	-3, 1, 0		0	-3
31	27	109	27b	301/2	41	0.5	0	0	3/8	1	1	V	c	i		V	V							M	1	1	1, 5, 2		1	1
31	27	109	27b	151	83/2	0.5	1/8	1/8	3/8	1	1	IV6	c	i		IV6	IV		6					M	1	1	3, 0, -1		-1	3
31	27	109	27b	303/2	42	0.5	1/4	1/4	3/8	1	1	V65	c	i		V65	V		65					Mm7	1	1	5, 2, -1, 1		1	5
32	28	110	28b	152	85/2	1.0	0	0	3/8	1	1	i	c	i		i	i							m	1	1	0, -3, 1		0	0
32	28	110	28b	153	87/2	0.5	1/4	1/4	3/8	1	1	V	c	i		V	V							M	1	1	1, 5, 2		1	1
33	29	111	29b	307/2	44	1.0	0	0	3/8	1	1	i	c	i		i	i							m	1	1	0, -3, 1		0	0
33	29	111	29b	309/2	45	0.5	1/4	1/4	3/8	1	1	V	c	i		V	V							M	1	1	1, 5, 2		1	1
34	30	112	30b	155	91/2	1.5	0	0	3/8	1	1	i	c	i		i	i							m	1	1	0, -3, 1		0	0
35	31	113	31b	313/2	47	0.5	0	0	3/8	1	1	v6	c	i		v6	v		6					m	1	1	-2, 2, 1		1	-2
35	31	113	31b	157	95/2	0.5	1/8	1/8	3/8	1	1	i	c	i		i	i							m	1	1	0, -3, 1		0	0
35	31	113	31b	315/2	48	0.5	1/4	1/4	3/8	1	1	ii%43	c	i		ii%43	ii	%	43					%7	1	1	-4, 0, 2, -1		2	-4
36	32	114	32b	158	97/2	1.5	0	0	3/8	1	1	V|HC.PHR}	c	i		V	V					HC.PHR	}	M	1	1	1, 5, 2		1	1
36	32	114	32b	635/4	197/4	0.0	3/16	3/16	3/8	1	1	{	c	i									{		1	1				
37	33	115	33b	319/2	50	1.5	0	0	3/8	1	1	v.i	c	v		i	i							m	1	1	0, -3, 1		0	0
38	34	116	34b	161	103/2	1.5	0	0	3/8	1	1	i6	c	v		i6	i		6					m	1	1	-3, 1, 0		0	-3
39	35	117	35b	325/2	53	0.5	0	0	3/8	1	1	V	c	v		V	V							M	1	1	1, 5, 2		1	1
39	35	117	35b	163	107/2	0.5	1/8	1/8	3/8	1	1	IV6	c	v		IV6	IV		6					M	1	1	3, 0, -1		-1	3
39	35	117	35b	327/2	54	0.5	1/4	1/4	3/8	1	1	V65	c	v		V65	V		65					Mm7	1	1	5, 2, -1, 1		1	5
40	36	118	36b	164	109/2	0.5	0	0	3/8	1	1	i	c	v		i	i							m	1	1	0, -3, 1		0	0
40	36	118	36b	329/2	55	1.0	1/8	1/8	3/8	1	1	iv64	c	v		iv64	iv		64					m	1	1	0, -1, -4		-1	0
41	37	119	37b	331/2	56	0.5	0	0	3/8	1	1	VII7	c	v		VII7	VII		7					Mm7	1	1	-2, 2, -1, -4		-2	-2
41	37	119	37b	166	113/2	1.0	1/8	1/8	3/8	1	1	III64	c	v		III64	III		64					M	1	1	-2, -3, 1		-3	-2
42	38	120	38b	167	115/2	1.0	0	0	3/8	1	1	VIM7	c	v		VIM7	VI	M	7					MM7	1	1	-4, 0, -3, 1		-4	-4
42	38	120	38b	168	117/2	0.5	1/4	1/4	3/8	1	1	ii%43	c	v		ii%43	ii	%	43					%7	1	1	-4, 0, 2, -1		2	-4
43	39	121	39b	337/2	59	0.5	0	0	3/8	1	1	ii%65	c	v		ii%65	ii	%	65					%7	1	1	-1, -4, 0, 2		2	-1
43	39	121	39b	169	119/2	0.5	1/8	1/8	3/8	1	1	V(4)	c	v		V(4)	V			4				M	1	1	1, 0, 2		1	1
43	39	121	39b	339/2	60	0.5	1/4	1/4	3/8	1	1	V	c	v		V	V							M	1	1	1, 5, 2		1	1
44	40	122	40b	170	121/2	1.5	0	0	3/8	1	1	I|PAC}	c	v		I	I					PAC	}	M	1	1	0, 4, 1		0	0
44	40	122	40b	683/4	245/4	0.0	3/16	3/16	3/8	1	1	{	c	v									{		1	1				
45	41	123	41b	343/2	62	1.5	0	0	3/8	1	1	i.V/iv	c	i		V/iv	V				iv			M	1	1	0, 4, 1		0	0
46	42	124	42b	173	127/2	1.5	0	0	3/8	1	1	iv	c	i		iv	iv							m	1	1	-1, -4, 0		-1	-1
47	43	125	43b	349/2	65	1.5	0	0	3/8	1	1	V/III	c	i		V/III	V				III			M	1	1	-2, 2, -1		-2	-2
48	44	126	44b	176	133/2	0.5	0	0	3/8	1	1	III	c	i		III	III							M	1	1	-3, 1, -2		-3	-3
48	44	126	44b	353/2	67	0.5	1/8	1/8	3/8	1	1	i6	c	i		i6	i		6					m	1	1	-3, 1, 0		0	-3
48	44	126	44b	177	135/2	0.5	1/4	1/4	3/8	1	1	i7	c	i		i7	i		7					mm7	1	1	0, -3, 1, -2		0	0
49	45	127	45b	355/2	68	0.5	0	0	3/8	1	1	IV7	c	i		IV7	IV		7					Mm7	1	1	-1, 3, 0, -3		-1	-1
49	45	127	45b	178	137/2	0.5	1/8	1/8	3/8	1	1	ii6	c	i		ii6	ii		6					m	1	1	-1, 3, 2		2	-1
49	45	127	45b	357/2	69	0.5	1/4	1/4	3/8	1	1	ii7	c	i		ii7	ii		7					mm7	1	1	2, -1, 3, 0		2	2
50	46	128	46b	179	139/2	1.0	0	0	3/8	1	1	V|HC}	c	i		V	V					HC	}	M	1	1	1, 5, 2		1	1
50	46	128	46b	719/4	281/4	0.0	3/16	3/16	3/8	1	1	{	c	i									{		1	1				
50	46	128	46b	180	141/2	0.5	1/4	1/4	3/8	1	1	V65	c	i		V65	V		65					Mm7	1	1	5, 2, -1, 1		1	5
51	47	129	47b	361/2	71	0.5	0	0	3/8	1	1	V7	c	i		V7	V		7					Mm7	1	1	1, 5, 2, -1		1	1
51	47	129	47b	181	143/2	1.0	1/8	1/8	3/8	1	1	i	c	i		i	i							m	1	1	0, -3, 1		0	0
52	48	130	48b	182	145/2	1.5	0	0	3/8	1	1	V	c	i		V	V							M	1	1	1, 5, 2		1	1
53	49	131	49b	367/2	74	0.5	0	0	3/8	1	1	i	c	i		i	i							m	1	1	0, -3, 1		0	0
53	49	131	49b	184	149/2	0.5	1/8	1/8	3/8	1	1	ii%65	c	i		ii%65	ii	%	65					%7	1	1	-1, -4, 0, 2		2	-1
53	49	131	49b	369/2	75	0.5	1/4	1/4	3/8	1	1	V	c	i		V	V							M	1	1	1, 5, 2		1	1
54	50	132	50b	185	151/2	1.5	0	0	3/8	1	1	i|PAC}	c	i		i	i					PAC	}	m	1	1	0, -3, 1		0	0
54	50	132	50b	371/2	76	0.0	1/8	1/8	3/8	1	1	{	c	i									{		1	1				
55	51	133	51b	373/2	77	0.5	0	0	3/8	1	1	ii%65	c	i		ii%65	ii	%	65					%7	1	1	-1, -4, 0, 2		2	-1
55	51	133	51b	187	155/2	0.5	1/8	1/8	3/8	1	1	i64	c	i		i64	i		64					m	1	1	1, 0, -3		0	1
55	51	133	51b	375/2	78	0.5	1/4	1/4	3/8	1	1	ii%43	c	i		ii%43	ii	%	43					%7	1	1	-4, 0, 2, -1		2	-4
56	52	134	52b	188	157/2	0.5	0	0	3/8	1	1	V	c	i		V	V							M	1	1	1, 5, 2		1	1
56	52	134	52b	377/2	79	0.5	1/8	1/8	3/8	1	1	V2	c	i		V2	V		2					Mm7	1	1	-1, 1, 5, 2		1	-1
56	52	134	52b	189	159/2	0.5	1/4	1/4	3/8	1	1	i6	c	i		i6	i		6					m	1	1	-3, 1, 0		0	-3
57	53	135	53b	379/2	80	1.0	0	0	3/8	1	1	ii%65	c	i		ii%65	ii	%	65					%7	1	1	-1, -4, 0, 2		2	-1
57	53	135	53b	381/2	81	0.5	1/4	1/4	3/8	1	1	ii7	c	i		ii7	ii		7					mm7	1	1	2, -1, 3, 0		2	2
58	54	136	54b	191	163/2	1.0	0	0	3/8	1	1	III+M7(9)	c	i		III+M7(9)	III	+M	7	9				+M7	1	1	-3, 1, 5, 2	-1	-3	-3
58	54	136	54b	192	165/2	0.5	1/4	1/4	3/8	1	1	i	c	i		i	i							m	1	1	0, -3, 1		0	0
59	55	137	55b	385/2	83	0.5	0	0	3/8	1	1	ii65	c	i		ii65	ii		65					mm7	1	1	-1, 3, 0, 2		2	-1
59	55	137	55b	193	167/2	0.5	1/8	1/8	3/8	1	1	V	c	i		V	V							M	1	1	1, 5, 2		1	1
59	55	137	55b	387/2	84	0.5	1/4	1/4	3/8	1	1	V7	c	i		V7	V		7					Mm7	1	1	1, 5, 2, -1		1	1
60	56	138	56b	194	169/2	1.0	0	0	3/8	1	1	i|PAC}	c	i		i	i					PAC	}	m	1	1	0, -3, 1		0	0
