mc	mn	mc_playthrough	mn_playthrough	quarterbeats	duration_qb	keysig	timesig	act_dur	mc_offset	numbering_offset	dont_count	barline	breaks	repeats	next
1	1	1	1a	0	4.0	-3	2/2	1	0					firstMeasure	2
2	2	2	2a	4	4.0	-3	2/2	1	0						3
3	3	3	3a	8	4.0	-3	2/2	1	0						4
4	4	4	4a	12	4.0	-3	2/2	1	0						5
5	5	5	5a	16	4.0	-3	2/2	1	0						6
6	6	6	6a	20	4.0	-3	2/2	1	0						7
7	7	7	7a	24	4.0	-3	2/2	1	0						8
8	8	8	8a	28	4.5	-3	2/2	9/8	0						9
9	9	9	9a	65/2	4.0	-3	2/2	1	0				line		10
10	10	10	10a	73/2	4.0	-3	2/2	1	0						11
11	11	11	11a	81/2	4.0	-3	2/2	1	0						12
12	12	12	12a	89/2	4.0	-3	2/2	1	0						13
13	13	13	13a	97/2	4.0	-3	2/2	1	0				line		14
14	14	14	14a	105/2	4.0	-3	2/2	1	0						15
15	15	15	15a	113/2	4.0	-3	2/2	1	0						16
16	16	16	16a	121/2	4.0	-3	2/2	1	0						17
17	17	17	17a	129/2	4.0	-3	2/2	1	0				line		18
18	18	18	18a	137/2	4.0	-3	2/2	1	0						19
19	19	19	19a	145/2	4.0	-3	2/2	1	0						20
20	20	20	20a	153/2	4.0	-3	2/2	1	0						21
21	21	21	21a	161/2	4.0	-3	2/2	1	0				line		22
22	22	22	22a	169/2	4.0	-3	2/2	1	0						23
23	23	23	23a	177/2	4.0	-3	2/2	1	0						24
24	24	24	24a	185/2	4.0	-3	2/2	1	0						25
25	25	25	25a	193/2	4.0	-3	2/2	1	0				line		26
26	26	26	26a	201/2	4.0	-3	2/2	1	0						27
27	27	27	27a	209/2	4.0	-3	2/2	1	0						28
28	28	28	28a	217/2	4.0	-3	2/2	1	0						29
29	29	29	29a	225/2	4.0	-3	2/2	1	0						30
30	30	30	30a	233/2	4.0	-3	2/2	1	0				line		31
31	31	31	31a	241/2	4.0	-3	2/2	1	0						32
32	32	32	32a	249/2	4.0	-3	2/2	1	0						33
33	33	33	33a	257/2	4.0	-3	2/2	1	0						34
34	34	34	34a	265/2	4.0	-3	2/2	1	0				line		35
35	35	35	35a	273/2	4.0	-3	2/2	1	0						36
36	36	36	36a	281/2	4.0	-3	2/2	1	0						37
37	37	37	37a	289/2	4.0	-3	2/2	1	0						38
38	38	38	38a	297/2	4.0	-3	2/2	1	0				line		39
39	39	39	39a	305/2	4.0	-3	2/2	1	0						40
40	40	40	40a	313/2	4.0	-3	2/2	1	0						41
41	41	41	41a	321/2	4.0	-3	2/2	1	0						42
42	42	42	42a	329/2	4.0	-3	2/2	1	0				line		43
43	43	43	43a	337/2	4.0	-3	2/2	1	0						44
44	44	44	44a	345/2	4.0	-3	2/2	1	0						45
45	45	45	45a	353/2	4.0	-3	2/2	1	0						46
46	46	46	46a	361/2	4.0	-3	2/2	1	0				line		47
47	47	47	47a	369/2	4.0	-3	2/2	1	0						48
48	48	48	48a	377/2	4.0	-3	2/2	1	0						49
49	49	49	49a	385/2	4.0	-3	2/2	1	0						50
50	50	50	50a	393/2	4.0	-3	2/2	1	0				line		51
51	51	51	51a	401/2	4.0	-3	2/2	1	0						52
52	52	52	52a	409/2	4.0	-3	2/2	1	0						53
53	53	53	53a	417/2	4.0	-3	2/2	1	0						54
54	54	54	54a	425/2	4.0	-3	2/2	1	0				line		55
55	55	55	55a	433/2	4.0	-3	2/2	1	0						56
56	56	56	56a	441/2	4.0	-3	2/2	1	0						57
57	57	57	57a	449/2	4.0	-3	2/2	1	0						58
58	58	58	58a	457/2	4.0	-3	2/2	1	0				line		59
59	59	59	59a	465/2	4.0	-3	2/2	1	0						60
60	60	60	60a	473/2	4.0	-3	2/2	1	0						61
61	61	61	61a	481/2	4.0	-3	2/2	1	0						62
62	62	62	62a	489/2	4.0	-3	2/2	1	0			double	line		63
63	63	63	63a	497/2	4.0	-3	2/2	1	0						64
64	64	64	64a	505/2	4.0	-3	2/2	1	0						65
65	65	65	65a	513/2	4.0	-3	2/2	1	0						66
66	66	66	66a	521/2	4.0	-3	2/2	1	0				line		67
67	67	67	67a	529/2	4.0	-3	2/2	1	0						68
68	68	68	68a	537/2	4.0	-3	2/2	1	0						69
69	69	69	69a	545/2	4.0	-3	2/2	1	0						70
70	70	70	70a	553/2	4.0	-3	2/2	1	0				line		71
71	71	71	71a	561/2	4.0	-3	2/2	1	0						72
72	72	72	72a	569/2	4.0	-3	2/2	1	0						73
73	73	73	73a	577/2	4.0	-3	2/2	1	0						74
74	74	74	74a	585/2	4.0	-3	2/2	1	0				line		75
75	75	75	75a	593/2	4.0	-3	2/2	1	0						76
76	76	76	76a	601/2	4.0	-3	2/2	1	0						77
77	77	77	77a	609/2	4.0	-3	2/2	1	0						78
78	78	78	78a	617/2	4.0	-3	2/2	1	0						79
79	79	79	79a	625/2	4.0	-3	2/2	1	0						80
80	80	80	80a	633/2	4.0	-3	2/2	1	0						81
81	81	81	81a	641/2	4.0	-3	2/2	1	0						82
82	82	82	82a	649/2	4.0	-3	2/2	1	0						83
83	83	83	83a	657/2	4.0	-3	2/2	1	0						84
84	84	84	84a	665/2	4.0	-3	2/2	1	0				line		85
85	85	85	85a	673/2	4.0	-3	2/2	1	0						86
86	86	86	86a	681/2	4.0	-3	2/2	1	0						87
87	87	87	87a	689/2	4.0	-3	2/2	1	0						88
88	88	88	88a	697/2	4.0	-3	2/2	1	0						89
89	89	89	89a	705/2	4.0	-3	2/2	1	0						90
90	90	90	90a	713/2	4.0	-3	2/2	1	0				line		91
91	91	91	91a	721/2	4.0	-3	2/2	1	0						92
92	92	92	92a	729/2	4.0	-3	2/2	1	0						93
93	93	93	93a	737/2	4.0	-3	2/2	1	0						94
94	94	94	94a	745/2	4.0	-3	2/2	1	0						95
95	95	95	95a	753/2	4.0	-3	2/2	1	0						96
96	96	96	96a	761/2	4.0	-3	2/2	1	0				line		97
97	97	97	97a	769/2	4.0	-3	2/2	1	0						98
98	98	98	98a	777/2	4.0	-3	2/2	1	0						99
99	99	99	99a	785/2	4.0	-3	2/2	1	0						100
100	100	100	100a	793/2	4.0	-3	2/2	1	0						101
101	101	101	101a	801/2	4.0	-3	2/2	1	0						102
102	102	102	102a	809/2	4.0	-3	2/2	1	0				line		103
103	103	103	103a	817/2	4.0	-3	2/2	1	0						104
104	104	104	104a	825/2	4.0	-3	2/2	1	0						105
105	105	105	105a	833/2	4.0	-3	2/2	1	0						106
106	106	106	106a	841/2	4.0	-3	2/2	1	0						107
107	107	107	107a	849/2	4.0	-3	2/2	1	0						108
108	108	108	108a	857/2	4.0	-3	2/2	1	0				line		109
109	109	109	109a	865/2	4.0	-3	2/2	1	0						110
110	110	110	110a	873/2	4.0	-3	2/2	1	0						111
111	111	111	111a	881/2	4.0	-3	2/2	1	0						112
112	112	112	112a	889/2	4.0	-3	2/2	1	0				line		113
113	113	113	113a	897/2	4.0	-3	2/2	1	0						114
114	114	114	114a	905/2	4.0	-3	2/2	1	0						115
115	115	115	115a	913/2	4.0	-3	2/2	1	0						116
116	116	116	116a	921/2	4.0	-3	2/2	1	0				line		117
117	117	117	117a	929/2	4.0	-3	2/2	1	0						118
118	118	118	118a	937/2	4.0	-3	2/2	1	0						119
119	119	119	119a	945/2	4.0	-3	2/2	1	0						120
120	120	120	120a	953/2	4.0	-3	2/2	1	0				line		121
121	121	121	121a	961/2	4.0	-1	2/2	1	0						122
122	122	122	122a	969/2	4.0	-1	2/2	1	0						123
123	123	123	123a	977/2	4.0	-1	2/2	1	0						124
124	124	124	124a	985/2	4.0	-1	2/2	1	0						125
125	125	125	125a	993/2	4.0	-1	2/2	1	0						126
126	126	126	126a	1001/2	4.0	-1	2/2	1	0				line		127
127	127	127	127a	1009/2	4.0	-1	2/2	1	0						128
128	128	128	128a	1017/2	4.0	-1	2/2	1	0						129
129	129	129	129a	1025/2	4.0	-1	2/2	1	0						130
130	130	130	130a	1033/2	4.0	-1	2/2	1	0						131
131	131	131	131a	1041/2	4.0	-1	2/2	1	0						132
132	132	132	132a	1049/2	4.0	-1	2/2	1	0						133
133	133	133	133a	1057/2	4.0	-1	2/2	1	0				line		134
134	134	134	134a	1065/2	4.0	-1	2/2	1	0						135
135	135	135	135a	1073/2	4.0	-1	2/2	1	0						136
136	136	136	136a	1081/2	4.0	-1	2/2	1	0						137
137	137	137	137a	1089/2	4.0	-1	2/2	1	0						138
138	138	138	138a	1097/2	4.0	-1	2/2	1	0				line		139
139	139	139	139a	1105/2	4.0	-1	2/2	1	0						140
140	140	140	140a	1113/2	4.0	-1	2/2	1	0			double			141
141	141	141	141a	1121/2	4.0	-1	2/2	1	0						142
142	142	142	142a	1129/2	4.0	-1	2/2	1	0						143
143	143	143	143a	1137/2	4.0	-1	2/2	1	0				line		144
144	144	144	144a	1145/2	4.0	-1	2/2	1	0						145
145	145	145	145a	1153/2	4.0	-1	2/2	1	0						146
146	146	146	146a	1161/2	4.0	-1	2/2	1	0						147
147	147	147	147a	1169/2	4.0	-1	2/2	1	0				line		148
148	148	148	148a	1177/2	4.0	-1	2/2	1	0						149
149	149	149	149a	1185/2	4.0	-1	2/2	1	0						150
150	150	150	150a	1193/2	4.0	-1	2/2	1	0						151
151	151	151	151a	1201/2	4.0	-1	2/2	1	0				line		152
152	152	152	152a	1209/2	4.0	-1	2/2	1	0						153
153	153	153	153a	1217/2	4.0	-1	2/2	1	0						154
154	154	154	154a	1225/2	4.0	-1	2/2	1	0						155
155	155	155	155a	1233/2	4.0	-1	2/2	1	0				line		156
156	156	156	156a	1241/2	4.0	-1	2/2	1	0						157
157	157	157	157a	1249/2	4.0	-1	2/2	1	0						158
158	158	158	158a	1257/2	4.0	-1	2/2	1	0				line		159
159	159	159	159a	1265/2	4.0	-1	2/2	1	0						160
160	160	160	160a	1273/2	4.0	-1	2/2	1	0			double			161
161	161	161	161a	1281/2	4.0	-1	2/2	1	0						162
162	162	162	162a	1289/2	4.0	-1	2/2	1	0						163
163	163	163	163a	1297/2	4.0	-1	2/2	1	0						164
164	164	164	164a	1305/2	4.0	-1	2/2	1	0				line		165
165	165	165	165a	1313/2	4.0	-1	2/2	1	0						166
166	166	166	166a	1321/2	4.0	-1	2/2	1	0						167
167	167	167	167a	1329/2	4.0	-1	2/2	1	0						168
168	168	168	168a	1337/2	4.0	-1	2/2	1	0						169
169	169	169	169a	1345/2	4.0	-1	2/2	1	0						170
170	170	170	170a	1353/2	4.0	-1	2/2	1	0						171
171	171	171	171a	1361/2	4.0	-1	2/2	1	0						172
172	172	172	172a	1369/2	4.0	-1	2/2	1	0						173
173	173	173	173a	1377/2	4.0	-1	2/2	1	0				line		174
174	174	174	174a	1385/2	4.0	-1	2/2	1	0						175
175	175	175	175a	1393/2	4.0	-1	2/2	1	0						176
176	176	176	176a	1401/2	4.0	-1	2/2	1	0			double			177
177	177	177	177a	1409/2	4.0	-1	2/2	1	0						178
178	178	178	178a	1417/2	4.0	-1	2/2	1	0						179
179	179	179	179a	1425/2	4.0	-1	2/2	1	0				line		180
180	180	180	180a	1433/2	4.0	-1	2/2	1	0						181
181	181	181	181a	1441/2	4.0	-1	2/2	1	0						182
182	182	182	182a	1449/2	4.0	-1	2/2	1	0						183
183	183	183	183a	1457/2	4.0	-1	2/2	1	0				line		184
184	184	184	184a	1465/2	4.0	-1	2/2	1	0						185
185	185	185	185a	1473/2	4.0	-1	2/2	1	0						186
186	186	186	186a	1481/2	4.0	-1	2/2	1	0						187
187	187	187	187a	1489/2	4.0	-1	2/2	1	0						188
188	188	188	188a	1497/2	4.0	-1	2/2	1	0				line		189
189	189	189	189a	1505/2	4.0	-1	2/2	1	0						190
190	190	190	190a	1513/2	4.0	-1	2/2	1	0						191
191	191	191	191a	1521/2	4.0	-1	2/2	1	0						192
192	192	192	192a	1529/2	4.0	-1	2/2	1	0			double	line		193
193	193	193	193a	1537/2	4.0	-1	2/2	1	0						194
194	194	194	194a	1545/2	4.0	-1	2/2	1	0						195
195	195	195	195a	1553/2	4.0	-1	2/2	1	0						196
196	196	196	196a	1561/2	4.0	-1	2/2	1	0				line		197
197	197	197	197a	1569/2	4.0	-1	2/2	1	0						198
198	198	198	198a	1577/2	4.0	-1	2/2	1	0						199
199	199	199	199a	1585/2	4.0	-1	2/2	1	0						200
200	200	200	200a	1593/2	4.0	-1	2/2	1	0				line		201
201	201	201	201a	1601/2	4.0	-1	2/2	1	0						202
202	202	202	202a	1609/2	4.0	-1	2/2	1	0						203
203	203	203	203a	1617/2	4.0	-1	2/2	1	0						204
204	204	204	204a	1625/2	4.0	-1	2/2	1	0				line		205
205	205	205	205a	1633/2	4.0	-1	2/2	1	0						206
206	206	206	206a	1641/2	4.0	-1	2/2	1	0						207
207	207	207	207a	1649/2	4.0	-1	2/2	1	0						208
208	208	208	208a	1657/2	4.0	-1	2/2	1	0				line		209
209	209	209	209a	1665/2	4.0	-1	2/2	1	0						210
210	210	210	210a	1673/2	4.0	-1	2/2	1	0						211
211	211	211	211a	1681/2	4.0	-1	2/2	1	0						212
212	212	212	212a	1689/2	4.0	-1	2/2	1	0						213
213	213	213	213a	1697/2	4.0	-1	2/2	1	0				line		214
214	214	214	214a	1705/2	4.0	-1	2/2	1	0						215
215	215	215	215a	1713/2	4.0	-1	2/2	1	0						216
216	216	216	216a	1721/2	4.0	-1	2/2	1	0						217
217	217	217	217a	1729/2	4.0	-1	2/2	1	0						218
218	218	218	218a	1737/2	4.0	-1	2/2	1	0				line		219
219	219	219	219a	1745/2	4.0	-1	2/2	1	0						220
220	220	220	220a	1753/2	4.0	-1	2/2	1	0						221
221	221	221	221a	1761/2	4.0	-1	2/2	1	0						222
222	222	222	222a	1769/2	4.0	-1	2/2	1	0						223
223	223	223	223a	1777/2	4.0	-1	2/2	1	0						224
224	224	224	224a	1785/2	4.0	-1	2/2	1	0				line		225
225	225	225	225a	1793/2	4.0	-1	2/2	1	0						226
226	226	226	226a	1801/2	4.0	-1	2/2	1	0						227
227	227	227	227a	1809/2	4.0	-1	2/2	1	0						228
228	228	228	228a	1817/2	4.0	-1	2/2	1	0						229
229	229	229	229a	1825/2	4.0	-1	2/2	1	0						230
230	230	230	230a	1833/2	4.0	-1	2/2	1	0				line		231
231	231	231	231a	1841/2	4.0	-1	2/2	1	0						232
232	232	232	232a	1849/2	4.0	-1	2/2	1	0						233
233	233	233	233a	1857/2	4.0	-1	2/2	1	0						234
234	234	234	234a	1865/2	4.0	-1	2/2	1	0						235
235	235	235	235a	1873/2	4.0	-1	2/2	1	0						236
236	236	236	236a	1881/2	4.0	-1	2/2	1	0				line		237
237	237	237	237a	1889/2	4.0	-1	2/2	1	0						238
238	238	238	238a	1897/2	4.0	-1	2/2	1	0						239
239	239	239	239a	1905/2	4.0	-1	2/2	1	0						240
240	240	240	240a	1913/2	4.0	-1	2/2	1	0				line		241
241	241	241	241a	1921/2	4.0	-1	2/2	1	0						242
242	242	242	242a	1929/2	4.0	-1	2/2	1	0						243
243	243	243	243a	1937/2	4.0	-1	2/2	1	0						244
244	244	244	244a	1945/2	4.0	-1	2/2	1	0			double	line		245
245	245	245	245a	1953/2	4.0	-1	2/2	1	0						246
246	246	246	246a	1961/2	4.0	-1	2/2	1	0						247
247	247	247	247a	1969/2	4.0	-1	2/2	1	0						248
248	248	248	248a	1977/2	4.0	-1	2/2	1	0						249
249	249	249	249a	1985/2	4.0	-1	2/2	1	0						250
250	250	250	250a	1993/2	4.0	-1	2/2	1	0				line		251
251	251	251	251a	2001/2	4.0	-1	2/2	1	0						252
252	252	252	252a	2009/2	4.0	-1	2/2	1	0						253
253	253	253	253a	2017/2	4.0	-1	2/2	1	0						254
254	254	254	254a	2025/2	4.0	-1	2/2	1	0						255
255	255	255	255a	2033/2	4.0	-1	2/2	1	0						256
256	256	256	256a	2041/2	4.0	-1	2/2	1	0				line		257
257	257	257	257a	2049/2	4.0	-1	2/2	1	0						258
258	258	258	258a	2057/2	4.0	-1	2/2	1	0						259
259	259	259	259a	2065/2	4.0	-1	2/2	1	0						260
260	260	260	260a	2073/2	4.0	-1	2/2	1	0			double			261
261	261	261	261a	2081/2	4.0	-1	2/2	1	0						262
262	262	262	262a	2089/2	4.0	-1	2/2	1	0				line		263
263	263	263	263a	2097/2	4.0	-1	2/2	1	0						264
264	264	264	264a	2105/2	4.0	-1	2/2	1	0						265
265	265	265	265a	2113/2	4.0	-1	2/2	1	0						266
266	266	266	266a	2121/2	4.0	-1	2/2	1	0						267
267	267	267	267a	2129/2	4.0	-1	2/2	1	0				line		268
268	268	268	268a	2137/2	4.0	-1	2/2	1	0						269
269	269	269	269a	2145/2	4.0	-1	2/2	1	0						270
270	270	270	270a	2153/2	4.0	-1	2/2	1	0						271
271	271	271	271a	2161/2	4.0	-1	2/2	1	0						272
272	272	272	272a	2169/2	4.0	-1	2/2	1	0				line		273
273	273	273	273a	2177/2	4.0	-1	2/2	1	0						274
274	274	274	274a	2185/2	4.0	-1	2/2	1	0						275
275	275	275	275a	2193/2	4.0	-1	2/2	1	0						276
276	276	276	276a	2201/2	4.0	-1	2/2	1	0						277
277	277	277	277a	2209/2	4.0	-1	2/2	1	0				line		278
278	278	278	278a	2217/2	4.0	-1	2/2	1	0						279
279	279	279	279a	2225/2	4.0	-1	2/2	1	0						280
280	280	280	280a	2233/2	4.0	-1	2/2	1	0						281
281	281	281	281a	2241/2	4.0	-1	2/2	1	0						282
282	282	282	282a	2249/2	4.0	-1	2/2	1	0				line		283
283	283	283	283a	2257/2	4.0	-1	2/2	1	0						284
284	284	284	284a	2265/2	4.0	-1	2/2	1	0						285
285	285	285	285a	2273/2	4.0	-1	2/2	1	0						286
286	286	286	286a	2281/2	4.0	-1	2/2	1	0						287
287	287	287	287a	2289/2	4.0	-1	2/2	1	0				line		288
288	288	288	288a	2297/2	4.0	-1	2/2	1	0						289
289	289	289	289a	2305/2	4.0	-1	2/2	1	0						290
290	290	290	290a	2313/2	4.0	-1	2/2	1	0						291
291	291	291	291a	2321/2	4.0	-1	2/2	1	0						292
292	292	292	292a	2329/2	4.0	-1	2/2	1	0				line		293
293	293	293	293a	2337/2	4.0	-1	2/2	1	0						294
294	294	294	294a	2345/2	4.0	-1	2/2	1	0						295
295	295	295	295a	2353/2	4.0	-1	2/2	1	0						296
296	296	296	296a	2361/2	4.0	-1	2/2	1	0				line		297
297	297	297	297a	2369/2	4.0	-1	2/2	1	0						298
298	298	298	298a	2377/2	4.0	-1	2/2	1	0						299
299	299	299	299a	2385/2	4.0	-1	2/2	1	0						300
300	300	300	300a	2393/2	4.0	-1	2/2	1	0						301
301	301	301	301a	2401/2	4.0	-1	2/2	1	0						302
302	302	302	302a	2409/2	4.0	-1	2/2	1	0						303
303	303	303	303a	2417/2	4.0	-1	2/2	1	0						304
304	304	304	304a	2425/2	4.0	-1	2/2	1	0						305
305	305	305	305a	2433/2	4.0	-1	2/2	1	0						306
306	306	306	306a	2441/2	4.0	-1	2/2	1	0				line		307
307	307	307	307a	2449/2	4.0	-1	2/2	1	0						308
308	308	308	308a	2457/2	4.0	-1	2/2	1	0						309
309	309	309	309a	2465/2	4.0	-1	2/2	1	0						310
310	310	310	310a	2473/2	4.0	-1	2/2	1	0						311
311	311	311	311a	2481/2	4.0	-1	2/2	1	0						312
312	312	312	312a	2489/2	4.0	-1	2/2	1	0						313
313	313	313	313a	2497/2	4.0	-1	2/2	1	0						314
314	314	314	314a	2505/2	4.0	-1	2/2	1	0				line		315
315	315	315	315a	2513/2	4.0	-1	2/2	1	0						316
316	316	316	316a	2521/2	4.0	-1	2/2	1	0						317
317	317	317	317a	2529/2	4.0	-1	2/2	1	0						318
318	318	318	318a	2537/2	4.0	-1	2/2	1	0						319
319	319	319	319a	2545/2	4.0	-1	2/2	1	0						320
320	320	320	320a	2553/2	4.0	-1	2/2	1	0				line		321
321	321	321	321a	2561/2	4.0	-1	2/2	1	0						322
322	322	322	322a	2569/2	4.0	-1	2/2	1	0						323
323	323	323	323a	2577/2	4.0	-1	2/2	1	0						324
324	324	324	324a	2585/2	4.0	-1	2/2	1	0						325
325	325	325	325a	2593/2	4.0	-1	2/2	1	0						326
326	326	326	326a	2601/2	4.0	-1	2/2	1	0				line		327
327	327	327	327a	2609/2	4.0	-1	2/2	1	0						328
328	328	328	328a	2617/2	4.0	-1	2/2	1	0						329
329	329	329	329a	2625/2	4.0	-1	2/2	1	0						330
330	330	330	330a	2633/2	4.0	-1	2/2	1	0						331
331	331	331	331a	2641/2	4.0	-1	2/2	1	0						332
332	332	332	332a	2649/2	4.0	-1	2/2	1	0						333
333	333	333	333a	2657/2	4.0	-1	2/2	1	0				line		334
334	334	334	334a	2665/2	4.0	-1	2/2	1	0						335
335	335	335	335a	2673/2	4.0	-1	2/2	1	0						336
336	336	336	336a	2681/2	4.0	-1	2/2	1	0						337
337	337	337	337a	2689/2	6.0	-1	2/2	3/2	0						338
338	338	338	338a	2701/2	4.0	-1	2/2	1	0				line		339
339	339	339	339a	2709/2	4.0	-1	2/2	1	0						340
340	340	340	340a	2717/2	4.0	-1	2/2	1	0						341
341	341	341	341a	2725/2	4.0	-1	2/2	1	0						342
342	342	342	342a	2733/2	4.0	-1	2/2	1	0						343
343	343	343	343a	2741/2	4.0	-1	2/2	1	0						344
344	344	344	344a	2749/2	4.0	-1	2/2	1	0				line		345
345	345	345	345a	2757/2	4.0	-1	2/2	1	0						346
346	346	346	346a	2765/2	4.0	-1	2/2	1	0						347
347	347	347	347a	2773/2	4.0	-1	2/2	1	0						348
348	348	348	348a	2781/2	4.0	-1	2/2	1	0						349
349	349	349	349a	2789/2	4.0	-1	2/2	1	0						350
350	350	350	350a	2797/2	4.0	-1	2/2	1	0				line		351
351	351	351	351a	2805/2	4.0	-1	2/2	1	0						352
352	352	352	352a	2813/2	4.0	-1	2/2	1	0			double			353
353	353	353	353a	2821/2	4.0	-1	2/2	1	0						354
354	354	354	354a	2829/2	4.0	-1	2/2	1	0				line		355
355	355	355	355a	2837/2	4.0	-1	2/2	1	0						356
356	356	356	356a	2845/2	4.0	-1	2/2	1	0						357
357	357	357	357a	2853/2	4.0	-1	2/2	1	0				line		358
358	358	358	358a	2861/2	4.0	-1	2/2	1	0						359
359	359	359	359a	2869/2	4.0	-1	2/2	1	0						360
360	360	360	360a	2877/2	4.0	-1	2/2	1	0				line		361
361	361	361	361a	2885/2	4.0	-1	2/2	1	0						362
362	362	362	362a	2893/2	4.0	-1	2/2	1	0						363
363	363	363	363a	2901/2	4.0	-1	2/2	1	0						364
364	364	364	364a	2909/2	4.0	-1	2/2	1	0				line		365
365	365	365	365a	2917/2	4.0	-1	2/2	1	0						366
366	366	366	366a	2925/2	4.0	-1	2/2	1	0						367
367	367	367	367a	2933/2	4.0	-1	2/2	1	0						368
368	368	368	368a	2941/2	4.0	-1	2/2	1	0				line		369
369	369	369	369a	2949/2	4.0	-1	2/2	1	0						370
370	370	370	370a	2957/2	4.0	-1	2/2	1	0						371
371	371	371	371a	2965/2	4.0	-1	2/2	1	0						372
372	372	372	372a	2973/2	4.0	-1	2/2	1	0						373
373	373	373	373a	2981/2	4.0	-1	2/2	1	0						374
374	374	374	374a	2989/2	4.0	-1	2/2	1	0					lastMeasure	-1
