mc	mn	mc_playthrough	mn_playthrough	quarterbeats	duration_qb	keysig	timesig	act_dur	mc_offset	volta	numbering_offset	dont_count	barline	breaks	repeats	markers	jump_bwd	jump_fwd	play_until	next
1	0	1	0a	0	1.0	-3	4/4	1/4	3/4			1			firstMeasure					2
2	1	2	1a	1	4.0	-3	4/4	1	0						start					3
3	2	3	2a	5	4.0	-3	4/4	1	0											4
4	3	4	3a	9	4.0	-3	4/4	1	0											5
5	4	5	4a	13	4.0	-3	4/4	1	0											6
6	5	6	5a	17	4.0	-3	4/4	1	0											7
7	6	7	6a	21	4.0	-3	4/4	1	0					line						8
8	7	8	7a	25	4.0	-3	4/4	1	0											9
9	8	9	8a	29	4.0	-3	4/4	1	0											10
10	9	10	9a	33	4.0	-3	4/4	1	0											11
11	10	11	10a	37	4.0	-3	4/4	1	0											12
12	11	12	11a	41	4.0	-3	4/4	1	0											13
13	12	13	12a	45	4.0	-3	4/4	1	0											14
14	13	14	13a	49	4.0	-3	4/4	1	0											15
15	14	15	14a	53	4.0	-3	4/4	1	0					line						16
16	15	16	15a	57	4.0	-3	4/4	1	0											17
17	16	17	16a	61	4.0	-3	4/4	1	0											18
18	17	18	17a	65	4.0	-3	4/4	1	0											19
19	18	19	18a	69	4.0	-3	4/4	1	0											20
20	19	20	19a	73	4.0	-3	4/4	1	0											21
21	20	21	20a	77	4.0	-3	4/4	1	0											22
22	21	22	21a	81	4.0	-3	4/4	1	0											23
23	22	23	22a	85	4.0	-3	4/4	1	0											24
24	23	24	23a	89	4.0	-3	4/4	1	0					line						25
25	24	25	24a	93	4.0	-3	4/4	1	0											26
26	25	26	25a	97	4.0	-3	4/4	1	0											27
27	26	27	26a	101	4.0	-3	4/4	1	0											28
28	27	28	27a	105	4.0	-3	4/4	1	0											29
29	28	29	28a	109	4.0	-3	4/4	1	0											30
30	29	30	29a	113	4.0	-3	4/4	1	0											31
31	30	31	30a	117	4.0	-3	4/4	1	0											32
32	31	32	31a	121	4.0	-3	4/4	1	0					line						33
33	32	33	32a	125	4.0	-3	4/4	1	0											34
34	33	34	33a	129	4.0	-3	4/4	1	0											35
35	34	35	34a	133	4.0	-3	4/4	1	0											36
36	35	36	35a	137	4.0	-3	4/4	1	0											37
37	36	37	36a	141	4.0	-3	4/4	1	0											38
38	37	38	37a	145	4.0	-3	4/4	1	0											39
39	38	39	38a	149	4.0	-3	4/4	1	0					line						40
40	39	40	39a	153	4.0	-3	4/4	1	0											41
41	40	41	40a	157	4.0	-3	4/4	1	0											42
42	41	42	41a	161	4.0	-3	4/4	1	0											43
43	42	43	42a	165	4.0	-3	4/4	1	0											44
44	43	44	43a	169	4.0	-3	4/4	1	0											45
45	44	45	44a	173	4.0	-3	4/4	1	0											46
46	45	46	45a	177	4.0	-3	4/4	1	0					line						47
47	46	47	46a	181	4.0	-3	4/4	1	0											48
48	47	48	47a	185	4.0	-3	4/4	1	0											49
49	48	49	48a	189	4.0	-3	4/4	1	0											50
50	49	50	49a	193	4.0	-3	4/4	1	0											51
51	50	51	50a	197	4.0	-3	4/4	1	0											52
52	51	52	51a	201	4.0	-3	4/4	1	0					line						53
53	52	53	52a	205	4.0	-3	4/4	1	0											54
54	53	54	53a	209	4.0	-3	4/4	1	0											55
55	54	55	54a	213	4.0	-3	4/4	1	0											56
56	55	56	55a	217	4.0	-3	4/4	1	0											57
57	56	57	56a	221	4.0	-3	4/4	1	0											58
58	57	58	57a	225	4.0	-3	4/4	1	0											59
59	58	59	58a	229	4.0	-3	4/4	1	0											60
60	59	60	59a	233	4.0	-3	4/4	1	0					line						61
61	60	61	60a	237	4.0	-3	4/4	1	0											62
62	61	62	61a	241	4.0	-3	4/4	1	0											63
63	62	63	62a	245	4.0	-3	4/4	1	0											64
64	63	64	63a	249	4.0	-3	4/4	1	0											65
65	64	65	64a	253	4.0	-3	4/4	1	0											66
66	65	66	65a	257	4.0	-3	4/4	1	0											67
67	66	67	66a	261	4.0	-3	4/4	1	0					page						68
68	67	68	67a	265	4.0	-3	4/4	1	0											69
69	68	69	68a	269	4.0	-3	4/4	1	0											70
70	69	70	69a	273	4.0	-3	4/4	1	0											71
71	70	71	70a	277	4.0	-3	4/4	1	0											72
72	71	72	71a	281	4.0	-3	4/4	1	0											73
73	72	73	72a	285	4.0	-3	4/4	1	0											74
74	73	74	73a	289	4.0	-3	4/4	1	0											75
75	74	75	74a	293	4.0	-3	4/4	1	0											76
76	75	76	75a	297	4.0	-3	4/4	1	0					line						77
77	76	77	76a	301	4.0	-3	4/4	1	0											78, 79
78	76	78	76a	305	4.0	-3	4/4	1	0	1		1			end					2
2	1	79	1b	309	4.0	-3	4/4	1	0						start					3
3	2	80	2b	313	4.0	-3	4/4	1	0											4
4	3	81	3b	317	4.0	-3	4/4	1	0											5
5	4	82	4b	321	4.0	-3	4/4	1	0											6
6	5	83	5b	325	4.0	-3	4/4	1	0											7
7	6	84	6b	329	4.0	-3	4/4	1	0					line						8
8	7	85	7b	333	4.0	-3	4/4	1	0											9
9	8	86	8b	337	4.0	-3	4/4	1	0											10
10	9	87	9b	341	4.0	-3	4/4	1	0											11
11	10	88	10b	345	4.0	-3	4/4	1	0											12
12	11	89	11b	349	4.0	-3	4/4	1	0											13
13	12	90	12b	353	4.0	-3	4/4	1	0											14
14	13	91	13b	357	4.0	-3	4/4	1	0											15
15	14	92	14b	361	4.0	-3	4/4	1	0					line						16
16	15	93	15b	365	4.0	-3	4/4	1	0											17
17	16	94	16b	369	4.0	-3	4/4	1	0											18
18	17	95	17b	373	4.0	-3	4/4	1	0											19
19	18	96	18b	377	4.0	-3	4/4	1	0											20
20	19	97	19b	381	4.0	-3	4/4	1	0											21
21	20	98	20b	385	4.0	-3	4/4	1	0											22
22	21	99	21b	389	4.0	-3	4/4	1	0											23
23	22	100	22b	393	4.0	-3	4/4	1	0											24
24	23	101	23b	397	4.0	-3	4/4	1	0					line						25
25	24	102	24b	401	4.0	-3	4/4	1	0											26
26	25	103	25b	405	4.0	-3	4/4	1	0											27
27	26	104	26b	409	4.0	-3	4/4	1	0											28
28	27	105	27b	413	4.0	-3	4/4	1	0											29
29	28	106	28b	417	4.0	-3	4/4	1	0											30
30	29	107	29b	421	4.0	-3	4/4	1	0											31
31	30	108	30b	425	4.0	-3	4/4	1	0											32
32	31	109	31b	429	4.0	-3	4/4	1	0					line						33
33	32	110	32b	433	4.0	-3	4/4	1	0											34
34	33	111	33b	437	4.0	-3	4/4	1	0											35
35	34	112	34b	441	4.0	-3	4/4	1	0											36
36	35	113	35b	445	4.0	-3	4/4	1	0											37
37	36	114	36b	449	4.0	-3	4/4	1	0											38
38	37	115	37b	453	4.0	-3	4/4	1	0											39
39	38	116	38b	457	4.0	-3	4/4	1	0					line						40
40	39	117	39b	461	4.0	-3	4/4	1	0											41
41	40	118	40b	465	4.0	-3	4/4	1	0											42
42	41	119	41b	469	4.0	-3	4/4	1	0											43
43	42	120	42b	473	4.0	-3	4/4	1	0											44
44	43	121	43b	477	4.0	-3	4/4	1	0											45
45	44	122	44b	481	4.0	-3	4/4	1	0											46
46	45	123	45b	485	4.0	-3	4/4	1	0					line						47
47	46	124	46b	489	4.0	-3	4/4	1	0											48
48	47	125	47b	493	4.0	-3	4/4	1	0											49
49	48	126	48b	497	4.0	-3	4/4	1	0											50
50	49	127	49b	501	4.0	-3	4/4	1	0											51
51	50	128	50b	505	4.0	-3	4/4	1	0											52
52	51	129	51b	509	4.0	-3	4/4	1	0					line						53
53	52	130	52b	513	4.0	-3	4/4	1	0											54
54	53	131	53b	517	4.0	-3	4/4	1	0											55
55	54	132	54b	521	4.0	-3	4/4	1	0											56
56	55	133	55b	525	4.0	-3	4/4	1	0											57
57	56	134	56b	529	4.0	-3	4/4	1	0											58
58	57	135	57b	533	4.0	-3	4/4	1	0											59
59	58	136	58b	537	4.0	-3	4/4	1	0											60
60	59	137	59b	541	4.0	-3	4/4	1	0					line						61
61	60	138	60b	545	4.0	-3	4/4	1	0											62
62	61	139	61b	549	4.0	-3	4/4	1	0											63
63	62	140	62b	553	4.0	-3	4/4	1	0											64
64	63	141	63b	557	4.0	-3	4/4	1	0											65
65	64	142	64b	561	4.0	-3	4/4	1	0											66
66	65	143	65b	565	4.0	-3	4/4	1	0											67
67	66	144	66b	569	4.0	-3	4/4	1	0					page						68
68	67	145	67b	573	4.0	-3	4/4	1	0											69
69	68	146	68b	577	4.0	-3	4/4	1	0											70
70	69	147	69b	581	4.0	-3	4/4	1	0											71
71	70	148	70b	585	4.0	-3	4/4	1	0											72
72	71	149	71b	589	4.0	-3	4/4	1	0											73
73	72	150	72b	593	4.0	-3	4/4	1	0											74
74	73	151	73b	597	4.0	-3	4/4	1	0											75
75	74	152	74b	601	4.0	-3	4/4	1	0											76
76	75	153	75b	605	4.0	-3	4/4	1	0					line						77
77	76	154	76b	609	4.0	-3	4/4	1	0											78, 79
79	77	155	77a	613	4.0	-3	4/4	1	0	2										80
80	78	156	78a	617	4.0	-3	4/4	1	0											81
81	79	157	79a	621	4.0	-3	4/4	1	0											82
82	80	158	80a	625	4.0	-3	4/4	1	0											83
83	81	159	81a	629	4.0	-3	4/4	1	0											84
84	82	160	82a	633	4.0	-3	4/4	1	0					line						85
85	83	161	83a	637	4.0	-3	4/4	1	0											86
86	84	162	84a	641	4.0	-3	4/4	1	0											87
87	85	163	85a	645	4.0	-3	4/4	1	0											88
88	86	164	86a	649	4.0	-3	4/4	1	0											89
89	87	165	87a	653	4.0	-3	4/4	1	0											90
90	88	166	88a	657	4.0	-3	4/4	1	0											91
91	89	167	89a	661	4.0	-3	4/4	1	0					line						92
92	90	168	90a	665	4.0	-3	4/4	1	0											93
93	91	169	91a	669	4.0	-3	4/4	1	0											94
94	92	170	92a	673	4.0	-3	4/4	1	0											95
95	93	171	93a	677	4.0	-3	4/4	1	0											96
96	94	172	94a	681	4.0	-3	4/4	1	0											97
97	95	173	95a	685	4.0	-3	4/4	1	0											98
98	96	174	96a	689	4.0	-3	4/4	1	0					line						99
99	97	175	97a	693	4.0	-3	4/4	1	0											100
100	98	176	98a	697	4.0	-3	4/4	1	0											101
101	99	177	99a	701	4.0	-3	4/4	1	0											102
102	100	178	100a	705	4.0	-3	4/4	1	0											103
103	101	179	101a	709	4.0	-3	4/4	1	0											104
104	102	180	102a	713	4.0	-3	4/4	1	0											105
105	103	181	103a	717	4.0	-3	4/4	1	0					line						106
106	104	182	104a	721	4.0	-3	4/4	1	0											107
107	105	183	105a	725	4.0	-3	4/4	1	0											108
108	106	184	106a	729	4.0	-3	4/4	1	0											109
109	107	185	107a	733	4.0	-3	4/4	1	0											110
110	108	186	108a	737	4.0	-3	4/4	1	0											111
111	109	187	109a	741	4.0	-3	4/4	1	0											112
112	110	188	110a	745	4.0	-3	4/4	1	0											113
113	111	189	111a	749	4.0	-3	4/4	1	0											114
114	112	190	112a	753	4.0	-3	4/4	1	0					line						115
115	113	191	113a	757	4.0	-3	4/4	1	0											116
116	114	192	114a	761	4.0	-3	4/4	1	0											117
117	115	193	115a	765	4.0	-3	4/4	1	0											118
118	116	194	116a	769	4.0	-3	4/4	1	0											119
119	117	195	117a	773	4.0	-3	4/4	1	0											120
120	118	196	118a	777	4.0	-3	4/4	1	0											121
121	119	197	119a	781	4.0	-3	4/4	1	0					line						122
122	120	198	120a	785	4.0	-3	4/4	1	0											123
123	121	199	121a	789	4.0	-3	4/4	1	0											124
124	122	200	122a	793	4.0	-3	4/4	1	0											125
125	123	201	123a	797	4.0	-3	4/4	1	0											126
126	124	202	124a	801	4.0	-3	4/4	1	0											127
127	125	203	125a	805	4.0	-3	4/4	1	0											128
128	126	204	126a	809	4.0	-3	4/4	1	0											129
129	127	205	127a	813	4.0	-3	4/4	1	0					line						130
130	128	206	128a	817	4.0	-3	4/4	1	0											131
131	129	207	129a	821	4.0	-3	4/4	1	0											132
132	130	208	130a	825	4.0	-3	4/4	1	0											133
133	131	209	131a	829	4.0	-3	4/4	1	0											134
134	132	210	132a	833	4.0	-3	4/4	1	0											135
135	133	211	133a	837	4.0	-3	4/4	1	0											136
136	134	212	134a	841	4.0	-3	4/4	1	0					page						137
137	135	213	135a	845	4.0	-3	4/4	1	0											138
138	136	214	136a	849	4.0	-3	4/4	1	0											139
139	137	215	137a	853	4.0	-3	4/4	1	0											140
140	138	216	138a	857	4.0	-3	4/4	1	0											141
141	139	217	139a	861	4.0	-3	4/4	1	0											142
142	140	218	140a	865	4.0	-3	4/4	1	0											143
143	141	219	141a	869	4.0	-3	4/4	1	0					line						144
144	142	220	142a	873	4.0	-3	4/4	1	0											145
145	143	221	143a	877	4.0	-3	4/4	1	0											146
146	144	222	144a	881	4.0	-3	4/4	1	0											147
147	145	223	145a	885	4.0	-3	4/4	1	0											148
148	146	224	146a	889	4.0	-3	4/4	1	0											149
149	147	225	147a	893	4.0	-3	4/4	1	0											150
150	148	226	148a	897	4.0	-3	4/4	1	0											151
151	149	227	149a	901	4.0	-3	4/4	1	0					line						152
152	150	228	150a	905	4.0	-3	4/4	1	0											153
153	151	229	151a	909	4.0	-3	4/4	1	0											154
154	152	230	152a	913	4.0	-3	4/4	1	0											155
155	153	231	153a	917	4.0	-3	4/4	1	0											156
156	154	232	154a	921	4.0	-3	4/4	1	0											157
157	155	233	155a	925	4.0	-3	4/4	1	0											158
158	156	234	156a	929	4.0	-3	4/4	1	0											159
159	157	235	157a	933	4.0	-3	4/4	1	0											160
160	158	236	158a	937	4.0	-3	4/4	1	0					line						161
161	159	237	159a	941	4.0	-3	4/4	1	0											162
162	160	238	160a	945	4.0	-3	4/4	1	0											163
163	161	239	161a	949	4.0	-3	4/4	1	0											164
164	162	240	162a	953	4.0	-3	4/4	1	0											165
165	163	241	163a	957	4.0	-3	4/4	1	0											166
166	164	242	164a	961	4.0	-3	4/4	1	0											167
167	165	243	165a	965	4.0	-3	4/4	1	0					page						168
168	166	244	166a	969	4.0	-3	4/4	1	0											169
169	167	245	167a	973	4.0	-3	4/4	1	0											170
170	168	246	168a	977	4.0	-3	4/4	1	0											171
171	169	247	169a	981	4.0	-3	4/4	1	0											172
172	170	248	170a	985	4.0	-3	4/4	1	0											173
173	171	249	171a	989	4.0	-3	4/4	1	0											174
174	172	250	172a	993	4.0	-3	4/4	1	0					line						175
175	173	251	173a	997	4.0	-3	4/4	1	0											176
176	174	252	174a	1001	4.0	-3	4/4	1	0											177
177	175	253	175a	1005	4.0	-3	4/4	1	0											178
178	176	254	176a	1009	4.0	-3	4/4	1	0											179
179	177	255	177a	1013	4.0	-3	4/4	1	0					line						180
180	178	256	178a	1017	4.0	-3	4/4	1	0											181
181	179	257	179a	1021	4.0	-3	4/4	1	0											182
182	180	258	180a	1025	4.0	-3	4/4	1	0											183
183	181	259	181a	1029	4.0	-3	4/4	1	0											184
184	182	260	182a	1033	4.0	-3	4/4	1	0											185
185	183	261	183a	1037	4.0	-3	4/4	1	0											186
186	184	262	184a	1041	4.0	-3	4/4	1	0					line						187
187	185	263	185a	1045	4.0	-3	4/4	1	0											188
188	186	264	186a	1049	4.0	-3	4/4	1	0											189
189	187	265	187a	1053	4.0	-3	4/4	1	0											190
190	188	266	188a	1057	4.0	-3	4/4	1	0											191
191	189	267	189a	1061	4.0	-3	4/4	1	0											192
192	190	268	190a	1065	4.0	-3	4/4	1	0					page						193
193	191	269	191a	1069	4.0	-3	4/4	1	0											194
194	192	270	192a	1073	4.0	-3	4/4	1	0											195
195	193	271	193a	1077	4.0	-3	4/4	1	0											196
196	194	272	194a	1081	4.0	-3	4/4	1	0											197
197	195	273	195a	1085	4.0	-3	4/4	1	0											198
198	196	274	196a	1089	4.0	-3	4/4	1	0											199
199	197	275	197a	1093	4.0	-3	4/4	1	0											200
200	198	276	198a	1097	4.0	-3	4/4	1	0					line						201
201	199	277	199a	1101	4.0	-3	4/4	1	0											202
202	200	278	200a	1105	4.0	-3	4/4	1	0											203
203	201	279	201a	1109	4.0	-3	4/4	1	0											204
204	202	280	202a	1113	4.0	-3	4/4	1	0											205
205	203	281	203a	1117	4.0	-3	4/4	1	0											206
206	204	282	204a	1121	4.0	-3	4/4	1	0											207
207	205	283	205a	1125	4.0	-3	4/4	1	0											208
208	206	284	206a	1129	4.0	-3	4/4	1	0					line						209
209	207	285	207a	1133	4.0	-3	4/4	1	0											210
210	208	286	208a	1137	4.0	-3	4/4	1	0											211
211	209	287	209a	1141	4.0	-3	4/4	1	0											212
212	210	288	210a	1145	4.0	-3	4/4	1	0											213
213	211	289	211a	1149	4.0	-3	4/4	1	0											214
214	212	290	212a	1153	4.0	-3	4/4	1	0					line						215
215	213	291	213a	1157	4.0	-3	4/4	1	0											216
216	214	292	214a	1161	4.0	-3	4/4	1	0											217
217	215	293	215a	1165	4.0	-3	4/4	1	0											218
218	216	294	216a	1169	4.0	-3	4/4	1	0											219
219	217	295	217a	1173	4.0	-3	4/4	1	0											220
220	218	296	218a	1177	4.0	-3	4/4	1	0											221
221	219	297	219a	1181	3.0	-3	4/4	3/4	0				end	page & section						222
222	220	298	220a	1184	1.5	0	3/8	3/8	0											223
223	221	299	221a	2371/2	1.5	0	3/8	3/8	0											224
224	222	300	222a	1187	1.5	0	3/8	3/8	0											225
225	223	301	223a	2377/2	1.5	0	3/8	3/8	0											226
226	224	302	224a	1190	1.5	0	3/8	3/8	0											227
227	225	303	225a	2383/2	1.5	0	3/8	3/8	0											228
228	226	304	226a	1193	1.5	0	3/8	3/8	0											229
229	227	305	227a	2389/2	1.5	0	3/8	3/8	0											230
230	228	306	228a	1196	1.5	0	3/8	3/8	0											231
231	229	307	229a	2395/2	1.5	0	3/8	3/8	0					line						232
232	230	308	230a	1199	1.5	0	3/8	3/8	0											233
233	231	309	231a	2401/2	1.5	0	3/8	3/8	0											234
234	232	310	232a	1202	1.5	0	3/8	3/8	0											235
235	233	311	233a	2407/2	1.5	0	3/8	3/8	0											236
236	234	312	234a	1205	1.5	0	3/8	3/8	0											237
237	235	313	235a	2413/2	1.5	0	3/8	3/8	0											238
238	236	314	236a	1208	1.5	0	3/8	3/8	0											239
239	237	315	237a	2419/2	1.5	0	3/8	3/8	0											240
240	238	316	238a	1211	1.5	0	3/8	3/8	0											241
241	239	317	239a	2425/2	1.5	0	3/8	3/8	0					line						242
242	240	318	240a	1214	1.5	0	3/8	3/8	0											243
243	241	319	241a	2431/2	1.5	0	3/8	3/8	0											244
244	242	320	242a	1217	1.5	0	3/8	3/8	0											245
245	243	321	243a	2437/2	1.5	0	3/8	3/8	0											246
246	244	322	244a	1220	1.5	0	3/8	3/8	0											247
247	245	323	245a	2443/2	1.5	0	3/8	3/8	0											248
248	246	324	246a	1223	1.5	0	3/8	3/8	0											249
249	247	325	247a	2449/2	1.5	0	3/8	3/8	0											250
250	248	326	248a	1226	1.5	0	3/8	3/8	0					line						251
251	249	327	249a	2455/2	1.5	0	3/8	3/8	0											252
252	250	328	250a	1229	1.5	0	3/8	3/8	0											253
253	251	329	251a	2461/2	1.5	0	3/8	3/8	0											254
254	252	330	252a	1232	1.5	0	3/8	3/8	0											255
255	253	331	253a	2467/2	1.5	0	3/8	3/8	0											256
256	254	332	254a	1235	1.5	0	3/8	3/8	0											257
257	255	333	255a	2473/2	1.5	0	3/8	3/8	0											258
258	256	334	256a	1238	1.5	0	3/8	3/8	0											259
259	257	335	257a	2479/2	1.5	0	3/8	3/8	0											260
260	258	336	258a	1241	1.5	0	3/8	3/8	0											261
261	259	337	259a	2485/2	1.5	0	3/8	3/8	0					page						262
262	260	338	260a	1244	1.5	0	3/8	3/8	0											263
263	261	339	261a	2491/2	1.5	0	3/8	3/8	0											264
264	262	340	262a	1247	1.5	0	3/8	3/8	0											265
265	263	341	263a	2497/2	1.5	0	3/8	3/8	0											266
266	264	342	264a	1250	1.5	0	3/8	3/8	0											267
267	265	343	265a	2503/2	1.5	0	3/8	3/8	0											268
268	266	344	266a	1253	1.5	0	3/8	3/8	0											269
269	267	345	267a	2509/2	1.5	0	3/8	3/8	0											270
270	268	346	268a	1256	1.5	0	3/8	3/8	0											271
271	269	347	269a	2515/2	1.5	0	3/8	3/8	0					line						272
272	270	348	270a	1259	1.5	0	3/8	3/8	0											273
273	271	349	271a	2521/2	1.5	0	3/8	3/8	0											274
274	272	350	272a	1262	1.5	0	3/8	3/8	0											275
275	273	351	273a	2527/2	1.5	0	3/8	3/8	0											276
276	274	352	274a	1265	1.5	0	3/8	3/8	0											277
277	275	353	275a	2533/2	1.5	0	3/8	3/8	0											278
278	276	354	276a	1268	1.5	0	3/8	3/8	0											279
279	277	355	277a	2539/2	1.5	0	3/8	3/8	0											280
280	278	356	278a	1271	1.5	0	3/8	3/8	0											281
281	279	357	279a	2545/2	1.5	0	3/8	3/8	0											282
282	280	358	280a	1274	1.5	0	3/8	3/8	0					line						283
283	281	359	281a	2551/2	1.5	0	3/8	3/8	0											284
284	282	360	282a	1277	1.5	0	3/8	3/8	0											285
285	283	361	283a	2557/2	1.5	0	3/8	3/8	0											286
286	284	362	284a	1280	1.5	0	3/8	3/8	0											287
287	285	363	285a	2563/2	1.5	0	3/8	3/8	0											288
288	286	364	286a	1283	1.5	0	3/8	3/8	0											289
289	287	365	287a	2569/2	1.5	0	3/8	3/8	0											290
290	288	366	288a	1286	1.5	0	3/8	3/8	0											291
291	289	367	289a	2575/2	1.5	0	3/8	3/8	0											292
292	290	368	290a	1289	1.5	0	3/8	3/8	0											293
293	291	369	291a	2581/2	1.5	0	3/8	3/8	0					line						294
294	292	370	292a	1292	1.5	0	3/8	3/8	0											295
295	293	371	293a	2587/2	1.5	0	3/8	3/8	0											296
296	294	372	294a	1295	1.5	0	3/8	3/8	0											297
297	295	373	295a	2593/2	1.5	0	3/8	3/8	0											298
298	296	374	296a	1298	1.5	0	3/8	3/8	0											299
299	297	375	297a	2599/2	1.5	0	3/8	3/8	0											300
300	298	376	298a	1301	1.5	0	3/8	3/8	0											301
301	299	377	299a	2605/2	1.5	0	3/8	3/8	0											302
302	300	378	300a	1304	1.5	0	3/8	3/8	0											303
303	301	379	301a	2611/2	1.5	0	3/8	3/8	0					line	end					304
304	302	380	302a	1307	1.5	0	3/8	3/8	0											305
305	303	381	303a	2617/2	1.5	0	3/8	3/8	0											306
306	304	382	304a	1310	1.5	0	3/8	3/8	0											307
307	305	383	305a	2623/2	1.5	0	3/8	3/8	0											308
308	306	384	306a	1313	1.5	0	3/8	3/8	0											309
309	307	385	307a	2629/2	1.5	0	3/8	3/8	0											310
310	308	386	308a	1316	1.5	0	3/8	3/8	0											311
311	309	387	309a	2635/2	1.5	0	3/8	3/8	0											312
312	310	388	310a	1319	1.5	0	3/8	3/8	0											313
313	311	389	311a	2641/2	1.5	0	3/8	3/8	0											314
314	312	390	312a	1322	1.5	0	3/8	3/8	0											315
315	313	391	313a	2647/2	1.5	0	3/8	3/8	0					page						316
316	314	392	314a	1325	1.5	0	3/8	3/8	0											317
317	315	393	315a	2653/2	1.5	0	3/8	3/8	0											318
318	316	394	316a	1328	1.5	0	3/8	3/8	0											319
319	317	395	317a	2659/2	1.5	0	3/8	3/8	0											320
320	318	396	318a	1331	1.5	0	3/8	3/8	0											321
321	319	397	319a	2665/2	1.5	0	3/8	3/8	0											322
322	320	398	320a	1334	1.5	0	3/8	3/8	0											323
323	321	399	321a	2671/2	1.5	0	3/8	3/8	0											324
324	322	400	322a	1337	1.5	0	3/8	3/8	0											325
325	323	401	323a	2677/2	1.5	0	3/8	3/8	0					line						326
326	324	402	324a	1340	1.5	0	3/8	3/8	0											327
327	325	403	325a	2683/2	1.5	0	3/8	3/8	0											328
328	326	404	326a	1343	1.5	0	3/8	3/8	0											329
329	327	405	327a	2689/2	1.5	0	3/8	3/8	0											330
330	328	406	328a	1346	1.5	0	3/8	3/8	0											331
331	329	407	329a	2695/2	1.5	0	3/8	3/8	0											332
332	330	408	330a	1349	1.5	0	3/8	3/8	0											333
333	331	409	331a	2701/2	1.5	0	3/8	3/8	0											334
334	332	410	332a	1352	1.5	0	3/8	3/8	0											335
335	333	411	333a	2707/2	1.5	0	3/8	3/8	0											336
336	334	412	334a	1355	1.5	0	3/8	3/8	0					line						337
337	335	413	335a	2713/2	1.5	0	3/8	3/8	0											338
338	336	414	336a	1358	1.5	0	3/8	3/8	0											339
339	337	415	337a	2719/2	1.5	0	3/8	3/8	0											340
340	338	416	338a	1361	1.5	0	3/8	3/8	0											341
341	339	417	339a	2725/2	1.5	0	3/8	3/8	0											342
342	340	418	340a	1364	1.5	0	3/8	3/8	0											343
343	341	419	341a	2731/2	1.5	0	3/8	3/8	0											344
344	342	420	342a	1367	1.5	0	3/8	3/8	0											345
345	343	421	343a	2737/2	1.5	0	3/8	3/8	0											346
346	344	422	344a	1370	1.5	0	3/8	3/8	0											347
347	345	423	345a	2743/2	1.5	0	3/8	3/8	0											348
348	346	424	346a	1373	1.5	0	3/8	3/8	0											349
349	347	425	347a	2749/2	1.5	0	3/8	3/8	0											350
350	348	426	348a	1376	1.5	0	3/8	3/8	0					line						351
351	349	427	349a	2755/2	1.5	0	3/8	3/8	0											352
352	350	428	350a	1379	1.5	0	3/8	3/8	0											353
353	351	429	351a	2761/2	1.5	0	3/8	3/8	0											354
354	352	430	352a	1382	1.5	0	3/8	3/8	0											355
355	353	431	353a	2767/2	1.5	0	3/8	3/8	0											356
356	354	432	354a	1385	1.5	0	3/8	3/8	0											357
357	355	433	355a	2773/2	1.5	0	3/8	3/8	0											358
358	356	434	356a	1388	1.5	0	3/8	3/8	0											359
359	357	435	357a	2779/2	1.5	0	3/8	3/8	0											360
360	358	436	358a	1391	1.5	0	3/8	3/8	0											361
361	359	437	359a	2785/2	1.5	0	3/8	3/8	0											362
362	360	438	360a	1394	1.5	0	3/8	3/8	0											363
363	361	439	361a	2791/2	1.5	0	3/8	3/8	0											364
364	362	440	362a	1397	1.5	0	3/8	3/8	0											365
365	363	441	363a	2797/2	1.5	0	3/8	3/8	0					line						366
366	364	442	364a	1400	1.5	0	3/8	3/8	0											367
367	365	443	365a	2803/2	1.5	0	3/8	3/8	0											368
368	366	444	366a	1403	1.5	0	3/8	3/8	0											369
369	367	445	367a	2809/2	1.5	0	3/8	3/8	0											370
370	368	446	368a	1406	1.5	0	3/8	3/8	0											371
371	369	447	369a	2815/2	1.5	0	3/8	3/8	0											372
372	370	448	370a	1409	1.5	0	3/8	3/8	0											373
373	371	449	371a	2821/2	1.5	0	3/8	3/8	0											374
374	372	450	372a	1412	1.5	0	3/8	3/8	0											375
375	373	451	373a	2827/2	1.5	0	3/8	3/8	0					line						376
376	374	452	374a	1415	1.5	0	3/8	3/8	0											377
377	375	453	375a	2833/2	1.5	0	3/8	3/8	0											378
378	376	454	376a	1418	1.5	0	3/8	3/8	0											379
379	377	455	377a	2839/2	1.5	0	3/8	3/8	0											380
380	378	456	378a	1421	1.5	0	3/8	3/8	0											381
381	379	457	379a	2845/2	1.5	0	3/8	3/8	0											382
382	380	458	380a	1424	1.5	0	3/8	3/8	0											383
383	381	459	381a	2851/2	1.5	0	3/8	3/8	0											384
384	382	460	382a	1427	1.5	0	3/8	3/8	0					line						385
385	383	461	383a	2857/2	1.5	0	3/8	3/8	0											386
386	384	462	384a	1430	1.5	0	3/8	3/8	0											387
387	385	463	385a	2863/2	1.5	0	3/8	3/8	0											388
388	386	464	386a	1433	1.5	0	3/8	3/8	0											389
389	387	465	387a	2869/2	1.5	0	3/8	3/8	0											390
390	388	466	388a	1436	1.5	0	3/8	3/8	0											391
391	389	467	389a	2875/2	1.5	0	3/8	3/8	0											392
392	390	468	390a	1439	1.5	0	3/8	3/8	0											393
393	391	469	391a	2881/2	1.5	0	3/8	3/8	0					line						394
394	392	470	392a	1442	1.5	0	3/8	3/8	0											395
395	393	471	393a	2887/2	1.5	0	3/8	3/8	0											396
396	394	472	394a	1445	1.5	0	3/8	3/8	0											397
397	395	473	395a	2893/2	1.5	0	3/8	3/8	0											398
398	396	474	396a	1448	1.5	0	3/8	3/8	0											399
399	397	475	397a	2899/2	1.5	0	3/8	3/8	0											400
400	398	476	398a	1451	1.5	0	3/8	3/8	0											401
401	399	477	399a	2905/2	1.5	0	3/8	3/8	0											402
402	400	478	400a	1454	1.5	0	3/8	3/8	0											403
403	401	479	401a	2911/2	1.5	0	3/8	3/8	0					line						404
404	402	480	402a	1457	1.5	0	3/8	3/8	0											405
405	403	481	403a	2917/2	1.5	0	3/8	3/8	0											406
406	404	482	404a	1460	1.5	0	3/8	3/8	0											407
407	405	483	405a	2923/2	1.5	0	3/8	3/8	0											408
408	406	484	406a	1463	1.5	0	3/8	3/8	0											409
409	407	485	407a	2929/2	1.5	0	3/8	3/8	0											410
410	408	486	408a	1466	1.5	0	3/8	3/8	0											411
411	409	487	409a	2935/2	1.5	0	3/8	3/8	0											412
412	410	488	410a	1469	1.5	0	3/8	3/8	0											413
413	411	489	411a	2941/2	1.5	0	3/8	3/8	0											414
414	412	490	412a	1472	1.5	0	3/8	3/8	0					line						415
415	413	491	413a	2947/2	1.5	0	3/8	3/8	0											416
416	414	492	414a	1475	1.5	0	3/8	3/8	0											417
417	415	493	415a	2953/2	1.5	0	3/8	3/8	0											418
418	416	494	416a	1478	1.5	0	3/8	3/8	0											419
419	417	495	417a	2959/2	1.5	0	3/8	3/8	0											420
420	418	496	418a	1481	1.5	0	3/8	3/8	0											421
421	419	497	419a	2965/2	1.5	0	3/8	3/8	0											422
422	420	498	420a	1484	1.5	0	3/8	3/8	0											423
423	421	499	421a	2971/2	1.5	0	3/8	3/8	0					line						424
424	422	500	422a	1487	1.5	0	3/8	3/8	0											425
425	423	501	423a	2977/2	1.5	0	3/8	3/8	0											426
426	424	502	424a	1490	1.5	0	3/8	3/8	0											427
427	425	503	425a	2983/2	1.5	0	3/8	3/8	0											428
428	426	504	426a	1493	1.5	0	3/8	3/8	0											429
429	427	505	427a	2989/2	1.5	0	3/8	3/8	0											430
430	428	506	428a	1496	1.5	0	3/8	3/8	0											431
431	429	507	429a	2995/2	1.5	0	3/8	3/8	0											432
432	430	508	430a	1499	1.5	0	3/8	3/8	0											433
433	431	509	431a	3001/2	1.5	0	3/8	3/8	0											434
434	432	510	432a	1502	1.5	0	3/8	3/8	0					line						435
435	433	511	433a	3007/2	1.5	0	3/8	3/8	0											436
436	434	512	434a	1505	1.5	0	3/8	3/8	0											437
437	435	513	435a	3013/2	1.5	0	3/8	3/8	0											438
438	436	514	436a	1508	1.5	0	3/8	3/8	0											439
439	437	515	437a	3019/2	1.5	0	3/8	3/8	0											440
440	438	516	438a	1511	1.5	0	3/8	3/8	0											441
441	439	517	439a	3025/2	1.5	0	3/8	3/8	0											442
442	440	518	440a	1514	1.5	0	3/8	3/8	0											443
443	441	519	441a	3031/2	1.5	0	3/8	3/8	0											444
444	442	520	442a	1517	1.5	0	3/8	3/8	0					line						445
445	443	521	443a	3037/2	1.5	0	3/8	3/8	0											446
446	444	522	444a	1520	1.5	0	3/8	3/8	0											447
447	445	523	445a	3043/2	1.5	0	3/8	3/8	0											448
448	446	524	446a	1523	1.5	0	3/8	3/8	0											449
449	447	525	447a	3049/2	1.5	0	3/8	3/8	0											450
450	448	526	448a	1526	1.5	0	3/8	3/8	0											451
451	449	527	449a	3055/2	1.5	0	3/8	3/8	0											452
452	450	528	450a	1529	1.5	0	3/8	3/8	0											453
453	451	529	451a	3061/2	1.5	0	3/8	3/8	0											454
454	452	530	452a	1532	1.5	0	3/8	3/8	0											455
455	453	531	453a	3067/2	1.5	0	3/8	3/8	0											456
456	454	532	454a	1535	1.5	0	3/8	3/8	0					line						457
457	455	533	455a	3073/2	1.5	0	3/8	3/8	0											458
458	456	534	456a	1538	1.5	0	3/8	3/8	0											459
459	457	535	457a	3079/2	1.5	0	3/8	3/8	0											460
460	458	536	458a	1541	1.5	0	3/8	3/8	0											461
461	459	537	459a	3085/2	1.5	0	3/8	3/8	0											462
462	460	538	460a	1544	1.5	0	3/8	3/8	0											463
463	461	539	461a	3091/2	1.5	0	3/8	3/8	0											464
464	462	540	462a	1547	1.5	0	3/8	3/8	0											465
465	463	541	463a	3097/2	1.5	0	3/8	3/8	0											466
466	464	542	464a	1550	1.5	0	3/8	3/8	0											467
467	465	543	465a	3103/2	1.5	0	3/8	3/8	0											468
468	466	544	466a	1553	1.5	0	3/8	3/8	0											469
469	467	545	467a	3109/2	1.5	0	3/8	3/8	0											470
470	468	546	468a	1556	1.5	0	3/8	3/8	0											471
471	469	547	469a	3115/2	1.5	0	3/8	3/8	0					line						472
472	470	548	470a	1559	1.5	0	3/8	3/8	0											473
473	471	549	471a	3121/2	1.5	0	3/8	3/8	0											474
474	472	550	472a	1562	1.5	0	3/8	3/8	0											475
475	473	551	473a	3127/2	1.5	0	3/8	3/8	0											476
476	474	552	474a	1565	1.5	0	3/8	3/8	0											477
477	475	553	475a	3133/2	1.5	0	3/8	3/8	0											478
478	476	554	476a	1568	1.5	0	3/8	3/8	0											479
479	477	555	477a	3139/2	1.5	0	3/8	3/8	0											480
480	478	556	478a	1571	1.5	0	3/8	3/8	0											481
481	479	557	479a	3145/2	1.5	0	3/8	3/8	0											482
482	480	558	480a	1574	1.5	0	3/8	3/8	0				end	page & section						483
483	480	559	480a	3151/2	1.0	-3	3/4	1/4	1/2			1								484
484	481	560	481a	3153/2	3.0	-3	3/4	3/4	0											485
485	482	561	482a	3159/2	3.0	-3	3/4	3/4	0											486
486	483	562	483a	3165/2	3.0	-3	3/4	3/4	0											487
487	484	563	484a	3171/2	3.0	-3	3/4	3/4	0											488
488	485	564	485a	3177/2	3.0	-3	3/4	3/4	0											489
489	486	565	486a	3183/2	3.0	-3	3/4	3/4	0											490
490	487	566	487a	3189/2	3.0	-3	3/4	3/4	0											491
491	488	567	488a	3195/2	2.0	-3	3/4	1/2	0						end					492
492	488	568	488a	3199/2	1.0	-3	3/4	1/4	1/2			1			start					493
493	489	569	489a	3201/2	3.0	-3	3/4	3/4	0											494
494	490	570	490a	3207/2	3.0	-3	3/4	3/4	0											495
495	491	571	491a	3213/2	3.0	-3	3/4	3/4	0					line						496
496	492	572	492a	3219/2	3.0	-3	3/4	3/4	0											497
497	493	573	493a	3225/2	3.0	-3	3/4	3/4	0											498
498	494	574	494a	3231/2	3.0	-3	3/4	3/4	0											499
499	495	575	495a	3237/2	3.0	-3	3/4	3/4	0											500
500	496	576	496a	3243/2	3.0	-3	3/4	3/4	0											501
501	497	577	497a	3249/2	3.0	-3	3/4	3/4	0											502
502	498	578	498a	3255/2	3.0	-3	3/4	3/4	0											503
503	499	579	499a	3261/2	3.0	-3	3/4	3/4	0											504
504	500	580	500a	3267/2	3.0	-3	3/4	3/4	0											505
505	501	581	501a	3273/2	3.0	-3	3/4	3/4	0											506
506	502	582	502a	3279/2	3.0	-3	3/4	3/4	0											507
507	503	583	503a	3285/2	3.0	-3	3/4	3/4	0											508
508	504	584	504a	3291/2	3.0	-3	3/4	3/4	0					line						509
509	505	585	505a	3297/2	3.0	-3	3/4	3/4	0											510
510	506	586	506a	3303/2	3.0	-3	3/4	3/4	0											511
511	507	587	507a	3309/2	3.0	-3	3/4	3/4	0											512
512	508	588	508a	3315/2	3.0	-3	3/4	3/4	0											513
513	509	589	509a	3321/2	3.0	-3	3/4	3/4	0											514
514	510	590	510a	3327/2	3.0	-3	3/4	3/4	0											515
515	511	591	511a	3333/2	3.0	-3	3/4	3/4	0											516
516	512	592	512a	3339/2	3.0	-3	3/4	3/4	0											517
517	513	593	513a	3345/2	3.0	-3	3/4	3/4	0											518
518	514	594	514a	3351/2	3.0	-3	3/4	3/4	0											519
519	515	595	515a	3357/2	3.0	-3	3/4	3/4	0											520
520	516	596	516a	3363/2	3.0	-3	3/4	3/4	0											521
521	517	597	517a	3369/2	3.0	-3	3/4	3/4	0											522
522	518	598	518a	3375/2	3.0	-3	3/4	3/4	0					line						523
523	519	599	519a	3381/2	3.0	-3	3/4	3/4	0											524
524	520	600	520a	3387/2	3.0	-3	3/4	3/4	0											525
525	521	601	521a	3393/2	3.0	-3	3/4	3/4	0											526
526	522	602	522a	3399/2	3.0	-3	3/4	3/4	0											527
527	523	603	523a	3405/2	3.0	-3	3/4	3/4	0											528
528	524	604	524a	3411/2	3.0	-3	3/4	3/4	0											529
529	525	605	525a	3417/2	3.0	-3	3/4	3/4	0											530
530	526	606	526a	3423/2	3.0	-3	3/4	3/4	0											531
531	527	607	527a	3429/2	3.0	-3	3/4	3/4	0											532
532	528	608	528a	3435/2	3.0	-3	3/4	3/4	0											533
533	529	609	529a	3441/2	3.0	-3	3/4	3/4	0											534, 535
534	529	610	529a	3447/2	2.0	-3	3/4	1/2	0	1		1			end					492
492	488	611	529a	3451/2	1.0	-3	3/4	1/4	1/2			1			start					493
493	489	612	489b	3453/2	3.0	-3	3/4	3/4	0											494
494	490	613	490b	3459/2	3.0	-3	3/4	3/4	0											495
495	491	614	491b	3465/2	3.0	-3	3/4	3/4	0					line						496
496	492	615	492b	3471/2	3.0	-3	3/4	3/4	0											497
497	493	616	493b	3477/2	3.0	-3	3/4	3/4	0											498
498	494	617	494b	3483/2	3.0	-3	3/4	3/4	0											499
499	495	618	495b	3489/2	3.0	-3	3/4	3/4	0											500
500	496	619	496b	3495/2	3.0	-3	3/4	3/4	0											501
501	497	620	497b	3501/2	3.0	-3	3/4	3/4	0											502
502	498	621	498b	3507/2	3.0	-3	3/4	3/4	0											503
503	499	622	499b	3513/2	3.0	-3	3/4	3/4	0											504
504	500	623	500b	3519/2	3.0	-3	3/4	3/4	0											505
505	501	624	501b	3525/2	3.0	-3	3/4	3/4	0											506
506	502	625	502b	3531/2	3.0	-3	3/4	3/4	0											507
507	503	626	503b	3537/2	3.0	-3	3/4	3/4	0											508
508	504	627	504b	3543/2	3.0	-3	3/4	3/4	0					line						509
509	505	628	505b	3549/2	3.0	-3	3/4	3/4	0											510
510	506	629	506b	3555/2	3.0	-3	3/4	3/4	0											511
511	507	630	507b	3561/2	3.0	-3	3/4	3/4	0											512
512	508	631	508b	3567/2	3.0	-3	3/4	3/4	0											513
513	509	632	509b	3573/2	3.0	-3	3/4	3/4	0											514
514	510	633	510b	3579/2	3.0	-3	3/4	3/4	0											515
515	511	634	511b	3585/2	3.0	-3	3/4	3/4	0											516
516	512	635	512b	3591/2	3.0	-3	3/4	3/4	0											517
517	513	636	513b	3597/2	3.0	-3	3/4	3/4	0											518
518	514	637	514b	3603/2	3.0	-3	3/4	3/4	0											519
519	515	638	515b	3609/2	3.0	-3	3/4	3/4	0											520
520	516	639	516b	3615/2	3.0	-3	3/4	3/4	0											521
521	517	640	517b	3621/2	3.0	-3	3/4	3/4	0											522
522	518	641	518b	3627/2	3.0	-3	3/4	3/4	0					line						523
523	519	642	519b	3633/2	3.0	-3	3/4	3/4	0											524
524	520	643	520b	3639/2	3.0	-3	3/4	3/4	0											525
525	521	644	521b	3645/2	3.0	-3	3/4	3/4	0											526
526	522	645	522b	3651/2	3.0	-3	3/4	3/4	0											527
527	523	646	523b	3657/2	3.0	-3	3/4	3/4	0											528
528	524	647	524b	3663/2	3.0	-3	3/4	3/4	0											529
529	525	648	525b	3669/2	3.0	-3	3/4	3/4	0											530
530	526	649	526b	3675/2	3.0	-3	3/4	3/4	0											531
531	527	650	527b	3681/2	3.0	-3	3/4	3/4	0											532
532	528	651	528b	3687/2	3.0	-3	3/4	3/4	0											533
533	529	652	529b	3693/2	3.0	-3	3/4	3/4	0											534, 535
535	530	653	530a	3699/2	3.0	-4	3/4	3/4	0	2			double	line		fine				-1
