mc	mn	mc_onset	mn_onset	timesig	staff	voice	label	volta	globalkey	localkey	pedal	chord	special	numeral	form	figbass	changes	relativeroot	pedalend	cadence	phraseend	chord_type	globalkey_is_minor	localkey_is_minor	chord_tones	added_tones	root	bass_note	n_colored	n_untouched	count_ratio	dur_colored	dur_untouched	dur_ratio
1	0	0	3/4	2/2	1	1	.c.i		c	i		i		i								m	1	1	0, -3, 1		0	0	11	24	0.3142857142857143	1.25	5.0	0.2
4	3	0	0	2/2	1	1	V65		c	i		V65		V		65						Mm7	1	1	5, 2, -1, 1		1	5	0	5	0.0	0.0	1.25	0.0
4	3	1/4	1/4	2/2	1	1	i		c	i		i		i								m	1	1	0, -3, 1		0	0	0	5	0.0	0.0	1.25	0.0
4	3	1/2	1/2	2/2	1	1	V		c	i		V		V								M	1	1	1, 5, 2		1	1	0	5	0.0	0.0	1.25	0.0
4	3	3/4	3/4	2/2	1	1	i		c	i		i		i								m	1	1	0, -3, 1		0	0	0	5	0.0	0.0	1.25	0.0
5	4	0	0	2/2	1	1	V		c	i		V		V								M	1	1	1, 5, 2		1	1	2	5	0.2857142857142857	0.25	3.75	0.0625
6	5	0	0	2/2	1	1	i		c	i		i		i								m	1	1	0, -3, 1		0	0	4	12	0.25	0.5	2.5	0.16666666666666666
7	6	0	0	2/2	1	1	v.iv		c	v		iv		iv								m	1	1	0, -3, 1		0	0	5	6	0.45454545454545453	0.5	1.25	0.2857142857142857
7	6	3/4	3/4	2/2	1	1	#viio7/V		c	v		#viio7/V		#vii	o	7		V				o7	1	1	7, 4, 1, -2		7	7	1	5	0.16666666666666666	0.125	1.125	0.1
8	7	0	0	2/2	1	1	V(64)		c	v		V(64)		V			64					M	1	1	2, 1, -2		2	2	0	5	0.0	0.0	1.25	0.0
8	7	1/4	1/4	2/2	1	1	.It6		c	v		It6	It	vii	o	6	b3	V				It	1	1	-3, 1, 7		7	-3	0	4	0.0	0.0	1.0	0.0
8	7	1/2	1/2	2/2	1	1	V(64)		c	v		V(64)		V			64					M	1	1	2, 1, -2		2	2	0	4	0.0	0.0	1.0	0.0
8	7	3/4	3/4	2/2	1	1	V		c	v		V		V								M	1	1	2, 6, 3		2	2	0	4	0.0	0.0	1.0	0.0
9	8	0	0	2/2	1	1	i\\		c	v		i		i							\\	m	1	1	1, -2, 2		1	1	1	5	0.16666666666666666	0.125	3.125	0.038461538461538464
11	9	0	0	2/2	1	1	i.V7/iv		c	i		V7/iv		V		7		iv				Mm7	1	1	0, 4, 1, -2		0	0	0	6	0.0	0.0	1.5	0.0
11	9	1/2	1/2	2/2	1	1	iv		c	i		iv		iv								m	1	1	-1, -4, 0		-1	-1	0	6	0.0	0.0	1.5	0.0
12	10	0	0	2/2	1	1	VII7		c	i		VII7		VII		7						Mm7	1	1	-2, 2, -1, -4		-2	-2	0	6	0.0	0.0	1.5	0.0
12	10	1/2	1/2	2/2	1	1	III		c	i		III		III								M	1	1	-3, 1, -2		-3	-3	0	6	0.0	0.0	1.5	0.0
13	11	0	0	2/2	1	1	iv6(9)		c	i		iv6(9)		iv		6	9					m	1	1	-4, 0, -1	1	-1	-4	3	5	0.375	0.375	1.125	0.25
13	11	1/2	1/2	2/2	1	1	ii%43		c	i		ii%43		ii	%	43						%7	1	1	-4, 0, 2, -1		2	-4	0	4	0.0	0.0	1.0	0.0
13	11	3/4	3/4	2/2	1	1	.It6		c	i		It6	It	vii	o	6	b3	V				It	1	1	-4, 0, 6		6	-4	0	2	0.0	0.0	0.5	0.0
14	12	0	0	2/2	1	1	V\\		c	i		V		V							\\	M	1	1	1, 5, 2		1	1	2	6	0.25	0.25	3.0	0.07692307692307693
15	13	0	0	2/2	1	1	i		c	i		i		i								m	1	1	0, -3, 1		0	0	4	12	0.25	0.5	2.5	0.16666666666666666
16	14	0	0	2/2	1	1	i6		c	i		i6		i		6						m	1	1	-3, 1, 0		0	-3	2	5	0.2857142857142857	0.125	1.125	0.1
16	14	1/4	1/4	2/2	1	1	V2/iv		c	i		V2/iv		V		2		iv				Mm7	1	1	-2, 0, 4, 1		0	-2	1	4	0.2	0.125	0.875	0.125
16	14	1/2	1/2	2/2	1	1	iv65		c	i		iv65		iv		65						mm7	1	1	-4, 0, -3, -1		-1	-4	1	4	0.2	0.125	0.875	0.125
16	14	3/4	3/4	2/2	1	1	V64/iv		c	i		V64/iv		V		64		iv				M	1	1	1, 0, 4		0	1	1	5	0.16666666666666666	0.125	1.125	0.1
17	15	0	0	2/2	1	1	iv		c	i		iv		iv								m	1	1	-1, -4, 0		-1	-1	0	4	0.0	0.0	1.0	0.0
17	15	1/4	1/4	2/2	1	1	.It6		c	i		It6	It	vii	o	6	b3	V				It	1	1	-4, 0, 6		6	-4	0	4	0.0	0.0	1.0	0.0
17	15	1/2	1/2	2/2	1	1	V(64)		c	i		V(64)		V			64					M	1	1	1, 0, -3		1	1	0	4	0.0	0.0	1.0	0.0
17	15	3/4	3/4	2/2	1	1	V		c	i		V		V								M	1	1	1, 5, 2		1	1	0	4	0.0	0.0	1.0	0.0
18	16	0	0	2/2	1	1	i\\		c	i		i		i							\\	m	1	1	0, -3, 1		0	0	0	6	0.0	0.0	4.0	0.0
20	17	0	0	2/2	1	1	VI.I		c	VI		I		I								M	1	0	-4, 0, -3		-4	-4	0	5	0.0	0.0	4.0	0.0
21	18	0	0	2/2	1	1	V43		c	VI		V43		V		43						Mm7	1	0	-2, -5, -3, 1		-3	-2	2	5	0.2857142857142857	0.5	3.5	0.125
22	19	0	0	2/2	1	1	I6		c	VI		I6		I		6						M	1	0	0, -3, -4		-4	0	1	4	0.2	0.25	1.75	0.125
22	19	1/2	1/2	2/2	1	1	#viio6/V		c	VI		#viio6/V		#vii	o	6		V				o	1	0	-1, -4, 2		2	-1	1	4	0.2	0.25	1.75	0.125
23	20	0	0	2/2	1	1	V(4)		c	VI		V(4)		V			4					M	1	0	-3, -4, -2		-3	-3	0	4	0.0	0.0	2.0	0.0
23	20	1/2	1/2	2/2	1	1	V7		c	VI		V7		V		7						Mm7	1	0	-3, 1, -2, -5		-3	-3	0	4	0.0	0.0	2.0	0.0
24	21	0	0	2/2	1	1	#viio43/ii		c	VI		#viio43/ii		#vii	o	43		ii				o7	1	0	-3, -6, 3, 0		3	-3	0	4	0.0	0.0	2.0	0.0
24	21	1/2	1/2	2/2	1	1	ii6		c	VI		ii6		ii		6						m	1	0	-5, -1, -2		-2	-5	0	4	0.0	0.0	2.0	0.0
25	22	0	0	2/2	1	1	viio43		c	VI		viio43		vii	o	43						o7	1	0	-5, -8, 1, -2		1	-5	0	4	0.0	0.0	2.0	0.0
25	22	1/2	1/2	2/2	1	1	I6		c	VI		I6		I		6						M	1	0	0, -3, -4		-4	0	0	4	0.0	0.0	2.0	0.0
26	23	0	0	2/2	1	1	ii6(94)		c	VI		ii6(94)		ii		6	94					m	1	0	-3, -1, -2	0	-2	-3	1	3	0.25	0.5	0.75	0.4
26	23	1/4	1/4	2/2	1	1	ii6		c	VI		ii6		ii		6						m	1	0	-5, -1, -2		-2	-5	0	3	0.0	0.0	0.75	0.0
26	23	1/2	1/2	2/2	1	1	V(64)		c	VI		V(64)		V			64					M	1	0	-3, -4, 0		-3	-3	0	4	0.0	0.0	1.25	0.0
26	23	3/4	3/4	2/2	1	1	V7		c	VI		V7		V		7						Mm7	1	0	-3, 1, -2, -5		-3	-3	0	3	0.0	0.0	0.75	0.0
27	24	0	0	2/2	1	1	I(974)		c	VI		I(974)		I			974					M	1	0	-4, -5, -3	-2, 1	-4	-4	0	4	0.0	0.0	2.25	0.0
27	24	1/2	1/2	2/2	1	1	I\\		c	VI		I		I							\\	M	1	0	-4, 0, -3		-4	-4	1	3	0.25	0.25	0.75	0.25
29	25	0	0	2/2	1	1	V		c	VI		V		V								M	1	0	-3, 1, -2		-3	-3	0	6	0.0	0.0	2.0	0.0
30	26	0	0	2/2	1	1	V7/V		c	VI		V7/V		V		7		V				Mm7	1	0	-2, 2, -1, -4		-2	-2	0	7	0.0	0.0	2.25	0.0
31	27	0	0	2/2	1	1	V		c	VI		V		V								M	1	0	-3, 1, -2		-3	-3						
31	27	0	0	2/2	1	1	V7		c	VI		V7		V		7						Mm7	1	0	-3, 1, -2, -5		-3	-3	1	6	0.14285714285714285	0.25	2.0	0.1111111111111111
32	28	0	0	2/2	1	1	I		c	VI		I		I								M	1	0	-4, 0, -3		-4	-4	0	7	0.0	0.0	2.25	0.0
33	29	0	0	2/2	1	1	V		c	VI		V		V								M	1	0	-3, 1, -2		-3	-3	2	7	0.2222222222222222	0.5	3.5	0.125
34	30	0	0	2/2	1	1	V7/V		c	VI		V7/V		V		7		V				Mm7	1	0	-2, 2, -1, -4		-2	-2	0	9	0.0	0.0	4.0	0.0
35	31	0	0	2/2	1	1	V		c	VI		V		V								M	1	0	-3, 1, -2		-3	-3	0	5	0.0	0.0	2.25	0.0
35	31	1/2	1/2	2/2	1	1	V7		c	VI		V7		V		7						Mm7	1	0	-3, 1, -2, -5		-3	-3	0	4	0.0	0.0	1.75	0.0
36	32	0	0	2/2	1	1	vi7		c	VI		vi7		vi		7						mm7	1	0	-1, -4, 0, -3		-1	-1	2	4	0.3333333333333333	0.5	1.75	0.2222222222222222
36	32	1/2	1/2	2/2	1	1	V6		c	VI		V6		V		6						M	1	0	1, -2, -3		-3	1	0	3	0.0	0.0	1.25	0.0
36	32	3/4	3/4	2/2	1	1	V65		c	VI		V65		V		65						Mm7	1	0	1, -2, -5, -3		-3	1	0	2	0.0	0.0	0.5	0.0
37	33	0	0	2/2	1	1	I		c	VI		I		I								M	1	0	-4, 0, -3		-4	-4	0	8	0.0	0.0	4.0	0.0
38	34	0	0	2/2	1	1	V43		c	VI		V43		V		43						Mm7	1	0	-2, -5, -3, 1		-3	-2	2	5	0.2857142857142857	0.5	3.5	0.125
39	35	0	0	2/2	1	1	I6		c	VI		I6		I		6						M	1	0	0, -3, -4		-4	0	1	4	0.2	0.25	1.75	0.125
39	35	1/2	1/2	2/2	1	1	#viio6/V		c	VI		#viio6/V		#vii	o	6		V				o	1	0	-1, -4, 2		2	-1	1	4	0.2	0.25	1.75	0.125
40	36	0	0	2/2	1	1	V(4)		c	VI		V(4)		V			4					M	1	0	-3, -4, -2		-3	-3	0	4	0.0	0.0	2.25	0.0
40	36	1/2	1/2	2/2	1	1	V7		c	VI		V7		V		7						Mm7	1	0	-3, 1, -2, -5		-3	-3	0	4	0.0	0.0	1.75	0.0
41	37	0	0	2/2	1	1	V2/ii		c	VI		V2/ii		V		2		ii				Mm7	1	0	-3, -1, 3, 0		-1	-3	0	7	0.0	0.0	2.25	0.0
41	37	1/2	1/2	2/2	1	1	ii6		c	VI		ii6		ii		6						m	1	0	-5, -1, -2		-2	-5	0	5	0.0	0.0	1.75	0.0
42	38	0	0	2/2	1	1	viio64		c	VI		viio64		vii	o	64						o	1	0	-5, 1, -2		1	-5	0	4	0.0	0.0	1.25	0.0
42	38	1/4	1/4	2/2	1	1	V2		c	VI		V2		V		2						Mm7	1	0	-5, -3, 1, -2		-3	-5	0	3	0.0	0.0	1.0	0.0
42	38	1/2	1/2	2/2	1	1	I6		c	VI		I6		I		6						M	1	0	0, -3, -4		-4	0	0	3	0.0	0.0	0.75	0.0
42	38	3/4	3/4	2/2	1	1	I+6		c	VI		I+6		I	+	6						+	1	0	0, 4, -4		-4	0	0	4	0.0	0.0	1.0	0.0
43	39	0	0	2/2	1	1	IV		c	VI		IV		IV								M	1	0	-5, -1, -4		-5	-5	0	4	0.0	0.0	1.25	0.0
43	39	1/4	1/4	2/2	1	1	ii6		c	VI		ii6		ii		6						m	1	0	-5, -1, -2		-2	-5	0	3	0.0	0.0	0.75	0.0
43	39	1/2	1/2	2/2	1	1	V7		c	VI		V7		V		7						Mm7	1	0	-3, 1, -2, -5		-3	-3	0	7	0.0	0.0	2.0	0.0
44	40	0	0	2/2	1	1	I(94)	1	c	VI		I(94)		I			94					M	1	0	-4, -5, -3	-2	-4	-4	1	4	0.2	0.25	2.0	0.1111111111111111
44	40	1/2	1/2	2/2	1	1	I\\	1	c	VI		I		I							\\	M	1	0	-4, 0, -3		-4	-4	8	8	0.5	1.875	1.875	0.5
46	42	0	0	2/2	1	1	i.i		c	i		i		i								m	1	1	0, -3, 1		0	0	10	23	0.30303030303030304	1.125	4.875	0.1875
48	44	0	0	2/2	1	1	V65		c	i		V65		V		65						Mm7	1	1	5, 2, -1, 1		1	5	0	5	0.0	0.0	1.25	0.0
48	44	1/4	1/4	2/2	1	1	i		c	i		i		i								m	1	1	0, -3, 1		0	0	0	5	0.0	0.0	1.25	0.0
48	44	1/2	1/2	2/2	1	1	V		c	i		V		V								M	1	1	1, 5, 2		1	1	0	5	0.0	0.0	1.25	0.0
48	44	3/4	3/4	2/2	1	1	i		c	i		i		i								m	1	1	0, -3, 1		0	0	0	5	0.0	0.0	1.25	0.0
49	45	0	0	2/2	1	1	V\\		c	i		V		V							\\	M	1	1	1, 5, 2		1	1	2	5	0.2857142857142857	0.25	3.75	0.0625
50	46	0	0	2/2	1	1	i		c	i		i		i								m	1	1	0, -3, 1		0	0	4	12	0.25	0.5	2.5	0.16666666666666666
51	47	0	0	2/2	1	1	v.iv		c	v		iv		iv								m	1	1	0, -3, 1		0	0	5	6	0.45454545454545453	0.5	1.25	0.2857142857142857
51	47	3/4	3/4	2/2	1	1	#viio7/V		c	v		#viio7/V		#vii	o	7		V				o7	1	1	7, 4, 1, -2		7	7	1	5	0.16666666666666666	0.125	1.125	0.1
52	48	0	0	2/2	1	1	V(64)		c	v		V(64)		V			64					M	1	1	2, 1, -2		2	2	0	5	0.0	0.0	1.25	0.0
52	48	1/4	1/4	2/2	1	1	.It6		c	v		It6	It	vii	o	6	b3	V				It	1	1	-3, 1, 7		7	-3	0	4	0.0	0.0	1.0	0.0
52	48	1/2	1/2	2/2	1	1	V(64)		c	v		V(64)		V			64					M	1	1	2, 1, -2		2	2	0	4	0.0	0.0	1.0	0.0
52	48	3/4	3/4	2/2	1	1	V		c	v		V		V								M	1	1	2, 6, 3		2	2	0	4	0.0	0.0	1.0	0.0
53	49	0	0	2/2	1	1	i\\		c	v		i		i							\\	m	1	1	1, -2, 2		1	1	2	4	0.3333333333333333	0.25	3.0	0.07692307692307693
54	50	0	0	2/2	1	1	i.i		c	i		i		i								m	1	1	0, -3, 1		0	0	6	74	0.075	0.75	9.25	0.075
56	52	0	0	2/2	1	1	V65		c	i		V65		V		65						Mm7	1	1	5, 2, -1, 1		1	5	1	9	0.1	0.125	1.125	0.1
56	52	1/4	1/4	2/2	1	1	i		c	i		i		i								m	1	1	0, -3, 1		0	0	1	9	0.1	0.125	1.125	0.1
56	52	1/2	1/2	2/2	1	1	V		c	i		V		V								M	1	1	1, 5, 2		1	1	1	9	0.1	0.125	1.125	0.1
56	52	3/4	3/4	2/2	1	1	i		c	i		i		i								m	1	1	0, -3, 1		0	0	1	9	0.1	0.125	1.125	0.1
57	53	0	0	2/2	1	1	V\\		c	i		V		V							\\	M	1	1	1, 5, 2		1	1	8	11	0.42105263157894735	1.0	1.75	0.36363636363636365
58	54	0	0	2/2	1	1	i		c	i		i		i								m	1	1	0, -3, 1		0	0	4	36	0.1	0.5	4.5	0.1
59	55	0	0	2/2	1	1	v.iv		c	v		iv		iv								m	1	1	0, -3, 1		0	0	3	18	0.14285714285714285	0.25	2.25	0.1
59	55	1/2	1/2	2/2	1	1	#viio7/V		c	v		#viio7/V		#vii	o	7		V				o7	1	1	7, 4, 1, -2		7	7	2	18	0.1	0.25	2.25	0.1
60	56	0	0	2/2	1	1	i64		c	v		i64		i		64						m	1	1	2, 1, -2		1	2	0	9	0.0	0.0	1.125	0.0
60	56	1/4	1/4	2/2	1	1	VI		c	v		VI		VI								M	1	1	-3, 1, -2		-3	-3	0	8	0.0	0.0	1.0	0.0
60	56	1/2	1/2	2/2	1	1	V65/V		c	v		V65/V		V		65		V				Mm7	1	1	7, 4, 1, 3		3	7	0	8	0.0	0.0	1.0	0.0
60	56	3/4	3/4	2/2	1	1	V7		c	v		V7		V		7						Mm7	1	1	2, 6, 3, 0		2	2	0	8	0.0	0.0	1.0	0.0
61	57	0	0	2/2	1	1	i\\		c	v		i		i							\\	m	1	1	1, -2, 2		1	1	5	8	0.38461538461538464	0.625	1.375	0.3125
62	58	0	0	2/2	1	1	i.V6/iv		c	i		V6/iv		V		6		iv				M	1	1	4, 1, 0		0	4	1	2	0.3333333333333333	0.25	0.5	0.3333333333333333
62	58	1/4	1/4	2/2	1	1	V7/iv		c	i		V7/iv		V		7		iv				Mm7	1	1	0, 4, 1, -2		0	0	0	3	0.0	0.0	0.75	0.0
62	58	1/2	1/2	2/2	1	1	iv		c	i		iv		iv								m	1	1	-1, -4, 0		-1	-1	0	6	0.0	0.0	1.5	0.0
63	59	0	0	2/2	1	1	VII7		c	i		VII7		VII		7						Mm7	1	1	-2, 2, -1, -4		-2	-2	0	6	0.0	0.0	1.5	0.0
63	59	1/2	1/2	2/2	1	1	III		c	i		III		III								M	1	1	-3, 1, -2		-3	-3	0	6	0.0	0.0	1.5	0.0
64	60	0	0	2/2	1	1	iv6		c	i		iv6		iv		6						m	1	1	-4, 0, -1		-1	-4	4	4	0.5	0.625	0.875	0.4166666666666667
64	60	1/2	1/2	2/2	1	1	ii%43		c	i		ii%43		ii	%	43						%7	1	1	-4, 0, 2, -1		2	-4	0	4	0.0	0.0	1.0	0.0
64	60	3/4	3/4	2/2	1	1	.It6		c	i		It6	It	vii	o	6	b3	V				It	1	1	-4, 0, 6		6	-4	0	2	0.0	0.0	0.5	0.0
65	61	0	0	2/2	1	1	V\\		c	i		V		V							\\	M	1	1	1, 5, 2		1	1	2	6	0.25	0.25	3.0	0.07692307692307693
66	62	0	0	2/2	1	1	i		c	i		i		i								m	1	1	0, -3, 1		0	0	4	12	0.25	0.5	2.5	0.16666666666666666
67	63	0	0	2/2	1	1	i		c	i		i		i								m	1	1	0, -3, 1		0	0	2	5	0.2857142857142857	0.125	1.125	0.1
67	63	1/4	1/4	2/2	1	1	V2/iv		c	i		V2/iv		V		2		iv				Mm7	1	1	-2, 0, 4, 1		0	-2	1	4	0.2	0.125	0.875	0.125
67	63	1/2	1/2	2/2	1	1	iv65		c	i		iv65		iv		65						mm7	1	1	-4, 0, -3, -1		-1	-4	1	4	0.2	0.125	0.875	0.125
67	63	3/4	3/4	2/2	1	1	V64/iv		c	i		V64/iv		V		64		iv				M	1	1	1, 0, 4		0	1	1	5	0.16666666666666666	0.125	1.125	0.1
68	64	0	0	2/2	1	1	iv		c	i		iv		iv								m	1	1	-1, -4, 0		-1	-1	0	4	0.0	0.0	1.0	0.0
68	64	1/4	1/4	2/2	1	1	.It6		c	i		It6	It	vii	o	6	b3	V				It	1	1	-4, 0, 6		6	-4	0	4	0.0	0.0	1.0	0.0
68	64	1/2	1/2	2/2	1	1	V(64)		c	i		V(64)		V			64					M	1	1	1, 0, -3		1	1	0	4	0.0	0.0	1.0	0.0
68	64	3/4	3/4	2/2	1	1	V		c	i		V		V								M	1	1	1, 5, 2		1	1	0	4	0.0	0.0	1.0	0.0
69	65	0	0	2/2	1	1	i\\		c	i		i		i							\\	m	1	1	0, -3, 1		0	0	1	6	0.14285714285714285	0.125	3.875	0.03125
70	66	0	0	2/2	1	1	V7/iv		c	i		V7/iv		V		7		iv				Mm7	1	1	0, 4, 1, -2		0	0	1	19	0.05	0.125	2.375	0.05
70	66	1/2	1/2	2/2	1	1	iv		c	i		iv		iv								m	1	1	-1, -4, 0		-1	-1	3	5	0.375	0.25	1.0	0.2
71	67	0	0	2/2	1	1	V7/III		c	i		V7/III		V		7		III				Mm7	1	1	-2, 2, -1, -4		-2	-2	1	19	0.05	0.125	2.375	0.05
71	67	1/2	1/2	2/2	1	1	III		c	i		III		III								M	1	1	-3, 1, -2		-3	-3	2	7	0.2222222222222222	0.125	1.375	0.08333333333333333
72	68	0	0	2/2	1	1	VI		c	i		VI		VI								M	1	1	-4, 0, -3		-4	-4	3	13	0.1875	0.375	1.625	0.1875
72	68	1/2	1/2	2/2	1	1	.Ger6		c	i		Ger6	Ger	vii	o	65	b3	V				Ger	1	1	-4, 0, -3, 6		6	-4	2	14	0.125	0.25	1.75	0.125
73	69	0	0	2/2	1	1	V\\		c	i		V		V							\\	M	1	1	1, 5, 2		1	1	0	7	0.0	0.0	1.25	0.0
73	69	1/4	1/4	2/2	1	1	V2		c	i		V2		V		2						Mm7	1	1	-1, 1, 5, 2		1	-1	1	3	0.25	0.125	0.375	0.25
73	69	1/2	1/2	2/2	1	1	i6		c	i		i6		i		6						m	1	1	-3, 1, 0		0	-3	1	3	0.25	0.125	0.375	0.25
73	69	3/4	3/4	2/2	1	1	#viio6		c	i		#viio6		#vii	o	6						o	1	1	2, -1, 5		5	2	1	3	0.25	0.125	0.375	0.25
74	70	0	0	2/2	1	1	i		c	i		i		i								m	1	1	0, -3, 1		0	0	6	45	0.11764705882352941	0.625	5.625	0.1
75	71	1/4	1/4	2/2	1	1	V2/iv		c	i		V2/iv		V		2		iv				Mm7	1	1	-2, 0, 4, 1		0	-2	1	7	0.125	0.125	0.875	0.125
75	71	1/2	1/2	2/2	1	1	iv65		c	i		iv65		iv		65						mm7	1	1	-4, 0, -3, -1		-1	-4	1	7	0.125	0.125	0.875	0.125
75	71	3/4	3/4	2/2	1	1	V64/iv		c	i		V64/iv		V		64		iv				M	1	1	1, 0, 4		0	1	1	9	0.1	0.125	1.125	0.1
76	72	0	0	2/2	1	1	iv		c	i		iv		iv								m	1	1	-1, -4, 0		-1	-1	0	10	0.0	0.0	1.25	0.0
76	72	1/4	1/4	2/2	1	1	ii%65		c	i		ii%65		ii	%	65						%7	1	1	-1, -4, 0, 2		2	-1	0	10	0.0	0.0	1.25	0.0
76	72	1/2	1/2	2/2	1	1	V(64)		c	i		V(64)		V			64					M	1	1	1, 0, -3		1	1	0	10	0.0	0.0	1.25	0.0
76	72	3/4	3/4	2/2	1	1	V7		c	i		V7		V		7						Mm7	1	1	1, 5, 2, -1		1	1	0	10	0.0	0.0	1.25	0.0
77	73	0	0	2/2	1	1	i\\		c	i		i		i							\\	m	1	1	0, -3, 1		0	0	2	6	0.25	0.08333333333333333	1.2916666666666667	0.0606060606060606
79	74	0	0	2/2	1	1	I.I		c	I		I		I								M	1	0	0, 4, 1		0	0	4	4	0.5	0.16666666666666666	1.5833333333333333	0.09523809523809523
80	75	0	0	2/2	1	1	I[I		c	I	I	I		I								M	1	0	0, 4, 1		0	0	2	7	0.2222222222222222	0.0625	3.5625	0.017241379310344827
81	76	0	0	2/2	1	1	IV		c	I		IV		IV								M	1	0	-1, 3, 0		-1	-1	1	4	0.2	0.125	2.125	0.05555555555555555
81	76	1/4	1/4	2/2	1	1	I6		c	I		I6		I		6						M	1	0	4, 1, 0		0	4	0	3	0.0	0.0	0.5	0.0
81	76	1/2	1/2	2/2	1	1	IV64		c	I		IV64		IV		64						M	1	0	0, -1, 3		-1	0	1	2	0.3333333333333333	0.125	0.375	0.25
81	76	3/4	3/4	2/2	1	1	III6		c	I		III6		III		6						M	1	0	8, 5, 4		4	8	1	3	0.25	0.25	0.5	0.3333333333333333
82	77	0	0	2/2	1	1	ii6		c	I		ii6		ii		6						m	1	0	-1, 3, 2		2	-1	2	3	0.4	0.375	0.625	0.375
82	77	1/4	1/4	2/2	1	1	I6		c	I		I6		I		6						M	1	0	4, 1, 0		0	4	0	5	0.0	0.0	1.0	0.0
82	77	1/2	1/2	2/2	1	1	viio6		c	I		viio6		vii	o	6						o	1	0	2, -1, 5		5	2	2	3	0.4	0.375	0.625	0.375
82	77	3/4	3/4	2/2	1	1	V.ii6		c	V		ii6		ii		6						m	1	0	0, 4, 3		3	0	0	5	0.0	0.0	1.0	0.0
83	78	0	0	2/2	1	1	V(64)		c	V		V(64)		V			64					M	1	0	2, 1, 5		2	2	0	7	0.0	0.0	1.25	0.0
83	78	1/2	1/2	2/2	1	1	V7		c	V		V7		V		7						Mm7	1	0	2, 6, 3, 0		2	2	0	7	0.0	0.0	1.25	0.0
84	79	0	0	2/2	1	1	I\\		c	V		I		I							\\	M	1	0	1, 5, 2		1	1	0	8	0.0	0.0	1.5	0.0
85	79	0	3/4	2/2	1	1	V		c	V		V		V								M	1	0	2, 6, 3		2	2	1	2	0.3333333333333333	0.041666666666666664	0.08333333333333333	0.3333333333333333
86	80	0	0	2/2	1	1	I		c	V		I		I								M	1	0	1, 5, 2		1	1	4	9	0.3076923076923077	0.16666666666666666	3.5833333333333335	0.04444444444444444
87	81	1/4	1/4	2/2	1	1	IV64		c	V		IV64		IV		64						M	1	0	1, 0, 4		0	1	0	3	0.0	0.0	0.5	0.0
87	81	1/2	1/2	2/2	1	1	I		c	V		I		I								M	1	0	1, 5, 2		1	1	6	11	0.35294117647058826	0.25	2.75	0.08333333333333333
89	83	0	0	2/2	1	1	I.V[V		c	I	V	V		V								M	1	0	1, 5, 2		1	1	0	5	0.0	0.0	2.25	0.0
89	83	1/4	1/4	2/2	1	1	I		c	I		I		I								M	1	0	0, 4, 1		0	0	0	3	0.0	0.0	0.5	0.0
89	83	1/2	1/2	2/2	1	1	V43		c	I		V43		V		43						Mm7	1	0	2, -1, 1, 5		1	2	0	3	0.0	0.0	0.5	0.0
89	83	3/4	3/4	2/2	1	1	I6		c	I		I6		I		6						M	1	0	4, 1, 0		0	4	0	4	0.0	0.0	0.75	0.0
90	84	0	0	2/2	1	1	IV		c	I		IV		IV								M	1	0	-1, 3, 0		-1	-1	2	3	0.4	1.125	0.625	0.6428571428571429
90	84	1/4	1/4	2/2	1	1	I6		c	I		I6		I		6						M	1	0	4, 1, 0		0	4	0	4	0.0	0.0	0.75	0.0
90	84	1/2	1/2	2/2	1	1	IV6		c	I		IV6		IV		6						M	1	0	3, 0, -1		-1	3	1	3	0.25	0.125	0.625	0.16666666666666666
90	84	3/4	3/4	2/2	1	1	iii6		c	I		iii6		iii		6						m	1	0	1, 5, 4		4	1	0	4	0.0	0.0	0.75	0.0
91	85	0	0	2/2	1	1	ii6		c	I		ii6		ii		6						m	1	0	-1, 3, 2		2	-1	2	3	0.4	0.875	0.625	0.5833333333333334
91	85	1/4	1/4	2/2	1	1	I6		c	I		I6		I		6						M	1	0	4, 1, 0		0	4	0	4	0.0	0.0	0.75	0.0
91	85	1/2	1/2	2/2	1	1	viio6]		c	I		viio6		vii	o	6			]			o	1	0	2, -1, 5		5	2	1	3	0.25	0.125	0.625	0.16666666666666666
91	85	3/4	3/4	2/2	1	1	#viio7/V		c	I		#viio7/V		#vii	o	7		V				o7	1	0	6, 3, 0, -3		6	6	0	5	0.0	0.0	1.0	0.0
92	86	0	0	2/2	1	1	V(64)		c	I		V(64)		V			64					M	1	0	1, 0, 4		1	1	0	7	0.0	0.0	1.25	0.0
92	86	1/2	1/2	2/2	1	1	V7		c	I		V7		V		7						Mm7	1	0	1, 5, 2, -1		1	1	0	8	0.0	0.0	1.5	0.0
93	87	0	0	2/2	1	1	I		c	I		I		I								M	1	0	0, 4, 1		0	0	2	9	0.18181818181818182	0.25	1.75	0.125
95	88	0	0	2/2	1	1	i.i		c	i		i		i								m	1	1	0, -3, 1		0	0	2	3	0.4	0.25	0.5	0.3333333333333333
95	88	1/2	1/2	2/2	1	1	i		c	i		i		i								m	1	1	0, -3, 1		0	0	12	16	0.42857142857142855	1.375	2.875	0.3235294117647059
97	90	0	0	2/2	1	1	V6		c	i		V6		V		6						M	1	1	5, 2, 1		1	5	0	4	0.0	0.0	1.0	0.0
97	90	1/4	1/4	2/2	1	1	i		c	i		i		i								m	1	1	0, -3, 1		0	0	0	3	0.0	0.0	0.75	0.0
97	90	1/2	1/2	2/2	1	1	v6		c	i		v6		v		6						m	1	1	-2, 2, 1		1	-2	0	3	0.0	0.0	0.75	0.0
97	90	3/4	3/4	2/2	1	1	VIM7		c	i		VIM7		VI	M	7						MM7	1	1	-4, 0, -3, 1		-4	-4	0	3	0.0	0.0	0.75	0.0
98	91	0	0	2/2	1	1	V		c	i		V		V								M	1	1	1, 5, 2		1	1	2	6	0.25	0.25	2.0	0.1111111111111111
99	92	0	0	2/2	1	1	i		c	i		i		i								m	1	1	0, -3, 1		0	0	8	10	0.4444444444444444	1.0	1.5	0.4
100	93	0	0	2/2	1	1	v.iv		c	v		iv		iv								m	1	1	0, -3, 1		0	0	5	5	0.5	0.5	1.0	0.3333333333333333
100	93	3/4	3/4	2/2	1	1	#viio7/V		c	v		#viio7/V		#vii	o	7		V				o7	1	1	7, 4, 1, -2		7	7	2	3	0.4	0.25	0.5	0.3333333333333333
101	94	0	0	2/2	1	1	V(64)		c	v		V(64)		V			64					M	1	1	2, 1, -2		2	2	0	3	0.0	0.0	0.75	0.0
101	94	1/4	1/4	2/2	1	1	.Ger6		c	v		Ger6	Ger	vii	o	65	b3	V				Ger	1	1	-3, 1, -2, 7		7	-3	2	4	0.3333333333333333	0.25	0.75	0.25
101	94	1/2	1/2	2/2	1	1	V(64)		c	v		V(64)		V			64					M	1	1	2, 1, -2		2	2	0	4	0.0	0.0	1.0	0.0
101	94	3/4	3/4	2/2	1	1	V		c	v		V		V								M	1	1	2, 6, 3		2	2	0	4	0.0	0.0	1.0	0.0
102	95	0	0	2/2	1	1	i\\	1	c	v		i		i							\\	m	1	1	1, -2, 2		1	1	2	7	0.2222222222222222	0.25	1.75	0.125
103	96	0	0	2/2	1	1	i	2	c	v		i		i								m	1	1	1, -2, 2		1	1	3	8	0.2727272727272727	0.375	1.875	0.16666666666666666
104	97	0	0	2/2	1	1	i.V7/iv		c	i		V7/iv		V		7		iv				Mm7	1	1	0, 4, 1, -2		0	0	0	6	0.0	0.0	1.5	0.0
104	97	1/2	1/2	2/2	1	1	iv		c	i		iv		iv								m	1	1	-1, -4, 0		-1	-1	0	7	0.0	0.0	1.75	0.0
105	98	0	0	2/2	1	1	VII7		c	i		VII7		VII		7						Mm7	1	1	-2, 2, -1, -4		-2	-2	0	6	0.0	0.0	1.5	0.0
105	98	1/2	1/2	2/2	1	1	III		c	i		III		III								M	1	1	-3, 1, -2		-3	-3	0	7	0.0	0.0	1.75	0.0
106	99	0	0	2/2	1	1	iv6(2)		c	i		iv6(2)		iv		6	2					m	1	1	-4, 0, 1		-1	-4	5	5	0.5	0.75	1.0	0.42857142857142855
106	99	1/2	1/2	2/2	1	1	ii%43		c	i		ii%43		ii	%	43						%7	1	1	-4, 0, 2, -1		2	-4	1	4	0.2	0.125	0.875	0.125
106	99	3/4	3/4	2/2	1	1	.It6		c	i		It6	It	vii	o	6	b3	V				It	1	1	-4, 0, 6		6	-4	1	3	0.25	0.125	0.625	0.16666666666666666
107	100	0	0	2/2	1	1	V\\		c	i		V		V							\\	M	1	1	1, 5, 2		1	1	2	6	0.25	0.25	3.0	0.07692307692307693
108	101	0	0	2/2	1	1	i		c	i		i		i								m	1	1	0, -3, 1		0	0	13	15	0.4642857142857143	1.75	2.5	0.4117647058823529
109	102	1/2	1/2	2/2	1	1	VI		c	i		VI		VI								M	1	1	-4, 0, -3		-4	-4	1	3	0.25	0.125	0.625	0.16666666666666666
109	102	3/4	3/4	2/2	1	1	#viio6/iv		c	i		#viio6/iv		#vii	o	6		iv				o	1	1	1, -2, 4		4	1	2	4	0.3333333333333333	0.25	0.75	0.25
110	103	0	0	2/2	1	1	iv		c	i		iv		iv								m	1	1	-1, -4, 0		-1	-1	0	4	0.0	0.0	1.0	0.0
110	103	1/4	1/4	2/2	1	1	.Ger6		c	i		Ger6	Ger	vii	o	65	b3	V				Ger	1	1	-4, 0, -3, 6		6	-4	2	4	0.3333333333333333	0.25	0.75	0.25
110	103	1/2	1/2	2/2	1	1	V(64)		c	i		V(64)		V			64					M	1	1	1, 0, -3		1	1	0	4	0.0	0.0	1.0	0.0
110	103	3/4	3/4	2/2	1	1	V		c	i		V		V								M	1	1	1, 5, 2		1	1	0	4	0.0	0.0	1.0	0.0
111	104	0	0	2/2	1	1	i\\		c	i		i		i							\\	m	1	1	0, -3, 1		0	0	4	9	0.3076923076923077	0.5	2.0	0.2
112	105	0	0	2/2	1	1	V7/iv		c	i		V7/iv		V		7		iv				Mm7	1	1	0, 4, 1, -2		0	0	0	8	0.0	0.0	2.0	0.0
112	105	1/2	1/2	2/2	1	1	iv		c	i		iv		iv								m	1	1	-1, -4, 0		-1	-1	0	7	0.0	0.0	1.75	0.0
113	106	0	0	2/2	1	1	VII7		c	i		VII7		VII		7						Mm7	1	1	-2, 2, -1, -4		-2	-2	0	6	0.0	0.0	1.5	0.0
113	106	1/2	1/2	2/2	1	1	III		c	i		III		III								M	1	1	-3, 1, -2		-3	-3	0	7	0.0	0.0	1.75	0.0
114	107	0	0	2/2	1	1	iv6(2)		c	i		iv6(2)		iv		6	2					m	1	1	-4, 0, 1		-1	-4	0	4	0.0	0.0	1.0	0.0
114	107	1/4	1/4	2/2	1	1	iv6		c	i		iv6		iv		6						m	1	1	-4, 0, -1		-1	-4	3	2	0.6	0.375	0.625	0.375
114	107	1/2	1/2	2/2	1	1	ii%43		c	i		ii%43		ii	%	43						%7	1	1	-4, 0, 2, -1		2	-4	0	3	0.0	0.0	0.75	0.0
114	107	3/4	3/4	2/2	1	1	.Fr6		c	i		Fr6	Fr	V		43	b5	V				Fr	1	1	-4, 0, 2, 6		2	-4	0	3	0.0	0.0	0.75	0.0
115	108	0	0	2/2	1	1	V\\		c	i		V		V							\\	M	1	1	1, 5, 2		1	1	9	14	0.391304347826087	1.125	2.875	0.28125
116	109	0	0	2/2	1	1	i		c	i		i		i								m	1	1	0, -3, 1		0	0	14	20	0.4117647058823529	1.625	2.875	0.3611111111111111
117	110	1/4	1/4	2/2	1	1	i2		c	i		i2		i		2						mm7	1	1	-2, 0, -3, 1		0	-2	1	6	0.14285714285714285	0.125	0.875	0.125
117	110	1/2	1/2	2/2	1	1	VI		c	i		VI		VI								M	1	1	-4, 0, -3		-4	-4	1	6	0.14285714285714285	0.125	0.875	0.125
117	110	3/4	3/4	2/2	1	1	i64		c	i		i64		i		64						m	1	1	1, 0, -3		0	1	1	6	0.14285714285714285	0.125	0.875	0.125
118	111	0	0	2/2	1	1	iv		c	i		iv		iv								m	1	1	-1, -4, 0		-1	-1	0	6	0.0	0.0	1.0	0.0
118	111	1/4	1/4	2/2	1	1	.It6		c	i		It6	It	vii	o	6	b3	V				It	1	1	-4, 0, 6		6	-4	1	5	0.16666666666666666	0.125	0.875	0.125
118	111	1/2	1/2	2/2	1	1	V(64)		c	i		V(64)		V			64					M	1	1	1, 0, -3		1	1	0	4	0.0	0.0	1.0	0.0
118	111	3/4	3/4	2/2	1	1	V		c	i		V		V								M	1	1	1, 5, 2		1	1	0	4	0.0	0.0	1.0	0.0
119	112	0	0	2/2	1	1	i\\		c	i		i		i							\\	m	1	1	0, -3, 1		0	0	0	4	0.0	0.0	1.0	0.0
119	112	1/2	1/2	2/2	1	1	i		c	i		i		i								m	1	1	0, -3, 1		0	0	1	5	0.16666666666666666	0.125	0.625	0.16666666666666666
120	113	0	0	2/2	1	1	V		c	i		V		V								M	1	1	1, 5, 2		1	1	4	9	0.3076923076923077	0.5	2.0	0.2
121	114	0	0	2/2	1	1	i		c	i		i		i								m	1	1	0, -3, 1		0	0	2	13	0.13333333333333333	0.25	3.5	0.06666666666666667
122	115	0	0	2/2	1	1	V		c	i		V		V								M	1	1	1, 5, 2		1	1	0	6	0.0	0.0	2.0	0.0
122	115	1/2	1/2	2/2	1	1	i64		c	i		i64		i		64						m	1	1	1, 0, -3		0	1	0	8	0.0	0.0	1.0	0.0
123	116	0	0	2/2	1	1	V7		c	i		V7		V		7						Mm7	1	1	1, 5, 2, -1		1	1	0	59	0.0	0.0	13.25	0.0
126	119	0	0	2/2	1	1	I.I		c	I		I		I								M	1	0	0, 4, 1		0	0	0	5	0.0	0.0	4.0	0.0
127	120	0	0	2/2	1	1	V43		c	I		V43		V		43						Mm7	1	0	2, -1, 1, 5		1	2	2	5	0.2857142857142857	0.5	3.5	0.125
128	121	0	0	2/2	1	1	I6		c	I		I6		I		6						M	1	0	4, 1, 0		0	4	1	4	0.2	0.25	1.75	0.125
128	121	1/2	1/2	2/2	1	1	#viio6/V		c	I		#viio6/V		#vii	o	6		V				o	1	0	3, 0, 6		6	3	1	4	0.2	0.25	1.75	0.125
129	122	0	0	2/2	1	1	V(4)		c	I		V(4)		V			4					M	1	0	1, 0, 2		1	1	0	4	0.0	0.0	3.5	0.0
129	122	1/2	1/2	2/2	1	1	V		c	I		V		V								M	1	0	1, 5, 2		1	1	0	1	0.0	0.0	0.5	0.0
130	123	0	0	2/2	1	1	V65/ii		c	I		V65/ii		V		65		ii				Mm7	1	0	7, 4, 1, 3		3	7						
130	123	0	0	2/2	1	1	ii		c	I		ii		ii								m	1	0	2, -1, 3		2	2	3	4	0.42857142857142855	1.5	2.5	0.375
131	124	0	0	2/2	1	1	V65		c	I		V65		V		65						Mm7	1	0	5, 2, -1, 1		1	5						
131	124	0	0	2/2	1	1	I		c	I		I		I								M	1	0	0, 4, 1		0	0	3	4	0.42857142857142855	1.5	2.5	0.375
132	125	0	0	2/2	1	1	ii6(94)		c	I		ii6(94)		ii		6	94					m	1	0	1, 3, 2	4	2	1	1	3	0.25	0.5	0.75	0.4
132	125	1/4	1/4	2/2	1	1	ii6		c	I		ii6		ii		6						m	1	0	-1, 3, 2		2	-1	0	3	0.0	0.0	0.75	0.0
132	125	1/2	1/2	2/2	1	1	V(64)		c	I		V(64)		V			64					M	1	0	1, 0, 4		1	1	0	4	0.0	0.0	1.25	0.0
132	125	3/4	3/4	2/2	1	1	V7		c	I		V7		V		7						Mm7	1	0	1, 5, 2, -1		1	1	0	3	0.0	0.0	0.75	0.0
133	126	0	0	2/2	1	1	I\\		c	I		I		I							\\	M	1	0	0, 4, 1		0	0	6	9	0.4	0.5	1.75	0.2222222222222222
134	127	0	0	2/2	1	1	I		c	I		I		I								M	1	0	0, 4, 1		0	0	0	13	0.0	0.0	3.25	0.0
135	128	0	0	2/2	1	1	V7		c	I		V7		V		7						Mm7	1	0	1, 5, 2, -1		1	1	4	13	0.23529411764705882	1.0	2.25	0.3076923076923077
136	129	0	0	2/2	1	1	I		c	I		I		I								M	1	0	0, 4, 1		0	0	0	5	0.0	0.0	1.0	0.0
136	129	1/4	1/4	2/2	1	1	V6		c	I		V6		V		6						M	1	0	5, 2, 1		1	5	5	5	0.5	0.75	1.0	0.42857142857142855
136	129	3/4	3/4	2/2	1	1	V7/V		c	I		V7/V		V		7		V				Mm7	1	0	2, 6, 3, 0		2	2	0	4	0.0	0.0	0.75	0.0
137	130	0	0	2/2	1	1	V		c	I		V		V								M	1	0	1, 5, 2		1	1	2	9	0.18181818181818182	0.25	2.25	0.1
138	131	0	0	2/2	1	1	V7/ii		c	I		V7/ii		V		7		ii				Mm7	1	0	3, 7, 4, 1		3	3	0	7	0.0	0.0	1.5	0.0
138	131	1/2	1/2	2/2	1	1	ii		c	I		ii		ii								m	1	0	2, -1, 3		2	2	0	8	0.0	0.0	1.75	0.0
139	132	0	0	2/2	1	1	V		c	I		V		V								M	1	0	1, 5, 2		1	1	1	6	0.14285714285714285	0.5	1.0	0.3333333333333333
139	132	1/2	1/2	2/2	1	1	I		c	I		I		I								M	1	0	0, 4, 1		0	0	0	8	0.0	0.0	1.75	0.0
140	133	0	0	2/2	1	1	ii6(2)		c	I		ii6(2)		ii		6	2					m	1	0	-1, 3, 4		2	-1	0	4	0.0	0.0	0.75	0.0
140	133	1/4	1/4	2/2	1	1	ii6		c	I		ii6		ii		6						m	1	0	-1, 3, 2		2	-1	0	4	0.0	0.0	0.75	0.0
140	133	1/2	1/2	2/2	1	1	V7(4)		c	I		V7(4)		V		7	4					Mm7	1	0	1, 0, 2, -1		1	1	1	3	0.25	0.125	0.625	0.16666666666666666
140	133	3/4	3/4	2/2	1	1	V7		c	I		V7		V		7						Mm7	1	0	1, 5, 2, -1		1	1	0	4	0.0	0.0	0.75	0.0
141	134	0	0	2/2	1	1	I\\		c	I		I		I							\\	M	1	0	0, 4, 1		0	0	4	10	0.2857142857142857	0.375	1.875	0.16666666666666666
141	134	3/4	3/4	2/2	1	1	v6		c	I		v6		v		6						m	1	0	-2, 2, 1		1	-2	1	4	0.2	0.125	0.875	0.125
142	135	0	0	2/2	1	1	V7/ii		c	I		V7/ii		V		7		ii				Mm7	1	0	3, 7, 4, 1		3	3	0	8	0.0	0.0	1.75	0.0
142	135	1/2	1/2	2/2	1	1	ii		c	I		ii		ii								m	1	0	2, -1, 3		2	2	0	8	0.0	0.0	1.75	0.0
143	136	0	0	2/2	1	1	V7		c	I		V7		V		7						Mm7	1	0	1, 5, 2, -1		1	1	0	7	0.0	0.0	1.5	0.0
143	136	1/2	1/2	2/2	1	1	I		c	I		I		I								M	1	0	0, 4, 1		0	0	0	8	0.0	0.0	1.75	0.0
144	137	0	0	2/2	1	1	ii6		c	I		ii6		ii		6						m	1	0	-1, 3, 2		2	-1	3	17	0.15	0.375	2.625	0.125
145	138	0	0	2/2	1	1	V(64)		c	I		V(64)		V			64					M	1	0	1, 0, 4		1	1	1	6	0.14285714285714285	0.125	1.375	0.08333333333333333
145	138	1/2	1/2	2/2	1	1	V7		c	I		V7		V		7						Mm7	1	0	1, 5, 2, -1		1	1	2	7	0.2222222222222222	0.25	1.25	0.16666666666666666
146	139	0	0	2/2	1	1	I\\		c	I		I		I							\\	M	1	0	0, 4, 1		0	0	4	10	0.2857142857142857	0.5	2.0	0.2
147	140	0	0	2/2	1	1	I6		c	I		I6		I		6						M	1	0	4, 1, 0		0	4	2	7	0.2222222222222222	0.25	2.25	0.1
148	141	0	0	2/2	1	1	V64		c	I		V64		V		64						M	1	0	2, 1, 5		1	2	4	9	0.3076923076923077	0.5	1.75	0.2222222222222222
149	142	0	0	2/2	1	1	V7		c	I		V7		V		7						Mm7	1	0	1, 5, 2, -1		1	1	3	10	0.23076923076923078	0.375	2.875	0.11538461538461539
150	143	0	0	2/2	1	1	i.i		c	i		i		i								m	1	1	0, -3, 1		0	0	4	9	0.3076923076923077	0.5	1.75	0.2222222222222222
151	144	0	0	2/2	1	1	i6		c	i		i6		i		6						m	1	1	-3, 1, 0		0	-3	2	7	0.2222222222222222	0.25	2.25	0.1
152	145	0	0	2/2	1	1	V7/III		c	i		V7/III		V		7		III				Mm7	1	1	-2, 2, -1, -4		-2	-2	7	20	0.25925925925925924	0.875	4.625	0.1590909090909091
154	147	0	0	2/2	1	1	III		c	i		III		III								M	1	1	-3, 1, -2		-3	-3	4	9	0.3076923076923077	0.5	1.75	0.2222222222222222
155	148	0	0	2/2	1	1	III6		c	i		III6		III		6						M	1	1	1, -2, -3		-3	1	2	7	0.2222222222222222	0.25	2.25	0.1
156	149	0	0	2/2	1	1	V7/iv		c	i		V7/iv		V		7		iv				Mm7	1	1	0, 4, 1, -2		0	0	6	17	0.2608695652173913	0.75	4.0	0.15789473684210525
157	150	3/4	3/4	2/2	1	1	V2/iv		c	i		V2/iv		V		2		iv				Mm7	1	1	-2, 0, 4, 1		0	-2	0	3	0.0	0.0	0.75	0.0
158	151	0	0	2/2	1	1	iv6		c	i		iv6		iv		6						m	1	1	-4, 0, -1		-1	-4	6	17	0.2608695652173913	0.75	4.0	0.15789473684210525
160	153	0	0	2/2	1	1	.It6		c	i		It6	It	vii	o	6	b3	V				It	1	1	-4, 0, 6		6	-4	7	20	0.25925925925925924	1.375	4.875	0.22
162	155	0	0	2/2	1	1	V\\		c	i		V		V							\\	M	1	1	1, 5, 2		1	1	0	5	0.0	0.0	1.75	0.0
162	155	1/4	1/4	2/2	1	1	V[V		c	i	V	V		V								M	1	1	1, 5, 2		1	1	0	3	0.0	0.0	0.5	0.0
162	155	1/2	1/2	2/2	1	1	#viio7		c	i		#viio7		#vii	o	7						o7	1	1	5, 2, -1, -4		5	5	0	6	0.0	0.0	1.25	0.0
163	156	0	0	2/2	1	1	VI6		c	i		VI6		VI		6						M	1	1	0, -3, -4		-4	0	2	3	0.4	0.375	0.625	0.375
163	156	1/4	1/4	2/2	1	1	i6		c	i		i6		i		6						m	1	1	-3, 1, 0		0	-3	1	4	0.2	0.125	0.875	0.125
163	156	1/2	1/2	2/2	1	1	#viio6		c	i		#viio6		#vii	o	6						o	1	1	2, -1, 5		5	2	2	3	0.4	0.375	0.625	0.375
163	156	3/4	3/4	2/2	1	1	#viio43/V		c	i		#viio43/V		#vii	o	43		V				o7	1	1	0, -3, 6, 3		6	0	2	3	0.4	0.375	0.625	0.375
164	157	0	0	2/2	1	1	V6		c	i		V6		V		6						M	1	1	5, 2, 1		1	5	0	8	0.0	0.0	2.25	0.0
164	157	1/2	1/2	2/2	1	1	#viio7		c	i		#viio7		#vii	o	7						o7	1	1	5, 2, -1, -4		5	5	0	6	0.0	0.0	1.25	0.0
165	158	0	0	2/2	1	1	VI6		c	i		VI6		VI		6						M	1	1	0, -3, -4		-4	0	2	3	0.4	0.375	0.625	0.375
165	158	1/4	1/4	2/2	1	1	i6		c	i		i6		i		6						m	1	1	-3, 1, 0		0	-3	1	4	0.2	0.125	0.875	0.125
165	158	1/2	1/2	2/2	1	1	viio6		c	i		viio6		vii	o	6						o	1	1	-5, -8, -2		-2	-5	5	0	1.0	1.0	0.0	1.0
165	158	3/4	3/4	2/2	1	1	#viio43/V		c	i		#viio43/V		#vii	o	43		V				o7	1	1	0, -3, 6, 3		6	0	2	3	0.4	0.375	0.625	0.375
166	159	0	0	2/2	1	1	V]		c	i		V		V					]			M	1	1	1, 5, 2		1	1	0	5	0.0	0.0	1.0	0.0
166	159	1/4	1/4	2/2	1	1	V		c	i		V		V								M	1	1	1, 5, 2		1	1	0	3	0.0	0.0	0.5	0.0
166	159	1/2	1/2	2/2	1	1	#viio2		c	i		#viio2		#vii	o	2						o7	1	1	-4, 5, 2, -1		5	-4	0	14	0.0	0.0	3.0	0.0
168	161	0	0	2/2	1	1	V		c	i		V		V								M	1	1	1, 5, 2		1	1	2	6	0.25	0.375	1.125	0.25
168	161	1/2	1/2	2/2	1	1	#viio7\\		c	i		#viio7		#vii	o	7					\\	o7	1	1	5, 2, -1, -4		5	5	1	15	0.0625	1.0	4.0	0.2
172	165	0	0	2/2	1	1	i		c	i		i		i								m	1	1	0, -3, 1		0	0	10	31	0.24390243902439024	1.125	8.875	0.1125
174	167	0	0	2/2	1	1	V65		c	i		V65		V		65						Mm7	1	1	5, 2, -1, 1		1	5	0	5	0.0	0.0	1.25	0.0
174	167	1/4	1/4	2/2	1	1	i		c	i		i		i								m	1	1	0, -3, 1		0	0	0	5	0.0	0.0	1.25	0.0
174	167	1/2	1/2	2/2	1	1	V		c	i		V		V								M	1	1	1, 5, 2		1	1	0	5	0.0	0.0	1.25	0.0
174	167	3/4	3/4	2/2	1	1	i		c	i		i		i								m	1	1	0, -3, 1		0	0	0	5	0.0	0.0	1.25	0.0
175	168	0	0	2/2	1	1	V		c	i		V		V								M	1	1	1, 5, 2		1	1	2	17	0.10526315789473684	0.25	4.75	0.05
176	169	0	0	2/2	1	1	i		c	i		i		i								m	1	1	0, -3, 1		0	0	4	16	0.2	0.5	4.5	0.1
177	170	0	0	2/2	1	1	v.iv		c	v		iv		iv								m	1	1	0, -3, 1		0	0	3	10	0.23076923076923078	0.25	2.25	0.1
177	170	1/2	1/2	2/2	1	1	#viio7/V		c	v		#viio7/V		#vii	o	7		V				o7	1	1	7, 4, 1, -2		7	7	2	10	0.16666666666666666	0.25	2.25	0.1
178	171	0	0	2/2	1	1	V(64)		c	v		V(64)		V			64					M	1	1	2, 1, -2		2	2	0	5	0.0	0.0	1.25	0.0
178	171	1/4	1/4	2/2	1	1	.Ger6		c	v		Ger6	Ger	vii	o	65	b3	V				Ger	1	1	-3, 1, -2, 7		7	-3	0	4	0.0	0.0	1.0	0.0
178	171	1/2	1/2	2/2	1	1	V(64)		c	v		V(64)		V			64					M	1	1	2, 1, -2		2	2	0	4	0.0	0.0	1.0	0.0
178	171	3/4	3/4	2/2	1	1	V		c	v		V		V								M	1	1	2, 6, 3		2	2	0	4	0.0	0.0	1.0	0.0
179	172	0	0	2/2	1	1	i\\		c	v		i		i							\\	m	1	1	1, -2, 2		1	1	2	6	0.25	0.25	3.25	0.07142857142857142
180	173	0	0	2/2	1	1	i.V7/iv		c	i		V7/iv		V		7		iv				Mm7	1	1	0, 4, 1, -2		0	0	1	9	0.1	0.25	3.25	0.07142857142857142
180	173	3/4	3/4	2/2	1	1	iv		c	i		iv		iv								m	1	1	-1, -4, 0		-1	-1	0	4	0.0	0.0	1.0	0.0
181	174	0	0	2/2	1	1	V7/III		c	i		V7/III		V		7		III				Mm7	1	1	-2, 2, -1, -4		-2	-2	1	8	0.1111111111111111	0.25	2.75	0.08333333333333333
181	174	3/4	3/4	2/2	1	1	III		c	i		III		III								M	1	1	-3, 1, -2		-3	-3	0	4	0.0	0.0	1.0	0.0
182	175	0	0	2/2	1	1	iv6(2)		c	i		iv6(2)		iv		6	2					m	1	1	-4, 0, 1		-1	-4	4	6	0.4	0.5	1.5	0.25
182	175	1/2	1/2	2/2	1	1	ii%43		c	i		ii%43		ii	%	43						%7	1	1	-4, 0, 2, -1		2	-4	0	4	0.0	0.0	1.0	0.0
182	175	3/4	3/4	2/2	1	1	.It6		c	i		It6	It	vii	o	6	b3	V				It	1	1	-4, 0, 6		6	-4	0	4	0.0	0.0	1.0	0.0
183	176	0	0	2/2	1	1	V\\		c	i		V		V							\\	M	1	1	1, 5, 2		1	1	2	6	0.25	0.25	3.0	0.07692307692307693
184	177	0	0	2/2	1	1	i		c	i		i		i								m	1	1	0, -3, 1		0	0	6	21	0.2222222222222222	0.625	5.625	0.1
185	178	1/4	1/4	2/2	1	1	V2/iv		c	i		V2/iv		V		2		iv				Mm7	1	1	-2, 0, 4, 1		0	-2	1	4	0.2	0.125	0.875	0.125
185	178	1/2	1/2	2/2	1	1	iv65		c	i		iv65		iv		65						mm7	1	1	-4, 0, -3, -1		-1	-4	1	4	0.2	0.125	0.875	0.125
185	178	3/4	3/4	2/2	1	1	V64/iv		c	i		V64/iv		V		64		iv				M	1	1	1, 0, 4		0	1	1	5	0.16666666666666666	0.125	1.125	0.1
186	179	0	0	2/2	1	1	iv		c	i		iv		iv								m	1	1	-1, -4, 0		-1	-1	0	5	0.0	0.0	1.25	0.0
186	179	1/4	1/4	2/2	1	1	.It6		c	i		It6	It	vii	o	6	b3	V				It	1	1	-4, 0, 6		6	-4	0	4	0.0	0.0	1.0	0.0
186	179	1/2	1/2	2/2	1	1	V(64)		c	i		V(64)		V			64					M	1	1	1, 0, -3		1	1	0	4	0.0	0.0	1.0	0.0
186	179	3/4	3/4	2/2	1	1	V		c	i		V		V								M	1	1	1, 5, 2		1	1	0	4	0.0	0.0	1.0	0.0
187	180	0	0	2/2	1	1	i\\		c	i		i		i							\\	m	1	1	0, -3, 1		0	0	1	7	0.125	0.125	1.375	0.08333333333333333
187	180	3/4	3/4	2/2	1	1	V7		c	i		V7		V		7						Mm7	1	1	1, 5, 2, -1		1	1	0	5	0.0	0.0	1.0	0.0
188	181	0	0	2/2	1	1	i		c	i		i		i								m	1	1	0, -3, 1		0	0	1	7	0.125	0.125	1.375	0.08333333333333333
188	181	3/4	3/4	2/2	1	1	V7		c	i		V7		V		7						Mm7	1	1	1, 5, 2, -1		1	1	0	6	0.0	0.0	1.25	0.0
189	182	0	0	2/2	1	1	i		c	i		i		i								m	1	1	0, -3, 1		0	0	1	8	0.1111111111111111	0.125	1.625	0.07142857142857142
189	182	3/4	3/4	2/2	1	1	V		c	i		V		V								M	1	1	1, 5, 2		1	1	0	6	0.0	0.0	1.25	0.0
190	183	0	0	2/2	1	1	i		c	i		i		i								m	1	1	0, -3, 1		0	0	0	6	0.0	0.0	1.25	0.0
190	183	1/4	1/4	2/2	1	1	V		c	i		V		V								M	1	1	1, 5, 2		1	1	1	5	0.16666666666666666	0.25	1.0	0.2
190	183	1/2	1/2	2/2	1	1	i		c	i		i		i								m	1	1	0, -3, 1		0	0	0	6	0.0	0.0	1.25	0.0
190	183	3/4	3/4	2/2	1	1	V		c	i		V		V								M	1	1	1, 5, 2		1	1	1	5	0.16666666666666666	0.25	1.0	0.2
191	184	0	0	2/2	1	1	i		c	i		i		i								m	1	1	0, -3, 1		0	0	0	6	0.0	0.0	2.25	0.0
191	184	1/2	1/2	2/2	1	1	V2/iv		c	i		V2/iv		V		2		iv				Mm7	1	1	-2, 0, 4, 1		0	-2	0	4	0.0	0.0	1.25	0.0
192	185	0	0	2/2	1	1	iv6		c	i		iv6		iv		6						m	1	1	-4, 0, -1		-1	-4	0	6	0.0	0.0	2.25	0.0
192	185	1/2	1/2	2/2	1	1	iv		c	i		iv		iv								m	1	1	-1, -4, 0		-1	-1	0	4	0.0	0.0	1.25	0.0
193	186	0	0	2/2	1	1	V(64)		c	i		V(64)		V			64					M	1	1	1, 0, -3		1	1	2	8	0.2	0.25	2.5	0.09090909090909091
194	187	0	0	2/2	1	1	V		c	i		V		V								M	1	1	1, 5, 2		1	1	2	8	0.2	0.25	2.5	0.09090909090909091
195	188	0	0	2/2	1	1	i\\		c	i		i		i							\\	m	1	1	0, -3, 1		0	0	0	6	0.0	0.0	2.25	0.0
195	188	1/2	1/2	2/2	1	1	V2/iv		c	i		V2/iv		V		2		iv				Mm7	1	1	-2, 0, 4, 1		0	-2	0	4	0.0	0.0	1.25	0.0
196	189	0	0	2/2	1	1	iv6		c	i		iv6		iv		6						m	1	1	-4, 0, -1		-1	-4	0	6	0.0	0.0	2.25	0.0
196	189	1/2	1/2	2/2	1	1	i64		c	i		i64		i		64						m	1	1	1, 0, -3		0	1	0	4	0.0	0.0	1.25	0.0
197	190	0	0	2/2	1	1	iv		c	i		iv		iv								m	1	1	-1, -4, 0		-1	-1						
197	190	0	0	2/2	1	1	iv7		c	i		iv7		iv		7						mm7	1	1	-1, -4, 0, -3		-1	-1	2	10	0.16666666666666666	0.25	3.0	0.07692307692307693
198	191	0	0	2/2	1	1	.Ger6		c	i		Ger6	Ger	vii	o	65	b3	V				Ger	1	1	-4, 0, -3, 6		6	-4	2	8	0.2	0.25	2.5	0.09090909090909091
199	192	0	0	2/2	1	1	V(64)		c	i		V(64)		V			64					M	1	1	1, 0, -3		1	1	2	8	0.2	0.25	2.5	0.09090909090909091
200	193	0	0	2/2	1	1	V		c	i		V		V								M	1	1	1, 5, 2		1	1	2	8	0.2	0.25	2.5	0.09090909090909091
201	194	0	0	2/2	1	1	i\\		c	i		i		i							\\	m	1	1	0, -3, 1		0	0	0	7	0.0	0.0	2.5	0.0
201	194	3/4	3/4	2/2	1	1	i64		c	i		i64		i		64						m	1	1	1, 0, -3		0	1	0	2	0.0	0.0	0.5	0.0
202	195	0	0	2/2	1	1	V43		c	i		V43		V		43						Mm7	1	1	2, -1, 1, 5		1	2	0	7	0.0	0.0	2.5	0.0
202	195	3/4	3/4	2/2	1	1	V7		c	i		V7		V		7						Mm7	1	1	1, 5, 2, -1		1	1	0	2	0.0	0.0	0.5	0.0
203	196	0	0	2/2	1	1	i6		c	i		i6		i		6						m	1	1	-3, 1, 0		0	-3	0	8	0.0	0.0	3.0	0.0
203	196	3/4	3/4	2/2	1	1	i		c	i		i		i								m	1	1	0, -3, 1		0	0	0	2	0.0	0.0	0.5	0.0
204	197	0	0	2/2	1	1	ii%65		c	i		ii%65		ii	%	65						%7	1	1	-1, -4, 0, 2		2	-1	0	5	0.0	0.0	1.25	0.0
204	197	1/4	1/4	2/2	1	1	ii%7		c	i		ii%7		ii	%	7						%7	1	1	2, -1, -4, 0		2	2	0	4	0.0	0.0	1.0	0.0
204	197	1/2	1/2	2/2	1	1	V(64)		c	i		V(64)		V			64					M	1	1	1, 0, -3		1	1	0	4	0.0	0.0	1.0	0.0
204	197	3/4	3/4	2/2	1	1	V7		c	i		V7		V		7						Mm7	1	1	1, 5, 2, -1		1	1	0	4	0.0	0.0	1.0	0.0
205	198	0	0	2/2	1	1	i\\		c	i		i		i							\\	m	1	1	0, -3, 1		0	0	0	15	0.0	0.0	3.5	0.0
206	199	0	0	2/2	1	1	V43		c	i		V43		V		43						Mm7	1	1	2, -1, 1, 5		1	2	0	4	0.0	0.0	1.0	0.0
206	199	1/4	1/4	2/2	1	1	V7		c	i		V7		V		7						Mm7	1	1	1, 5, 2, -1		1	1	0	3	0.0	0.0	0.5	0.0
206	199	1/2	1/2	2/2	1	1	V43		c	i		V43		V		43						Mm7	1	1	2, -1, 1, 5		1	2	0	5	0.0	0.0	1.5	0.0
206	199	3/4	3/4	2/2	1	1	V7		c	i		V7		V		7						Mm7	1	1	1, 5, 2, -1		1	1	0	3	0.0	0.0	0.5	0.0
207	200	0	0	2/2	1	1	i6		c	i		i6		i		6						m	1	1	-3, 1, 0		0	-3	2	17	0.10526315789473684	0.5	3.25	0.13333333333333333
209	202	0	0	2/2	1	1	ii%65		c	i		ii%65		ii	%	65						%7	1	1	-1, -4, 0, 2		2	-1	3	13	0.1875	0.75	3.25	0.1875
211	204	0	0	2/2	1	1	V(64)		c	i		V(64)		V			64					M	1	1	1, 0, -3		1	1	0	4	0.0	0.0	1.0	0.0
212	205	0	0	2/2	1	1	V7\\		c	i		V7		V		7					\\	Mm7	1	1	1, 5, 2, -1		1	1	2	6	0.25	0.25	1.25	0.16666666666666666
213	206	0	0	2/2	1	1	I[I		c	i	I	I		I								M	1	1	0, 4, 1		0	0	4	10	0.2857142857142857	0.5	2.75	0.15384615384615385
214	207	0	0	2/2	1	1	iv		c	i		iv		iv								m	1	1	-1, -4, 0		-1	-1	0	4	0.0	0.0	1.0	0.0
214	207	1/4	1/4	2/2	1	1	I		c	i		I		I								M	1	1	0, 4, 1		0	0	0	4	0.0	0.0	1.0	0.0
214	207	1/2	1/2	2/2	1	1	iv		c	i		iv		iv								m	1	1	-1, -4, 0		-1	-1	0	4	0.0	0.0	1.0	0.0
214	207	3/4	3/4	2/2	1	1	I		c	i		I		I								M	1	1	0, 4, 1		0	0	6	15	0.2857142857142857	0.75	4.25	0.15
216	209	0	0	2/2	1	1	iv		c	i		iv		iv								m	1	1	-1, -4, 0		-1	-1	0	4	0.0	0.0	1.0	0.0
216	209	1/4	1/4	2/2	1	1	I		c	i		I		I								M	1	1	0, 4, 1		0	0	0	4	0.0	0.0	1.0	0.0
216	209	1/2	1/2	2/2	1	1	iv		c	i		iv		iv								m	1	1	-1, -4, 0		-1	-1	0	4	0.0	0.0	1.0	0.0
216	209	3/4	3/4	2/2	1	1	I		c	i		I		I								M	1	1	0, 4, 1		0	0	14	39	0.2641509433962264	1.75	9.75	0.15217391304347827
221	214	0	0	2/2	1	1	I]		c	i		I		I					]			M	1	1	0, 4, 1		0	0	2	2	0.5	0.08333333333333333	0.2916666666666667	0.2222222222222222
222	215	0	0	2/2	1	1	I		c	i		I		I								M	1	1	0, 4, 1		0	0	26	23	0.5306122448979592	1.0833333333333333	3.0416666666666665	0.2626262626262626
225	218	0	0	2/2	1	1	I\\		c	i		I		I							\\	M	1	1	0, 4, 1		0	0	0	4	0.0	0.0	1.0	0.0
