mc	mn	quarterbeats	quarterbeats_all_endings	duration_qb	mc_onset	mn_onset	timesig	staff	voice	duration	nominal_duration	scalar	tied	tpc	midi	name	octave	chord_id
1	1	0	0	2.0	0	0	2/4	9	1	1/2	1/2	1	1	-6	66	Gb4	4	0
2	2	2	2	2.0	0	0	2/4	9	1	1/2	1/2	1	0	-6	66	Gb4	4	4
2	2	3	3	1.0	1/4	1/4	2/4	3	1	1/4	1/4	1	1	-2	70	Bb4	4	2
2	2	3	3	1.0	1/4	1/4	2/4	5	1	1/4	1/4	1	1	-2	70	Bb4	4	3
2	2	3	3	1.0	1/4	1/4	2/4	1	1	1/4	1/4	1	1	-2	82	Bb5	5	1
3	3	4	4	2.0	0	0	2/4	9	1	1/2	1/2	1	-1	-6	66	Gb4	4	10
3	3	4	4	1.0	0	0	2/4	5	1	1/4	1/4	1	-1	-2	70	Bb4	4	8
3	3	4	4	2.0	0	0	2/4	3	1	1/2	1/2	1	0	-2	70	Bb4	4	7
3	3	4	4	1.0	0	0	2/4	1	1	1/4	1/4	1	-1	-2	82	Bb5	5	5
3	3	5	5	1.0	1/4	1/4	2/4	5	1	1/4	1/4	1		0	72	C5	5	9
3	3	5	5	1.0	1/4	1/4	2/4	1	1	1/4	1/4	1		0	84	C6	6	6
4	4	6	6	1.0	0	0	2/4	9	1	1/4	1/4	1		-1	65	F4	4	16
4	4	6	6	2.0	0	0	2/4	3	1	1/2	1/2	1	0	-2	70	Bb4	4	13
4	4	6	6	1.0	0	0	2/4	5	1	1/4	1/4	1		2	74	D5	5	14
4	4	6	6	1.0	0	0	2/4	1	1	1/4	1/4	1		2	86	D6	6	11
4	4	7	7	1.0	1/4	1/4	2/4	9	1	1/4	1/4	1		-3	63	Eb4	4	17
4	4	7	7	1.0	1/4	1/4	2/4	5	1	1/4	1/4	1		-3	75	Eb5	5	15
4	4	7	7	1.0	1/4	1/4	2/4	1	1	1/4	1/4	1		-3	87	Eb6	6	12
5	5	8	8	1.0	0	0	2/4	9	1	1/4	1/4	1		2	62	D4	4	25
5	5	8	8	2.0	0	0	2/4	3	1	1/2	1/2	1	-1	-2	70	Bb4	4	21
5	5	8	8	1.0	0	0	2/4	5	1	1/4	1/4	1		-1	77	F5	5	22
5	5	8	8	1.0	0	0	2/4	1	1	1/4	1/4	1		-1	89	F6	6	18
5	5	9	9	1.0	1/4	1/4	2/4	9	1	1/4	1/4	1		-3	63	Eb4	4	26
5	5	9	9	0.5	1/4	1/4	2/4	5	1	1/8	1/8	1		-3	75	Eb5	5	23
5	5	9	9	0.5	1/4	1/4	2/4	1	1	1/8	1/8	1		-3	87	Eb6	6	19
5	5	19/2	19/2	0.5	3/8	3/8	2/4	5	1	1/8	1/8	1		2	74	D5	5	24
5	5	19/2	19/2	0.5	3/8	3/8	2/4	1	1	1/8	1/8	1		2	86	D6	6	20
6	6	10	10	1.0	0	0	2/4	9	1	1/4	1/4	1		-1	65	F4	4	30
6	6	10	10	1.0	0	0	2/4	3	1	1/4	1/4	1		3	69	A4	4	28
6	6	10	10	1.0	0	0	2/4	5	1	1/4	1/4	1		0	72	C5	5	29
6	6	10	10	1.0	0	0	2/4	1	1	1/4	1/4	1		0	84	C6	6	27
7	7	12	12	2.0	0	0	2/4	9	1	1/2	1/2	1	1	-6	66	Gb4	4	31
8	8	14	14	2.0	0	0	2/4	9	1	1/2	1/2	1	0	-6	66	Gb4	4	35
8	8	15	15	1.0	1/4	1/4	2/4	3	1	1/4	1/4	1	1	-2	70	Bb4	4	33
8	8	15	15	1.0	1/4	1/4	2/4	5	1	1/4	1/4	1	1	-2	70	Bb4	4	34
8	8	15	15	1.0	1/4	1/4	2/4	1	1	1/4	1/4	1	1	-2	82	Bb5	5	32
9	9	16	16	2.0	0	0	2/4	9	1	1/2	1/2	1	-1	-6	66	Gb4	4	41
9	9	16	16	1.0	0	0	2/4	5	1	1/4	1/4	1	-1	-2	70	Bb4	4	39
9	9	16	16	2.0	0	0	2/4	3	1	1/2	1/2	1	0	-2	70	Bb4	4	38
9	9	16	16	1.0	0	0	2/4	1	1	1/4	1/4	1	-1	-2	82	Bb5	5	36
9	9	17	17	1.0	1/4	1/4	2/4	5	1	1/4	1/4	1		0	72	C5	5	40
9	9	17	17	1.0	1/4	1/4	2/4	1	1	1/4	1/4	1		0	84	C6	6	37
10	10	18	18	1.0	0	0	2/4	9	1	1/4	1/4	1		-1	65	F4	4	47
10	10	18	18	2.0	0	0	2/4	3	1	1/2	1/2	1	0	-2	70	Bb4	4	44
10	10	18	18	1.0	0	0	2/4	5	1	1/4	1/4	1		2	74	D5	5	45
10	10	18	18	1.0	0	0	2/4	1	1	1/4	1/4	1		2	86	D6	6	42
10	10	19	19	1.0	1/4	1/4	2/4	9	1	1/4	1/4	1		-3	63	Eb4	4	48
10	10	19	19	1.0	1/4	1/4	2/4	5	1	1/4	1/4	1		-3	75	Eb5	5	46
10	10	19	19	1.0	1/4	1/4	2/4	1	1	1/4	1/4	1		-3	87	Eb6	6	43
11	11	20	20	1.0	0	0	2/4	9	1	1/4	1/4	1		2	62	D4	4	58
11	11	20	20	2.0	0	0	2/4	3	1	1/2	1/2	1	-1	-2	70	Bb4	4	53
11	11	20	20	0.5	0	0	2/4	5	1	1/8	1/8	1		1	79	G5	5	54
11	11	20	20	0.5	0	0	2/4	1	1	1/8	1/8	1		1	91	G6	6	49
11	11	41/2	41/2	0.5	1/8	1/8	2/4	5	1	1/8	1/8	1		-1	77	F5	5	55
11	11	41/2	41/2	0.5	1/8	1/8	2/4	1	1	1/8	1/8	1		-1	89	F6	6	50
11	11	21	21	1.0	1/4	1/4	2/4	9	1	1/4	1/4	1		-3	63	Eb4	4	59
11	11	21	21	0.5	1/4	1/4	2/4	5	1	1/8	1/8	1		-3	75	Eb5	5	56
11	11	21	21	0.5	1/4	1/4	2/4	1	1	1/8	1/8	1		-3	87	Eb6	6	51
11	11	43/2	43/2	0.5	3/8	3/8	2/4	5	1	1/8	1/8	1		2	74	D5	5	57
11	11	43/2	43/2	0.5	3/8	3/8	2/4	1	1	1/8	1/8	1		2	86	D6	6	52
12	12	22	22	1.0	0	0	2/4	9	1	1/4	1/4	1		-1	65	F4	4	63
12	12	22	22	1.0	0	0	2/4	3	1	1/4	1/4	1		3	69	A4	4	61
12	12	22	22	1.0	0	0	2/4	5	1	1/4	1/4	1		0	72	C5	5	62
12	12	22	22	1.0	0	0	2/4	1	1	1/4	1/4	1		0	84	C6	6	60
13	13	24	24	2.0	0	0	2/4	9	1	1/2	1/2	1	1	-6	66	Gb4	4	64
14	14	26	26	2.0	0	0	2/4	9	1	1/2	1/2	1	0	-6	66	Gb4	4	68
14	14	27	27	1.0	1/4	1/4	2/4	3	1	1/4	1/4	1	1	-2	70	Bb4	4	66
14	14	27	27	1.0	1/4	1/4	2/4	5	1	1/4	1/4	1	1	-2	70	Bb4	4	67
14	14	27	27	1.0	1/4	1/4	2/4	1	1	1/4	1/4	1	1	-2	82	Bb5	5	65
15	15	28	28	2.0	0	0	2/4	9	1	1/2	1/2	1	-1	-6	66	Gb4	4	78
15	15	28	28	0.5	0	0	2/4	5	1	1/8	1/8	1	-1	-2	70	Bb4	4	74
15	15	28	28	2.0	0	0	2/4	3	1	1/2	1/2	1	0	-2	70	Bb4	4	73
15	15	28	28	0.5	0	0	2/4	1	1	1/8	1/8	1	-1	-2	82	Bb5	5	69
15	15	57/2	57/2	0.5	1/8	1/8	2/4	5	1	1/8	1/8	1		0	72	C5	5	75
15	15	57/2	57/2	0.5	1/8	1/8	2/4	1	1	1/8	1/8	1		0	84	C6	6	70
15	15	29	29	0.5	1/4	1/4	2/4	5	1	1/8	1/8	1		2	74	D5	5	76
15	15	29	29	0.5	1/4	1/4	2/4	1	1	1/8	1/8	1		2	86	D6	6	71
15	15	59/2	59/2	0.5	3/8	3/8	2/4	5	1	1/8	1/8	1		-3	75	Eb5	5	77
15	15	59/2	59/2	0.5	3/8	3/8	2/4	1	1	1/8	1/8	1		-3	87	Eb6	6	72
16	16	30	30	1.0	0	0	2/4	9	1	1/4	1/4	1		-1	65	F4	4	85
16	16	30	30	2.0	0	0	2/4	3	1	1/2	1/2	1	0	-2	70	Bb4	4	80
16	16	30	30	0.5	0	0	2/4	5	1	1/8	1/8	1		-1	77	F5	5	81
16	16	30	30	2.0	0	0	2/4	1	1	1/2	1/2	1	1	-1	89	F6	6	79
16	16	61/2	61/2	0.5	1/8	1/8	2/4	5	1	1/8	1/8	1		-2	82	Bb5	5	82
16	16	31	31	1.0	1/4	1/4	2/4	9	1	1/4	1/4	1		-3	63	Eb4	4	86
16	16	31	31	0.5	1/4	1/4	2/4	5	1	1/8	1/8	1		3	81	A5	5	83
16	16	63/2	63/2	0.5	3/8	3/8	2/4	5	1	1/8	1/8	1		1	79	G5	5	84
17	17	32	32	1.0	0	0	2/4	9	1	1/4	1/4	1		2	62	D4	4	93
17	17	32	32	2.0	0	0	2/4	3	1	1/2	1/2	1	-1	-2	70	Bb4	4	88
17	17	32	32	0.5	0	0	2/4	5	1	1/8	1/8	1		-1	77	F5	5	89
17	17	32	32	2.0	0	0	2/4	1	1	1/2	1/2	1	0	-1	89	F6	6	87
17	17	65/2	65/2	0.5	1/8	1/8	2/4	5	1	1/8	1/8	1		-2	82	Bb5	5	90
17	17	33	33	1.0	1/4	1/4	2/4	9	1	1/4	1/4	1		-3	63	Eb4	4	94
17	17	33	33	0.5	1/4	1/4	2/4	5	1	1/8	1/8	1		3	81	A5	5	91
17	17	67/2	67/2	0.5	3/8	3/8	2/4	5	1	1/8	1/8	1		1	79	G5	5	92
18	18	34	34	1.0	0	0	2/4	9	1	1/4	1/4	1		-1	65	F4	4	100
18	18	34	34	1.0	0	0	2/4	5	1	1/4	1/4	1		-1	77	F5	5	99
18	18	34	34	0.5	0	0	2/4	1	1	1/8	1/8	1	-1	-1	89	F6	6	95
18	18	69/2	69/2	0.5	1/8	1/8	2/4	1	1	1/8	1/8	1		4	88	E6	6	96
18	18	35	35	0.5	1/4	1/4	2/4	1	1	1/8	1/8	1		-3	87	Eb6	6	97
18	18	71/2	71/2	0.5	3/8	3/8	2/4	1	1	1/8	1/8	1		2	86	D6	6	98
19	19	36	36	0.5	0	0	2/4	21	1	1/8	1/8	1		0	84	C6	6	101
19	19	73/2	73/2	0.5	1/8	1/8	2/4	21	1	1/8	1/8	1		-2	82	Bb5	5	102
19	19	37	37	0.5	1/4	1/4	2/4	21	1	1/8	1/8	1		3	81	A5	5	103
19	19	75/2	75/2	0.5	3/8	3/8	2/4	21	1	1/8	1/8	1		1	79	G5	5	104
20	20	38	38	0.5	0	0	2/4	21	1	1/8	1/8	1		-1	77	F5	5	105
20	20	77/2	77/2	0.5	1/8	1/8	2/4	21	1	1/8	1/8	1		4	76	E5	5	106
20	20	39	39	0.5	1/4	1/4	2/4	21	1	1/8	1/8	1		-3	75	Eb5	5	107
20	20	79/2	79/2	0.5	3/8	3/8	2/4	21	1	1/8	1/8	1		2	74	D5	5	108
21	21	40	40	2.0	0	0	2/4	23	1	1/2	1/2	1	1	-5	61	Db4	4	111
21	21	40	40	2.0	0	0	2/4	22	1	1/2	1/2	1	1	-2	70	Bb4	4	110
21	21	40	40	2.0	0	0	2/4	21	1	1/2	1/2	1	1	-5	73	Db5	5	109
22	22	42	42	2.0	0	0	2/4	23	1	1/2	1/2	1	0	-5	61	Db4	4	114
22	22	42	42	2.0	0	0	2/4	22	1	1/2	1/2	1	0	-2	70	Bb4	4	113
22	22	42	42	2.0	0	0	2/4	21	1	1/2	1/2	1	0	-5	73	Db5	5	112
22	22	43	43	1.0	1/4	1/4	2/4	25	1	1/4	1/4	1	1	-6	42	Gb2	2	116
22	22	43	43	1.0	1/4	1/4	2/4	24	1	1/4	1/4	1	1	-6	54	Gb3	3	115
23	23	44	44	1.0	0	0	2/4	25	1	1/4	1/4	1	-1	-6	42	Gb2	2	122
23	23	44	44	1.0	0	0	2/4	24	1	1/4	1/4	1	-1	-6	54	Gb3	3	120
23	23	44	44	2.0	0	0	2/4	23	1	1/2	1/2	1	0	-5	61	Db4	4	119
23	23	44	44	2.0	0	0	2/4	22	1	1/2	1/2	1	0	-2	70	Bb4	4	118
23	23	44	44	2.0	0	0	2/4	21	1	1/2	1/2	1	0	-5	73	Db5	5	117
23	23	45	45	1.0	1/4	1/4	2/4	25	1	1/4	1/4	1		-1	41	F2	2	123
23	23	45	45	1.0	1/4	1/4	2/4	24	1	1/4	1/4	1		-1	53	F3	3	121
24	24	46	46	1.0	0	0	2/4	25	1	1/4	1/4	1		-3	39	Eb2	2	129
24	24	46	46	1.0	0	0	2/4	24	1	1/4	1/4	1		-3	51	Eb3	3	127
24	24	46	46	2.0	0	0	2/4	23	1	1/2	1/2	1	0	-5	61	Db4	4	126
24	24	46	46	2.0	0	0	2/4	22	1	1/2	1/2	1	0	-2	70	Bb4	4	125
24	24	46	46	2.0	0	0	2/4	21	1	1/2	1/2	1	0	-5	73	Db5	5	124
24	24	47	47	1.0	1/4	1/4	2/4	25	1	1/4	1/4	1		-5	37	Db2	2	130
24	24	47	47	1.0	1/4	1/4	2/4	24	1	1/4	1/4	1		-5	49	Db3	3	128
25	25	48	48	1.0	0	0	2/4	25	1	1/4	1/4	1		0	36	C2	2	137
25	25	48	48	1.0	0	0	2/4	24	1	1/4	1/4	1		0	48	C3	3	134
25	25	48	48	2.0	0	0	2/4	23	1	1/2	1/2	1	-1	-5	61	Db4	4	133
25	25	48	48	2.0	0	0	2/4	22	1	1/2	1/2	1	-1	-2	70	Bb4	4	132
25	25	48	48	2.0	0	0	2/4	21	1	1/2	1/2	1	-1	-5	73	Db5	5	131
25	25	49	49	0.5	1/4	1/4	2/4	25	1	1/8	1/8	1		-5	37	Db2	2	138
25	25	49	49	0.5	1/4	1/4	2/4	24	1	1/8	1/8	1		-5	49	Db3	3	135
25	25	99/2	99/2	0.5	3/8	3/8	2/4	25	1	1/8	1/8	1		-3	39	Eb2	2	139
25	25	99/2	99/2	0.5	3/8	3/8	2/4	24	1	1/8	1/8	1		-3	51	Eb3	3	136
26	26	50	50	1.0	0	0	2/4	25	1	1/4	1/4	1		-1	41	F2	2	144
26	26	50	50	1.0	0	0	2/4	24	1	1/4	1/4	1		-1	53	F3	3	143
26	26	50	50	2.0	0	0	2/4	23	1	1/2	1/2	1		0	60	C4	4	142
26	26	50	50	2.0	0	0	2/4	22	1	1/2	1/2	1		3	69	A4	4	141
26	26	50	50	2.0	0	0	2/4	21	1	1/2	1/2	1		0	72	C5	5	140
27	27	52	52	1.0	0	0	2/4	25	1	1/4	1/4	1		-2	34	Bb1	1	151
27	27	52	52	1.0	0	0	2/4	24	1	1/4	1/4	1		-2	46	Bb2	2	148
27	27	52	52	2.0	0	0	2/4	23	1	1/2	1/2	1		-7	59	Cb4	4	147
27	27	52	52	2.0	0	0	2/4	22	1	1/2	1/2	1		-4	68	Ab4	4	146
27	27	52	52	2.0	0	0	2/4	21	1	1/2	1/2	1		-7	71	Cb5	5	145
27	27	53	53	0.5	1/4	1/4	2/4	25	1	1/8	1/8	1		-7	35	Cb2	2	152
27	27	53	53	0.5	1/4	1/4	2/4	24	1	1/8	1/8	1		-7	47	Cb3	3	149
27	27	107/2	107/2	0.5	3/8	3/8	2/4	25	1	1/8	1/8	1		-5	37	Db2	2	153
27	27	107/2	107/2	0.5	3/8	3/8	2/4	24	1	1/8	1/8	1		-5	49	Db3	3	150
28	28	54	54	1.0	0	0	2/4	25	1	1/4	1/4	1		-3	39	Eb2	2	158
28	28	54	54	1.0	0	0	2/4	24	1	1/4	1/4	1		-3	51	Eb3	3	157
28	28	54	54	1.0	0	0	2/4	23	1	1/4	1/4	1		-2	58	Bb3	3	156
28	28	54	54	2.0	0	0	2/4	22	1	1/2	1/2	1	1	1	67	G4	4	155
28	28	54	54	2.0	0	0	2/4	21	1	1/2	1/2	1	1	-2	70	Bb4	4	154
29	29	56	56	1.0	0	0	2/4	25	1	1/4	1/4	1		3	33	A1	1	164
29	29	56	56	1.0	0	0	2/4	24	1	1/4	1/4	1		3	45	A2	2	161
29	29	56	56	2.0	0	0	2/4	22	1	1/2	1/2	1	-1	1	67	G4	4	160
29	29	56	56	2.0	0	0	2/4	21	1	1/2	1/2	1	-1	-2	70	Bb4	4	159
29	29	57	57	0.5	1/4	1/4	2/4	25	1	1/8	1/8	1		-2	34	Bb1	1	165
29	29	57	57	0.5	1/4	1/4	2/4	24	1	1/8	1/8	1		-2	46	Bb2	2	162
29	29	115/2	115/2	0.5	3/8	3/8	2/4	25	1	1/8	1/8	1		0	36	C2	2	166
29	29	115/2	115/2	0.5	3/8	3/8	2/4	24	1	1/8	1/8	1		0	48	C3	3	163
30	30	58	58	1.0	0	0	2/4	25	1	1/4	1/4	1		2	38	D2	2	170
30	30	58	58	1.0	0	0	2/4	24	1	1/4	1/4	1		2	50	D3	3	169
30	30	58	58	2.0	0	0	2/4	22	1	1/2	1/2	1		6	66	F#4	4	168
30	30	58	58	2.0	0	0	2/4	21	1	1/2	1/2	1	1	3	69	A4	4	167
31	31	60	60	1.0	0	0	2/4	25	1	1/4	1/4	1		3	33	A1	1	176
31	31	60	60	1.0	0	0	2/4	24	1	1/4	1/4	1		3	45	A2	2	173
31	31	60	60	2.0	0	0	2/4	22	1	1/2	1/2	1		1	67	G4	4	172
31	31	60	60	2.0	0	0	2/4	21	1	1/2	1/2	1	-1	3	69	A4	4	171
31	31	61	61	0.5	1/4	1/4	2/4	25	1	1/8	1/8	1		5	35	B1	1	177
31	31	61	61	0.5	1/4	1/4	2/4	24	1	1/8	1/8	1		5	47	B2	2	174
31	31	123/2	123/2	0.5	3/8	3/8	2/4	25	1	1/8	1/8	1		7	37	C#2	2	178
31	31	123/2	123/2	0.5	3/8	3/8	2/4	24	1	1/8	1/8	1		7	49	C#3	3	175
32	32	62	62	1.0	0	0	2/4	25	1	1/4	1/4	1		2	38	D2	2	182
32	32	62	62	1.0	0	0	2/4	24	1	1/4	1/4	1		2	50	D3	3	181
32	32	62	62	1.0	0	0	2/4	22	1	1/4	1/4	1		6	66	F#4	4	180
32	32	62	62	1.0	0	0	2/4	21	1	1/4	1/4	1		3	69	A4	4	179
33	33	64	64	1.0	0	0	2/4	25	1	1/4	1/4	1		1	31	G1	1	185
33	33	64	64	1.0	0	0	2/4	24	1	1/4	1/4	1		1	43	G2	2	183
33	33	65	65	1.0	1/4	1/4	2/4	25	1	1/4	1/4	1		2	38	D2	2	186
33	33	65	65	1.0	1/4	1/4	2/4	24	1	1/4	1/4	1		2	50	D3	3	184
34	34	66	66	1.0	0	0	2/4	25	1	1/4	1/4	1		1	31	G1	1	191
34	34	66	66	1.0	0	0	2/4	24	1	1/4	1/4	1		1	43	G2	2	189
34	34	67	67	1.0	1/4	1/4	2/4	25	1	1/4	1/4	1		2	38	D2	2	192
34	34	67	67	1.0	1/4	1/4	2/4	24	1	1/4	1/4	1		2	50	D3	3	190
34	34	67	67	1.0	1/4	1/4	2/4	22	2	1/4	1/4	1	1	5	71	B4	4	188
34	34	67	67	1.0	1/4	1/4	2/4	22	1	1/4	1/4	1	1	2	74	D5	5	187
35	35	68	68	1.0	0	0	2/4	25	1	1/4	1/4	1		1	31	G1	1	205
35	35	68	68	1.0	0	0	2/4	24	1	1/4	1/4	1		1	43	G2	2	203
35	35	68	68	0.5	0	0	2/4	23	1	1/8	1/8	1		2	62	D4	4	199
35	35	68	68	1.0	0	0	2/4	22	2	1/4	1/4	1	-1	5	71	B4	4	197
35	35	68	68	1.0	0	0	2/4	22	1	1/4	1/4	1	-1	2	74	D5	5	195
35	35	68	68	2.0	0	0	2/4	3	1	1/2	1/2	1	1	2	74	D5	5	193
35	35	68	68	2.0	0	0	2/4	4	1	1/2	1/2	1	1	2	74	D5	5	194
35	35	137/2	137/2	0.5	1/8	1/8	2/4	23	1	1/8	1/8	1		7	61	C#4	4	200
35	35	69	69	1.0	1/4	1/4	2/4	25	1	1/4	1/4	1		2	38	D2	2	206
35	35	69	69	1.0	1/4	1/4	2/4	24	1	1/4	1/4	1		2	50	D3	3	204
35	35	69	69	0.5	1/4	1/4	2/4	23	1	1/8	1/8	1		2	62	D4	4	201
35	35	69	69	1.0	1/4	1/4	2/4	22	2	1/4	1/4	1		3	69	A4	4	198
35	35	69	69	1.0	1/4	1/4	2/4	22	1	1/4	1/4	1		0	72	C5	5	196
35	35	139/2	139/2	0.5	3/8	3/8	2/4	23	1	1/8	1/8	1		7	61	C#4	4	202
36	36	70	70	1.0	0	0	2/4	25	1	1/4	1/4	1		1	31	G1	1	221
36	36	70	70	1.0	0	0	2/4	24	1	1/4	1/4	1		1	43	G2	2	219
36	36	70	70	0.5	0	0	2/4	23	1	1/8	1/8	1		2	62	D4	4	215
36	36	70	70	1.0	0	0	2/4	22	2	1/4	1/4	1		1	67	G4	4	213
36	36	70	70	1.0	0	0	2/4	22	1	1/4	1/4	1		5	71	B4	4	211
36	36	70	70	1.0	0	0	2/4	3	1	1/4	1/4	1	-1	2	74	D5	5	207
36	36	70	70	2.0	0	0	2/4	4	1	1/2	1/2	1	0	2	74	D5	5	210
36	36	141/2	141/2	0.5	1/8	1/8	2/4	23	1	1/8	1/8	1		7	61	C#4	4	216
36	36	71	71	1.0	1/4	1/4	2/4	25	1	1/4	1/4	1		2	38	D2	2	222
36	36	71	71	1.0	1/4	1/4	2/4	24	1	1/4	1/4	1		2	50	D3	3	220
36	36	71	71	0.5	1/4	1/4	2/4	23	1	1/8	1/8	1		2	62	D4	4	217
36	36	71	71	1.0	1/4	1/4	2/4	22	2	1/4	1/4	1		2	62	D4	4	214
36	36	71	71	1.0	1/4	1/4	2/4	22	1	1/4	1/4	1		3	69	A4	4	212
36	36	71	71	0.5	1/4	1/4	2/4	3	1	1/8	1/8	1		4	76	E5	5	208
36	36	143/2	143/2	0.5	3/8	3/8	2/4	23	1	1/8	1/8	1		7	61	C#4	4	218
36	36	143/2	143/2	0.5	3/8	3/8	2/4	3	1	1/8	1/8	1		6	78	F#5	5	209
37	37	72	72	1.0	0	0	2/4	25	1	1/4	1/4	1		1	31	G1	1	236
37	37	72	72	1.0	0	0	2/4	24	1	1/4	1/4	1		1	43	G2	2	234
37	37	72	72	1.0	0	0	2/4	22	2	1/4	1/4	1		5	59	B3	3	228
37	37	72	72	0.5	0	0	2/4	23	1	1/8	1/8	1		2	62	D4	4	230
37	37	72	72	1.0	0	0	2/4	22	1	1/4	1/4	1		1	67	G4	4	225
37	37	72	72	2.0	0	0	2/4	4	1	1/2	1/2	1	0	2	74	D5	5	224
37	37	72	72	2.0	0	0	2/4	3	1	1/2	1/2	1		1	79	G5	5	223
37	37	145/2	145/2	0.5	1/8	1/8	2/4	23	1	1/8	1/8	1		7	61	C#4	4	231
37	37	73	73	1.0	1/4	1/4	2/4	25	1	1/4	1/4	1		2	38	D2	2	237
37	37	73	73	1.0	1/4	1/4	2/4	24	1	1/4	1/4	1		2	50	D3	3	235
37	37	73	73	0.5	1/4	1/4	2/4	23	1	1/8	1/8	1		2	62	D4	4	232
37	37	73	73	1.0	1/4	1/4	2/4	22	2	1/4	1/4	1	1	1	67	G4	4	229
37	37	73	73	0.5	1/4	1/4	2/4	22	1	1/8	1/8	1		3	69	A4	4	226
37	37	147/2	147/2	0.5	3/8	3/8	2/4	23	1	1/8	1/8	1		7	61	C#4	4	233
37	37	147/2	147/2	0.5	3/8	3/8	2/4	22	1	1/8	1/8	1		5	71	B4	4	227
38	38	74	74	1.0	0	0	2/4	25	1	1/4	1/4	1		1	31	G1	1	251
38	38	74	74	1.0	0	0	2/4	24	1	1/4	1/4	1		1	43	G2	2	249
38	38	74	74	0.5	0	0	2/4	23	1	1/8	1/8	1		2	62	D4	4	245
38	38	74	74	0.5	0	0	2/4	22	2	1/8	1/8	1	-1	1	67	G4	4	241
38	38	74	74	2.0	0	0	2/4	22	1	1/2	1/2	1		0	72	C5	5	240
38	38	74	74	2.0	0	0	2/4	4	1	1/2	1/2	1	0	2	74	D5	5	239
38	38	74	74	2.0	0	0	2/4	3	1	1/2	1/2	1		3	81	A5	5	238
38	38	149/2	149/2	0.5	1/8	1/8	2/4	23	1	1/8	1/8	1		3	57	A3	3	246
38	38	149/2	149/2	0.5	1/8	1/8	2/4	22	2	1/8	1/8	1		6	66	F#4	4	242
38	38	75	75	1.0	1/4	1/4	2/4	25	1	1/4	1/4	1		2	38	D2	2	252
38	38	75	75	1.0	1/4	1/4	2/4	24	1	1/4	1/4	1		2	50	D3	3	250
38	38	75	75	0.5	1/4	1/4	2/4	23	1	1/8	1/8	1		2	62	D4	4	247
38	38	75	75	0.5	1/4	1/4	2/4	22	2	1/8	1/8	1		3	69	A4	4	243
38	38	151/2	151/2	0.5	3/8	3/8	2/4	23	1	1/8	1/8	1		3	57	A3	3	248
38	38	151/2	151/2	0.5	3/8	3/8	2/4	22	2	1/8	1/8	1		1	67	G4	4	244
39	39	76	76	1.0	0	0	2/4	25	1	1/4	1/4	1		1	31	G1	1	269
39	39	76	76	1.0	0	0	2/4	24	1	1/4	1/4	1		1	43	G2	2	267
39	39	76	76	0.5	0	0	2/4	23	1	1/8	1/8	1		2	62	D4	4	263
39	39	76	76	0.5	0	0	2/4	22	2	1/8	1/8	1		-1	65	F4	4	259
39	39	76	76	0.5	0	0	2/4	22	1	1/8	1/8	1		5	71	B4	4	255
39	39	76	76	1.0	0	0	2/4	4	1	1/4	1/4	1	-1	2	74	D5	5	254
39	39	76	76	1.0	0	0	2/4	3	1	1/4	1/4	1		1	79	G5	5	253
39	39	153/2	153/2	0.5	1/8	1/8	2/4	23	1	1/8	1/8	1		1	55	G3	3	264
39	39	153/2	153/2	0.5	1/8	1/8	2/4	22	1	1/8	1/8	1		3	69	A4	4	256
39	39	153/2	153/2	0.5	1/8	1/8	2/4	22	2	1/8	1/8	1		3	69	A4	4	260
39	39	77	77	1.0	1/4	1/4	2/4	25	1	1/4	1/4	1		1	43	G2	2	270
39	39	77	77	1.0	1/4	1/4	2/4	24	1	1/4	1/4	1		1	55	G3	3	268
39	39	77	77	0.5	1/4	1/4	2/4	23	1	1/8	1/8	1		2	62	D4	4	265
39	39	77	77	0.5	1/4	1/4	2/4	22	2	1/8	1/8	1		-1	65	F4	4	261
39	39	77	77	0.5	1/4	1/4	2/4	22	1	1/8	1/8	1		5	71	B4	4	257
39	39	155/2	155/2	0.5	3/8	3/8	2/4	23	1	1/8	1/8	1		1	55	G3	3	266
39	39	155/2	155/2	0.5	3/8	3/8	2/4	22	2	1/8	1/8	1		-3	63	Eb4	4	262
39	39	155/2	155/2	0.5	3/8	3/8	2/4	22	1	1/8	1/8	1		0	72	C5	5	258
40	40	78	78	1.0	0	0	2/4	25	1	1/4	1/4	1		1	31	G1	1	282
40	40	78	78	1.0	0	0	2/4	24	1	1/4	1/4	1		1	43	G2	2	280
40	40	78	78	0.5	0	0	2/4	23	1	1/8	1/8	1		5	59	B3	3	276
40	40	78	78	1.0	0	0	2/4	22	2	1/4	1/4	1		2	62	D4	4	275
40	40	78	78	1.0	0	0	2/4	22	1	1/4	1/4	1		2	74	D5	5	273
40	40	157/2	157/2	0.5	1/8	1/8	2/4	23	1	1/8	1/8	1		3	57	A3	3	277
40	40	79	79	1.0	1/4	1/4	2/4	25	1	1/4	1/4	1		1	43	G2	2	283
40	40	79	79	1.0	1/4	1/4	2/4	24	1	1/4	1/4	1		1	55	G3	3	281
40	40	79	79	0.5	1/4	1/4	2/4	23	1	1/8	1/8	1		5	59	B3	3	278
40	40	79	79	1.0	1/4	1/4	2/4	22	1	1/4	1/4	1	1	1	67	G4	4	274
40	40	79	79	1.0	1/4	1/4	2/4	21	2	1/4	1/4	1	1	4	76	E5	5	272
40	40	79	79	1.0	1/4	1/4	2/4	21	1	1/4	1/4	1	1	1	79	G5	5	271
40	40	159/2	159/2	0.5	3/8	3/8	2/4	23	1	1/8	1/8	1		1	55	G3	3	279
41	41	80	80	1.0	0	0	2/4	25	1	1/4	1/4	1		0	36	C2	2	300
41	41	80	80	1.0	0	0	2/4	24	1	1/4	1/4	1		0	48	C3	3	298
41	41	80	80	0.5	0	0	2/4	23	1	1/8	1/8	1		1	55	G3	3	294
41	41	80	80	1.0	0	0	2/4	22	2	1/4	1/4	1		0	60	C4	4	292
41	41	80	80	1.0	0	0	2/4	22	1	1/4	1/4	1	-1	1	67	G4	4	290
41	41	80	80	1.0	0	0	2/4	21	2	1/4	1/4	1	-1	4	76	E5	5	288
41	41	80	80	1.0	0	0	2/4	21	1	1/4	1/4	1	-1	1	79	G5	5	286
41	41	80	80	2.0	0	0	2/4	1	1	1/2	1/2	1	1	1	79	G5	5	284
41	41	80	80	2.0	0	0	2/4	2	1	1/2	1/2	1	1	1	79	G5	5	285
41	41	161/2	161/2	0.5	1/8	1/8	2/4	23	1	1/8	1/8	1		6	54	F#3	3	295
41	41	81	81	1.0	1/4	1/4	2/4	25	1	1/4	1/4	1		1	43	G2	2	301
41	41	81	81	0.5	1/4	1/4	2/4	23	1	1/8	1/8	1		1	55	G3	3	296
41	41	81	81	1.0	1/4	1/4	2/4	24	1	1/4	1/4	1		1	55	G3	3	299
41	41	81	81	1.0	1/4	1/4	2/4	22	2	1/4	1/4	1		2	62	D4	4	293
41	41	81	81	1.0	1/4	1/4	2/4	22	1	1/4	1/4	1		1	67	G4	4	291
41	41	81	81	1.0	1/4	1/4	2/4	21	2	1/4	1/4	1		2	74	D5	5	289
41	41	81	81	1.0	1/4	1/4	2/4	21	1	1/4	1/4	1		-1	77	F5	5	287
41	41	163/2	163/2	0.5	3/8	3/8	2/4	23	1	1/8	1/8	1		6	54	F#3	3	297
42	42	82	82	1.0	0	0	2/4	25	1	1/4	1/4	1		0	36	C2	2	321
42	42	82	82	1.0	0	0	2/4	24	1	1/4	1/4	1		0	48	C3	3	319
42	42	82	82	0.5	0	0	2/4	23	1	1/8	1/8	1		1	55	G3	3	315
42	42	82	82	1.0	0	0	2/4	22	2	1/4	1/4	1		4	64	E4	4	313
42	42	82	82	1.0	0	0	2/4	22	1	1/4	1/4	1		1	67	G4	4	310
42	42	82	82	1.0	0	0	2/4	21	2	1/4	1/4	1		0	72	C5	5	308
42	42	82	82	1.0	0	0	2/4	21	1	1/4	1/4	1		4	76	E5	5	306
42	42	82	82	1.0	0	0	2/4	1	1	1/4	1/4	1	-1	1	79	G5	5	302
42	42	82	82	2.0	0	0	2/4	2	1	1/2	1/2	1	0	1	79	G5	5	305
42	42	165/2	165/2	0.5	1/8	1/8	2/4	23	1	1/8	1/8	1		6	54	F#3	3	316
42	42	83	83	1.0	1/4	1/4	2/4	25	1	1/4	1/4	1		1	43	G2	2	322
42	42	83	83	0.5	1/4	1/4	2/4	23	1	1/8	1/8	1		1	55	G3	3	317
42	42	83	83	1.0	1/4	1/4	2/4	24	1	1/4	1/4	1		1	55	G3	3	320
42	42	83	83	1.0	1/4	1/4	2/4	22	2	1/4	1/4	1		-1	65	F4	4	314
42	42	83	83	0.5	1/4	1/4	2/4	22	1	1/8	1/8	1		1	67	G4	4	311
42	42	83	83	1.0	1/4	1/4	2/4	21	2	1/4	1/4	1		1	67	G4	4	309
42	42	83	83	1.0	1/4	1/4	2/4	21	1	1/4	1/4	1		2	74	D5	5	307
42	42	83	83	0.5	1/4	1/4	2/4	1	1	1/8	1/8	1		3	81	A5	5	303
42	42	167/2	167/2	0.5	3/8	3/8	2/4	23	1	1/8	1/8	1		0	60	C4	4	318
42	42	167/2	167/2	0.5	3/8	3/8	2/4	22	1	1/8	1/8	1		3	69	A4	4	312
42	42	167/2	167/2	0.5	3/8	3/8	2/4	1	1	1/8	1/8	1		5	83	B5	5	304
43	43	84	84	1.0	0	0	2/4	25	1	1/4	1/4	1		0	36	C2	2	344
43	43	84	84	1.0	0	0	2/4	24	1	1/4	1/4	1		0	48	C3	3	342
43	43	84	84	0.5	0	0	2/4	23	1	1/8	1/8	1		2	62	D4	4	338
43	43	84	84	1.0	0	0	2/4	21	2	1/4	1/4	1		4	64	E4	4	332
43	43	84	84	1.0	0	0	2/4	22	2	1/4	1/4	1		1	67	G4	4	336
43	43	84	84	1.0	0	0	2/4	22	1	1/4	1/4	1		-2	70	Bb4	4	334
43	43	84	84	1.0	0	0	2/4	21	1	1/4	1/4	1		0	72	C5	5	329
43	43	84	84	2.0	0	0	2/4	2	1	1/2	1/2	1	-1	1	79	G5	5	328
43	43	84	84	1.0	0	0	2/4	1	1	1/4	1/4	1		0	84	C6	6	323
43	43	169/2	169/2	0.5	1/8	1/8	2/4	23	1	1/8	1/8	1		0	60	C4	4	339
43	43	85	85	1.0	1/4	1/4	2/4	25	1	1/4	1/4	1		0	48	C3	3	345
43	43	85	85	1.0	1/4	1/4	2/4	24	1	1/4	1/4	1		0	60	C4	4	343
43	43	85	85	0.5	1/4	1/4	2/4	23	1	1/8	1/8	1		4	64	E4	4	340
43	43	85	85	1.0	1/4	1/4	2/4	22	2	1/4	1/4	1		1	67	G4	4	337
43	43	85	85	1.0	1/4	1/4	2/4	22	1	1/4	1/4	1		-2	70	Bb4	4	335
43	43	85	85	1.0	1/4	1/4	2/4	21	2	1/4	1/4	1		0	72	C5	5	333
43	43	85	85	0.5	1/4	1/4	2/4	21	1	1/8	1/8	1		2	74	D5	5	330
43	43	85	85	0.25	1/4	1/4	2/4	1	1	1/16	1/16	1		5	83	B5	5	324
43	43	341/4	341/4	0.25	5/16	5/16	2/4	1	1	1/16	1/16	1		0	84	C6	6	325
43	43	171/2	171/2	0.5	3/8	3/8	2/4	23	1	1/8	1/8	1		0	60	C4	4	341
43	43	171/2	171/2	0.5	3/8	3/8	2/4	21	1	1/8	1/8	1		4	76	E5	5	331
43	43	171/2	171/2	0.25	3/8	3/8	2/4	1	1	1/16	1/16	1		2	86	D6	6	326
43	43	343/4	343/4	0.25	7/16	7/16	2/4	1	1	1/16	1/16	1		0	84	C6	6	327
44	44	86	86	1.0	0	0	2/4	25	1	1/4	1/4	1		-5	37	Db2	2	362
44	44	86	86	0.5	0	0	2/4	22	2	1/8	1/8	1		-1	65	F4	4	356
44	44	86	86	0.5	0	0	2/4	22	1	1/8	1/8	1		-4	68	Ab4	4	352
44	44	86	86	0.5	0	0	2/4	21	1	1/8	1/8	1		-1	77	F5	5	348
44	44	86	86	1.0	0	0	2/4	2	1	1/4	1/4	1		-1	77	F5	5	347
44	44	86	86	1.0	0	0	2/4	1	1	1/4	1/4	1		-1	89	F6	6	346
44	44	173/2	173/2	0.5	1/8	1/8	2/4	22	1	1/8	1/8	1		4	64	E4	4	353
44	44	173/2	173/2	0.5	1/8	1/8	2/4	22	2	1/8	1/8	1		4	64	E4	4	357
44	44	173/2	173/2	0.5	1/8	1/8	2/4	21	1	1/8	1/8	1		4	76	E5	5	349
44	44	87	87	1.0	1/4	1/4	2/4	25	1	1/4	1/4	1		-4	44	Ab2	2	363
44	44	87	87	1.0	1/4	1/4	2/4	24	1	1/4	1/4	1	1	-4	56	Ab3	3	361
44	44	87	87	0.5	1/4	1/4	2/4	22	1	1/8	1/8	1		-1	65	F4	4	354
44	44	87	87	0.5	1/4	1/4	2/4	22	2	1/8	1/8	1		-1	65	F4	4	358
44	44	87	87	1.0	1/4	1/4	2/4	23	1	1/4	1/4	1	1	-4	68	Ab4	4	360
44	44	87	87	0.5	1/4	1/4	2/4	21	1	1/8	1/8	1		-1	77	F5	5	350
44	44	175/2	175/2	0.5	3/8	3/8	2/4	22	1	1/8	1/8	1		4	64	E4	4	355
44	44	175/2	175/2	0.5	3/8	3/8	2/4	22	2	1/8	1/8	1		4	64	E4	4	359
44	44	175/2	175/2	0.5	3/8	3/8	2/4	21	1	1/8	1/8	1		4	76	E5	5	351
45	45	88	88	1.0	0	0	2/4	25	1	1/4	1/4	1		-5	37	Db2	2	381
45	45	88	88	1.0	0	0	2/4	24	1	1/4	1/4	1	-1	-4	56	Ab3	3	379
45	45	88	88	0.5	0	0	2/4	22	1	1/8	1/8	1		-1	65	F4	4	372
45	45	88	88	1.0	0	0	2/4	23	1	1/4	1/4	1	-1	-4	68	Ab4	4	377
45	45	88	88	0.5	0	0	2/4	21	1	1/8	1/8	1		-1	77	F5	5	368
45	45	177/2	177/2	0.5	1/8	1/8	2/4	22	1	1/8	1/8	1		4	64	E4	4	373
45	45	177/2	177/2	0.5	1/8	1/8	2/4	21	1	1/8	1/8	1		4	76	E5	5	369
45	45	89	89	1.0	1/4	1/4	2/4	25	1	1/4	1/4	1		-4	44	Ab2	2	382
45	45	89	89	1.0	1/4	1/4	2/4	24	1	1/4	1/4	1		1	55	G3	3	380
45	45	89	89	1.0	1/4	1/4	2/4	5	1	1/4	1/4	1	1	5	59	B3	3	364
45	45	89	89	1.0	1/4	1/4	2/4	6	1	1/4	1/4	1	1	5	59	B3	3	365
45	45	89	89	1.0	1/4	1/4	2/4	7	1	1/4	1/4	1	1	5	59	B3	3	366
45	45	89	89	1.0	1/4	1/4	2/4	8	1	1/4	1/4	1	1	5	59	B3	3	367
45	45	89	89	0.5	1/4	1/4	2/4	22	1	1/8	1/8	1		-1	65	F4	4	374
45	45	89	89	1.0	1/4	1/4	2/4	23	1	1/4	1/4	1		1	67	G4	4	378
45	45	89	89	0.5	1/4	1/4	2/4	21	1	1/8	1/8	1		-1	77	F5	5	370
45	45	179/2	179/2	0.5	3/8	3/8	2/4	22	1	1/8	1/8	1		1	67	G4	4	375
45	45	179/2	179/2	0.5	3/8	3/8	2/4	22	2	1/8	1/8	1		1	67	G4	4	376
45	45	179/2	179/2	0.5	3/8	3/8	2/4	21	1	1/8	1/8	1		1	79	G5	5	371
46	46	90	90	1.0	0	0	2/4	25	1	1/4	1/4	1		-5	37	Db2	2	403
46	46	90	90	1.0	0	0	2/4	24	1	1/4	1/4	1		-1	53	F3	3	401
46	46	90	90	1.0	0	0	2/4	5	1	1/4	1/4	1	-1	5	59	B3	3	383
46	46	90	90	1.0	0	0	2/4	6	1	1/4	1/4	1	-1	5	59	B3	3	385
46	46	90	90	1.0	0	0	2/4	7	1	1/4	1/4	1	-1	5	59	B3	3	387
46	46	90	90	1.0	0	0	2/4	8	1	1/4	1/4	1	-1	5	59	B3	3	389
46	46	90	90	1.0	0	0	2/4	23	1	1/4	1/4	1		-1	65	F4	4	399
46	46	90	90	0.5	0	0	2/4	22	1	1/8	1/8	1		-4	68	Ab4	4	395
46	46	90	90	0.5	0	0	2/4	21	1	1/8	1/8	1		-4	80	Ab5	5	391
46	46	181/2	181/2	0.5	1/8	1/8	2/4	22	1	1/8	1/8	1		1	67	G4	4	396
46	46	181/2	181/2	0.5	1/8	1/8	2/4	21	1	1/8	1/8	1		1	79	G5	5	392
46	46	91	91	1.0	1/4	1/4	2/4	25	1	1/4	1/4	1		-4	44	Ab2	2	404
46	46	91	91	1.0	1/4	1/4	2/4	24	1	1/4	1/4	1		4	52	E3	3	402
46	46	91	91	1.0	1/4	1/4	2/4	5	1	1/4	1/4	1		5	59	B3	3	384
46	46	91	91	1.0	1/4	1/4	2/4	6	1	1/4	1/4	1		5	59	B3	3	386
46	46	91	91	1.0	1/4	1/4	2/4	7	1	1/4	1/4	1		5	59	B3	3	388
46	46	91	91	1.0	1/4	1/4	2/4	8	1	1/4	1/4	1		5	59	B3	3	390
46	46	91	91	1.0	1/4	1/4	2/4	23	1	1/4	1/4	1		4	64	E4	4	400
46	46	91	91	0.5	1/4	1/4	2/4	22	1	1/8	1/8	1		-4	68	Ab4	4	397
46	46	91	91	0.5	1/4	1/4	2/4	21	1	1/8	1/8	1		-4	80	Ab5	5	393
46	46	183/2	183/2	0.5	3/8	3/8	2/4	22	1	1/8	1/8	1		1	67	G4	4	398
46	46	183/2	183/2	0.5	3/8	3/8	2/4	21	1	1/8	1/8	1		1	79	G5	5	394
47	47	92	92	1.0	0	0	2/4	25	1	1/4	1/4	1		-5	37	Db2	2	427
47	47	92	92	1.0	0	0	2/4	24	1	1/4	1/4	1		-1	53	F3	3	424
47	47	92	92	1.0	0	0	2/4	5	1	1/4	1/4	1		5	59	B3	3	405
47	47	92	92	1.0	0	0	2/4	6	1	1/4	1/4	1		5	59	B3	3	407
47	47	92	92	1.0	0	0	2/4	7	1	1/4	1/4	1		5	59	B3	3	409
47	47	92	92	1.0	0	0	2/4	8	1	1/4	1/4	1		5	59	B3	3	411
47	47	92	92	1.0	0	0	2/4	23	1	1/4	1/4	1		-1	65	F4	4	421
47	47	92	92	0.5	0	0	2/4	22	1	1/8	1/8	1		-4	68	Ab4	4	417
47	47	92	92	0.5	0	0	2/4	21	1	1/8	1/8	1		-4	80	Ab5	5	413
47	47	185/2	185/2	0.5	1/8	1/8	2/4	22	1	1/8	1/8	1		1	67	G4	4	418
47	47	185/2	185/2	0.5	1/8	1/8	2/4	21	1	1/8	1/8	1		1	79	G5	5	414
47	47	93	93	1.0	1/4	1/4	2/4	25	1	1/4	1/4	1		-4	44	Ab2	2	428
47	47	93	93	0.5	1/4	1/4	2/4	24	1	1/8	1/8	1		-4	56	Ab3	3	425
47	47	93	93	1.0	1/4	1/4	2/4	5	1	1/4	1/4	1		5	59	B3	3	406
47	47	93	93	1.0	1/4	1/4	2/4	6	1	1/4	1/4	1		5	59	B3	3	408
47	47	93	93	1.0	1/4	1/4	2/4	7	1	1/4	1/4	1		5	59	B3	3	410
47	47	93	93	1.0	1/4	1/4	2/4	8	1	1/4	1/4	1		5	59	B3	3	412
47	47	93	93	0.5	1/4	1/4	2/4	22	1	1/8	1/8	1		-1	65	F4	4	419
47	47	93	93	0.5	1/4	1/4	2/4	23	1	1/8	1/8	1		-4	68	Ab4	4	422
47	47	93	93	0.5	1/4	1/4	2/4	21	1	1/8	1/8	1		-1	77	F5	5	415
47	47	187/2	187/2	0.5	3/8	3/8	2/4	24	1	1/8	1/8	1		1	55	G3	3	426
47	47	187/2	187/2	0.5	3/8	3/8	2/4	22	1	1/8	1/8	1		1	67	G4	4	420
47	47	187/2	187/2	0.5	3/8	3/8	2/4	23	1	1/8	1/8	1		1	67	G4	4	423
47	47	187/2	187/2	0.5	3/8	3/8	2/4	21	1	1/8	1/8	1		1	79	G5	5	416
48	48	94	94	1.0	0	0	2/4	25	1	1/4	1/4	1		0	36	C2	2	451
48	48	94	94	2.0	0	0	2/4	24	1	1/2	1/2	1	1	-1	53	F3	3	450
48	48	94	94	1.0	0	0	2/4	5	1	1/4	1/4	1		0	60	C4	4	429
48	48	94	94	1.0	0	0	2/4	6	1	1/4	1/4	1		0	60	C4	4	432
48	48	94	94	1.0	0	0	2/4	7	1	1/4	1/4	1		0	60	C4	4	435
48	48	94	94	1.0	0	0	2/4	8	1	1/4	1/4	1		0	60	C4	4	438
48	48	94	94	2.0	0	0	2/4	23	1	1/2	1/2	1	1	-1	65	F4	4	449
48	48	94	94	0.5	0	0	2/4	22	1	1/8	1/8	1		-4	68	Ab4	4	445
48	48	94	94	0.5	0	0	2/4	21	1	1/8	1/8	1		-4	80	Ab5	5	441
48	48	189/2	189/2	0.5	1/8	1/8	2/4	22	1	1/8	1/8	1		1	67	G4	4	446
48	48	189/2	189/2	0.5	1/8	1/8	2/4	21	1	1/8	1/8	1		1	79	G5	5	442
48	48	95	95	1.0	1/4	1/4	2/4	25	1	1/4	1/4	1		0	48	C3	3	452
48	48	95	95	0.5	1/4	1/4	2/4	5	1	1/8	1/8	1		-2	58	Bb3	3	430
48	48	95	95	0.5	1/4	1/4	2/4	6	1	1/8	1/8	1		-2	58	Bb3	3	433
48	48	95	95	0.5	1/4	1/4	2/4	7	1	1/8	1/8	1		-2	58	Bb3	3	436
48	48	95	95	0.5	1/4	1/4	2/4	8	1	1/8	1/8	1		-2	58	Bb3	3	439
48	48	95	95	0.5	1/4	1/4	2/4	22	1	1/8	1/8	1		-4	68	Ab4	4	447
48	48	95	95	0.5	1/4	1/4	2/4	21	1	1/8	1/8	1		-4	80	Ab5	5	443
48	48	191/2	191/2	0.5	3/8	3/8	2/4	5	1	1/8	1/8	1		0	60	C4	4	431
48	48	191/2	191/2	0.5	3/8	3/8	2/4	6	1	1/8	1/8	1		0	60	C4	4	434
48	48	191/2	191/2	0.5	3/8	3/8	2/4	7	1	1/8	1/8	1		0	60	C4	4	437
48	48	191/2	191/2	0.5	3/8	3/8	2/4	8	1	1/8	1/8	1		0	60	C4	4	440
48	48	191/2	191/2	0.5	3/8	3/8	2/4	22	1	1/8	1/8	1		1	67	G4	4	448
48	48	191/2	191/2	0.5	3/8	3/8	2/4	21	1	1/8	1/8	1		1	79	G5	5	444
49	49	96	96	1.0	0	0	2/4	25	1	1/4	1/4	1		5	35	B1	1	471
49	49	96	96	1.0	0	0	2/4	24	1	1/4	1/4	1	-1	-1	53	F3	3	468
49	49	96	96	2.0	0	0	2/4	5	1	1/2	1/2	1		2	62	D4	4	453
49	49	96	96	2.0	0	0	2/4	6	1	1/2	1/2	1		2	62	D4	4	454
49	49	96	96	2.0	0	0	2/4	7	1	1/2	1/2	1		2	62	D4	4	455
49	49	96	96	2.0	0	0	2/4	8	1	1/2	1/2	1		2	62	D4	4	456
49	49	96	96	1.0	0	0	2/4	23	1	1/4	1/4	1	-1	-1	65	F4	4	465
49	49	96	96	0.5	0	0	2/4	22	1	1/8	1/8	1		-4	68	Ab4	4	461
49	49	96	96	0.5	0	0	2/4	21	1	1/8	1/8	1		-4	80	Ab5	5	457
49	49	193/2	193/2	0.5	1/8	1/8	2/4	22	1	1/8	1/8	1		1	67	G4	4	462
49	49	193/2	193/2	0.5	1/8	1/8	2/4	21	1	1/8	1/8	1		1	79	G5	5	458
49	49	97	97	1.0	1/4	1/4	2/4	25	1	1/4	1/4	1		5	47	B2	2	472
49	49	97	97	0.5	1/4	1/4	2/4	24	1	1/8	1/8	1		-4	56	Ab3	3	469
49	49	97	97	0.5	1/4	1/4	2/4	22	1	1/8	1/8	1		-1	65	F4	4	463
49	49	97	97	0.5	1/4	1/4	2/4	23	1	1/8	1/8	1		-4	68	Ab4	4	466
49	49	97	97	0.5	1/4	1/4	2/4	21	1	1/8	1/8	1		-1	77	F5	5	459
49	49	195/2	195/2	0.5	3/8	3/8	2/4	24	1	1/8	1/8	1		1	55	G3	3	470
49	49	195/2	195/2	0.5	3/8	3/8	2/4	22	1	1/8	1/8	1		1	67	G4	4	464
49	49	195/2	195/2	0.5	3/8	3/8	2/4	23	1	1/8	1/8	1		1	67	G4	4	467
49	49	195/2	195/2	0.5	3/8	3/8	2/4	21	1	1/8	1/8	1		1	79	G5	5	460
50	50	98	98	1.0	0	0	2/4	25	1	1/4	1/4	1		0	36	C2	2	487
50	50	98	98	2.0	0	0	2/4	24	1	1/2	1/2	1		-1	53	F3	3	486
50	50	98	98	1.0	0	0	2/4	5	1	1/4	1/4	1		0	60	C4	4	473
50	50	98	98	1.0	0	0	2/4	6	1	1/4	1/4	1		0	60	C4	4	474
50	50	98	98	1.0	0	0	2/4	7	1	1/4	1/4	1		0	60	C4	4	475
50	50	98	98	1.0	0	0	2/4	8	1	1/4	1/4	1		0	60	C4	4	476
50	50	98	98	2.0	0	0	2/4	23	1	1/2	1/2	1		-1	65	F4	4	485
50	50	98	98	0.5	0	0	2/4	22	1	1/8	1/8	1		-4	68	Ab4	4	481
50	50	98	98	0.5	0	0	2/4	21	1	1/8	1/8	1		-4	80	Ab5	5	477
50	50	197/2	197/2	0.5	1/8	1/8	2/4	22	1	1/8	1/8	1		1	67	G4	4	482
50	50	197/2	197/2	0.5	1/8	1/8	2/4	21	1	1/8	1/8	1		1	79	G5	5	478
50	50	99	99	1.0	1/4	1/4	2/4	25	1	1/4	1/4	1		0	48	C3	3	488
50	50	99	99	0.5	1/4	1/4	2/4	22	1	1/8	1/8	1		-1	65	F4	4	483
50	50	99	99	0.5	1/4	1/4	2/4	21	1	1/8	1/8	1		-1	77	F5	5	479
50	50	199/2	199/2	0.5	3/8	3/8	2/4	22	1	1/8	1/8	1		1	67	G4	4	484
50	50	199/2	199/2	0.5	3/8	3/8	2/4	21	1	1/8	1/8	1		1	79	G5	5	480
51	51	100	100	1.0	0	0	2/4	25	1	1/4	1/4	1		7	37	C#2	2	499
51	51	100	100	1.0	0	0	2/4	24	1	1/4	1/4	1		4	52	E3	3	497
51	51	100	100	1.0	0	0	2/4	23	1	1/4	1/4	1		4	64	E4	4	494
51	51	100	100	2.0	0	0	2/4	22	1	1/2	1/2	1	1	3	69	A4	4	493
51	51	100	100	0.5	0	0	2/4	21	1	1/8	1/8	1		3	81	A5	5	489
51	51	201/2	201/2	0.5	1/8	1/8	2/4	21	1	1/8	1/8	1		1	79	G5	5	490
51	51	101	101	1.0	1/4	1/4	2/4	25	1	1/4	1/4	1		3	33	A1	1	500
51	51	101	101	1.0	1/4	1/4	2/4	24	1	1/4	1/4	1		7	61	C#4	4	498
51	51	101	101	0.5	1/4	1/4	2/4	23	1	1/8	1/8	1		3	69	A4	4	495
51	51	101	101	0.5	1/4	1/4	2/4	21	1	1/8	1/8	1		-1	77	F5	5	491
51	51	203/2	203/2	0.5	3/8	3/8	2/4	23	1	1/8	1/8	1		1	67	G4	4	496
51	51	203/2	203/2	0.5	3/8	3/8	2/4	21	1	1/8	1/8	1		4	76	E5	5	492
52	52	102	102	1.0	0	0	2/4	25	1	1/4	1/4	1		2	38	D2	2	509
52	52	102	102	1.0	0	0	2/4	24	1	1/4	1/4	1		3	57	A3	3	507
52	52	102	102	1.0	0	0	2/4	23	1	1/4	1/4	1		-1	65	F4	4	504
52	52	102	102	1.0	0	0	2/4	22	1	1/4	1/4	1	-1	3	69	A4	4	502
52	52	102	102	1.0	0	0	2/4	21	1	1/4	1/4	1		-1	77	F5	5	501
52	52	103	103	1.0	1/4	1/4	2/4	25	1	1/4	1/4	1		-2	34	Bb1	1	510
52	52	103	103	1.0	1/4	1/4	2/4	24	1	1/4	1/4	1		-2	58	Bb3	3	508
52	52	103	103	1.0	1/4	1/4	2/4	22	1	1/4	1/4	1		2	62	D4	4	503
52	52	103	103	0.5	1/4	1/4	2/4	23	1	1/8	1/8	1		3	69	A4	4	505
52	52	207/2	207/2	0.5	3/8	3/8	2/4	23	1	1/8	1/8	1		1	67	G4	4	506
53	53	104	104	1.0	0	0	2/4	25	1	1/4	1/4	1		0	36	C2	2	517
53	53	104	104	1.0	0	0	2/4	24	1	1/4	1/4	1		3	57	A3	3	515
53	53	104	104	1.0	0	0	2/4	22	1	1/4	1/4	1		0	60	C4	4	511
53	53	104	104	1.0	0	0	2/4	23	1	1/4	1/4	1		-1	65	F4	4	513
53	53	105	105	1.0	1/4	1/4	2/4	25	1	1/4	1/4	1		0	36	C2	2	518
53	53	105	105	1.0	1/4	1/4	2/4	24	1	1/4	1/4	1		1	55	G3	3	516
53	53	105	105	1.0	1/4	1/4	2/4	22	1	1/4	1/4	1		0	60	C4	4	512
53	53	105	105	1.0	1/4	1/4	2/4	23	1	1/4	1/4	1		4	64	E4	4	514
54	54	106	106	1.0	0	0	2/4	25	1	1/4	1/4	1		-1	29	F1	1	522
54	54	106	106	1.0	0	0	2/4	24	1	1/4	1/4	1		3	57	A3	3	521
54	54	106	106	1.0	0	0	2/4	22	1	1/4	1/4	1		0	60	C4	4	519
54	54	106	106	1.0	0	0	2/4	23	1	1/4	1/4	1		-1	65	F4	4	520
55	55	109	109	1.0	1/4	1/4	2/4	22	1	1/4	1/4	1		0	72	C5	5	523
56	56	110	110	1.0	0	0	2/4	22	1	1/4	1/4	1		-1	65	F4	4	524
56	56	111	111	1.0	1/4	1/4	2/4	22	1	1/4	1/4	1		0	72	C5	5	525
57	57	112	112	1.0	0	0	2/4	22	1	1/4	1/4	1		-1	65	F4	4	530
57	57	113	113	1.0	1/4	1/4	2/4	22	1	1/4	1/4	1		0	72	C5	5	531
57	57	113	113	0.5	1/4	1/4	2/4	21	2	1/8	1/8	1		3	81	A5	5	528
57	57	113	113	0.5	1/4	1/4	2/4	21	1	1/8	1/8	1		0	84	C6	6	526
57	57	227/2	227/2	0.5	3/8	3/8	2/4	21	2	1/8	1/8	1		1	79	G5	5	529
57	57	227/2	227/2	0.5	3/8	3/8	2/4	21	1	1/8	1/8	1		-2	82	Bb5	5	527
58	58	114	114	1.0	0	0	2/4	22	1	1/4	1/4	1		-1	65	F4	4	541
58	58	114	114	1.0	0	0	2/4	3	1	1/4	1/4	1		0	72	C5	5	532
58	58	114	114	1.0	0	0	2/4	21	2	1/4	1/4	1		-1	77	F5	5	538
58	58	114	114	1.0	0	0	2/4	21	1	1/4	1/4	1		3	81	A5	5	535
58	58	115	115	1.0	1/4	1/4	2/4	22	1	1/4	1/4	1		0	72	C5	5	542
58	58	115	115	0.5	1/4	1/4	2/4	3	1	1/8	1/8	1		2	74	D5	5	533
58	58	115	115	0.5	1/4	1/4	2/4	21	2	1/8	1/8	1		3	81	A5	5	539
58	58	115	115	0.5	1/4	1/4	2/4	21	1	1/8	1/8	1		0	84	C6	6	536
58	58	231/2	231/2	0.5	3/8	3/8	2/4	3	1	1/8	1/8	1		4	76	E5	5	534
58	58	231/2	231/2	0.5	3/8	3/8	2/4	21	2	1/8	1/8	1		1	79	G5	5	540
58	58	231/2	231/2	0.5	3/8	3/8	2/4	21	1	1/8	1/8	1		-2	82	Bb5	5	537
59	59	116	116	1.0	0	0	2/4	22	1	1/4	1/4	1		-1	65	F4	4	549
59	59	116	116	1.0	0	0	2/4	3	1	1/4	1/4	1		-1	77	F5	5	543
59	59	116	116	1.0	0	0	2/4	21	2	1/4	1/4	1		-1	77	F5	5	547
59	59	116	116	1.0	0	0	2/4	21	1	1/4	1/4	1		3	81	A5	5	545
59	59	117	117	0.5	1/4	1/4	2/4	23	1	1/8	1/8	1		0	72	C5	5	551
59	59	117	117	1.0	1/4	1/4	2/4	3	1	1/4	1/4	1	1	0	72	C5	5	544
59	59	117	117	1.0	1/4	1/4	2/4	22	1	1/4	1/4	1		0	72	C5	5	550
59	59	117	117	1.0	1/4	1/4	2/4	21	2	1/4	1/4	1		4	76	E5	5	548
59	59	117	117	1.0	1/4	1/4	2/4	21	1	1/4	1/4	1		1	79	G5	5	546
59	59	235/2	235/2	0.5	3/8	3/8	2/4	23	1	1/8	1/8	1		-2	70	Bb4	4	552
60	60	118	118	1.0	0	0	2/4	22	1	1/4	1/4	1		-1	65	F4	4	557
60	60	118	118	1.0	0	0	2/4	23	1	1/4	1/4	1		3	69	A4	4	559
60	60	118	118	1.0	0	0	2/4	3	1	1/4	1/4	1	-1	0	72	C5	5	553
60	60	118	118	1.0	0	0	2/4	21	2	1/4	1/4	1		-1	77	F5	5	556
60	60	118	118	1.0	0	0	2/4	21	1	1/4	1/4	1		3	81	A5	5	555
60	60	119	119	1.0	1/4	1/4	2/4	3	1	1/4	1/4	1		0	60	C4	4	554
60	60	119	119	0.5	1/4	1/4	2/4	23	2	1/8	1/8	1		3	69	A4	4	562
60	60	119	119	0.5	1/4	1/4	2/4	23	1	1/8	1/8	1		0	72	C5	5	560
60	60	119	119	1.0	1/4	1/4	2/4	22	1	1/4	1/4	1		0	72	C5	5	558
60	60	239/2	239/2	0.5	3/8	3/8	2/4	23	2	1/8	1/8	1		1	67	G4	4	563
60	60	239/2	239/2	0.5	3/8	3/8	2/4	23	1	1/8	1/8	1		-2	70	Bb4	4	561
61	61	120	120	1.0	0	0	2/4	22	1	1/4	1/4	1		-1	65	F4	4	569
61	61	120	120	1.0	0	0	2/4	23	2	1/4	1/4	1		-1	65	F4	4	574
61	61	120	120	1.0	0	0	2/4	23	1	1/4	1/4	1		3	69	A4	4	571
61	61	120	120	1.0	0	0	2/4	3	1	1/4	1/4	1		0	72	C5	5	568
61	61	121	121	0.5	1/4	1/4	2/4	23	2	1/8	1/8	1		1	67	G4	4	575
61	61	121	121	0.5	1/4	1/4	2/4	23	1	1/8	1/8	1		-2	70	Bb4	4	572
61	61	121	121	1.0	1/4	1/4	2/4	22	1	1/4	1/4	1		-1	77	F5	5	570
61	61	121	121	0.5	1/4	1/4	2/4	2	1	1/8	1/8	1		-5	85	Db6	6	566
61	61	121	121	0.5	1/4	1/4	2/4	1	1	1/8	1/8	1		-1	89	F6	6	564
61	61	243/2	243/2	0.5	3/8	3/8	2/4	23	2	1/8	1/8	1		3	69	A4	4	576
61	61	243/2	243/2	0.5	3/8	3/8	2/4	23	1	1/8	1/8	1		0	72	C5	5	573
61	61	243/2	243/2	0.5	3/8	3/8	2/4	2	1	1/8	1/8	1		0	84	C6	6	567
61	61	243/2	243/2	0.5	3/8	3/8	2/4	1	1	1/8	1/8	1		-3	87	Eb6	6	565
62	62	122	122	1.0	0	0	2/4	22	1	1/4	1/4	1		-1	65	F4	4	585
62	62	122	122	1.0	0	0	2/4	5	1	1/4	1/4	1		-2	70	Bb4	4	583
62	62	122	122	1.0	0	0	2/4	23	2	1/4	1/4	1		-2	70	Bb4	4	588
62	62	122	122	1.0	0	0	2/4	23	1	1/4	1/4	1		-5	73	Db5	5	587
62	62	122	122	1.0	0	0	2/4	2	1	1/4	1/4	1		-2	82	Bb5	5	580
62	62	122	122	1.0	0	0	2/4	1	1	1/4	1/4	1		-5	85	Db6	6	577
62	62	123	123	1.0	1/4	1/4	2/4	5	1	1/4	1/4	1	1	-2	58	Bb3	3	584
62	62	123	123	1.0	1/4	1/4	2/4	22	1	1/4	1/4	1		-1	77	F5	5	586
62	62	123	123	0.5	1/4	1/4	2/4	2	1	1/8	1/8	1		-5	85	Db6	6	581
62	62	123	123	0.5	1/4	1/4	2/4	1	1	1/8	1/8	1		-1	89	F6	6	578
62	62	247/2	247/2	0.5	3/8	3/8	2/4	2	1	1/8	1/8	1		0	84	C6	6	582
62	62	247/2	247/2	0.5	3/8	3/8	2/4	1	1	1/8	1/8	1		-3	87	Eb6	6	579
63	63	124	124	0.25	0	0	2/4	5	1	1/16	1/16	1	-1	-2	58	Bb3	3	593
63	63	124	124	1.0	0	0	2/4	22	1	1/4	1/4	1		-1	65	F4	4	602
63	63	124	124	1.0	0	0	2/4	2	1	1/4	1/4	1		-2	82	Bb5	5	591
63	63	124	124	1.0	0	0	2/4	1	1	1/4	1/4	1		-5	85	Db6	6	589
63	63	497/4	497/4	0.25	1/16	1/16	2/4	5	1	1/16	1/16	1		-5	61	Db4	4	594
63	63	249/2	249/2	0.25	1/8	1/8	2/4	5	1	1/16	1/16	1		-1	65	F4	4	595
63	63	499/4	499/4	0.25	3/16	3/16	2/4	5	1	1/16	1/16	1		-2	70	Bb4	4	596
63	63	125	125	0.25	1/4	1/4	2/4	5	1	1/16	1/16	1		3	69	A4	4	597
63	63	125	125	1.0	1/4	1/4	2/4	2	1	1/4	1/4	1		-1	77	F5	5	592
63	63	125	125	1.0	1/4	1/4	2/4	21	1	1/4	1/4	1	1	-1	77	F5	5	601
63	63	125	125	1.0	1/4	1/4	2/4	22	1	1/4	1/4	1		-1	77	F5	5	603
63	63	125	125	1.0	1/4	1/4	2/4	1	1	1/4	1/4	1		0	84	C6	6	590
63	63	501/4	501/4	0.25	5/16	5/16	2/4	5	1	1/16	1/16	1		0	72	C5	5	598
63	63	251/2	251/2	0.25	3/8	3/8	2/4	5	1	1/16	1/16	1		-1	77	F5	5	599
63	63	503/4	503/4	0.25	7/16	7/16	2/4	5	1	1/16	1/16	1		-3	75	Eb5	5	600
64	64	126	126	1.0	0	0	2/4	25	1	1/4	1/4	1		-5	37	Db2	2	612
64	64	126	126	1.0	0	0	2/4	22	1	1/4	1/4	1		-1	65	F4	4	610
64	64	126	126	1.0	0	0	2/4	5	1	1/4	1/4	1		-5	73	Db5	5	606
64	64	126	126	1.0	0	0	2/4	2	1	1/4	1/4	1		-1	77	F5	5	605
64	64	126	126	1.0	0	0	2/4	21	1	1/4	1/4	1	-1	-1	77	F5	5	607
64	64	126	126	1.0	0	0	2/4	1	1	1/4	1/4	1		-5	85	Db6	6	604
64	64	127	127	1.0	1/4	1/4	2/4	25	1	1/4	1/4	1		-4	44	Ab2	2	613
64	64	127	127	0.5	1/4	1/4	2/4	21	1	1/8	1/8	1		-4	68	Ab4	4	608
64	64	127	127	1.0	1/4	1/4	2/4	22	1	1/4	1/4	1		-1	77	F5	5	611
64	64	255/2	255/2	0.5	3/8	3/8	2/4	21	1	1/8	1/8	1		-6	66	Gb4	4	609
65	65	128	128	1.0	0	0	2/4	25	1	1/4	1/4	1		-5	37	Db2	2	619
65	65	128	128	1.0	0	0	2/4	21	1	1/4	1/4	1		-1	65	F4	4	616
65	65	129	129	1.0	1/4	1/4	2/4	25	1	1/4	1/4	1		-4	44	Ab2	2	620
65	65	129	129	1.0	1/4	1/4	2/4	9	1	1/4	1/4	1	1	-5	61	Db4	4	614
65	65	129	129	1.0	1/4	1/4	2/4	10	1	1/4	1/4	1	1	-5	61	Db4	4	615
65	65	129	129	0.5	1/4	1/4	2/4	21	1	1/8	1/8	1		-6	66	Gb4	4	617
65	65	259/2	259/2	0.5	3/8	3/8	2/4	21	1	1/8	1/8	1		-3	63	Eb4	4	618
66	66	130	130	1.0	0	0	2/4	25	1	1/4	1/4	1		-5	37	Db2	2	627
66	66	130	130	2.0	0	0	2/4	8	1	1/2	1/2	1	1	-5	49	Db3	3	622
66	66	130	130	2.0	0	0	2/4	7	1	1/2	1/2	1	1	-4	56	Ab3	3	621
66	66	130	130	1.0	0	0	2/4	9	1	1/4	1/4	1	-1	-5	61	Db4	4	623
66	66	130	130	2.0	0	0	2/4	10	1	1/2	1/2	1	0	-5	61	Db4	4	625
66	66	130	130	1.0	0	0	2/4	21	1	1/4	1/4	1		-1	65	F4	4	626
66	66	131	131	1.0	1/4	1/4	2/4	25	1	1/4	1/4	1		-4	44	Ab2	2	628
66	66	131	131	1.0	1/4	1/4	2/4	9	1	1/4	1/4	1		-3	63	Eb4	4	624
67	67	132	132	1.0	0	0	2/4	25	1	1/4	1/4	1		-5	37	Db2	2	635
67	67	132	132	2.0	0	0	2/4	8	1	1/2	1/2	1	0	-5	49	Db3	3	630
67	67	132	132	2.0	0	0	2/4	7	1	1/2	1/2	1	0	-4	56	Ab3	3	629
67	67	132	132	1.0	0	0	2/4	10	1	1/4	1/4	1	-1	-5	61	Db4	4	633
67	67	132	132	1.0	0	0	2/4	9	1	1/4	1/4	1		-1	65	F4	4	631
67	67	133	133	1.0	1/4	1/4	2/4	25	1	1/4	1/4	1		-4	44	Ab2	2	636
67	67	133	133	1.0	1/4	1/4	2/4	10	1	1/4	1/4	1		-3	63	Eb4	4	634
67	67	133	133	1.0	1/4	1/4	2/4	9	1	1/4	1/4	1		-6	66	Gb4	4	632
68	68	134	134	1.0	0	0	2/4	25	1	1/4	1/4	1		-5	37	Db2	2	647
68	68	134	134	2.0	0	0	2/4	8	1	1/2	1/2	1	-1	-5	49	Db3	3	638
68	68	134	134	2.0	0	0	2/4	7	1	1/2	1/2	1	0	-4	56	Ab3	3	637
68	68	134	134	1.0	0	0	2/4	10	1	1/4	1/4	1		-1	65	F4	4	642
68	68	134	134	1.0	0	0	2/4	9	1	1/4	1/4	1		-4	68	Ab4	4	639
68	68	135	135	1.0	1/4	1/4	2/4	25	1	1/4	1/4	1		-4	44	Ab2	2	648
68	68	135	135	1.0	1/4	1/4	2/4	24	1	1/4	1/4	1	1	-4	56	Ab3	3	646
68	68	135	135	0.5	1/4	1/4	2/4	10	1	1/8	1/8	1		-3	63	Eb4	4	643
68	68	135	135	0.5	1/4	1/4	2/4	9	1	1/8	1/8	1		-6	66	Gb4	4	640
68	68	135	135	1.0	1/4	1/4	2/4	23	1	1/4	1/4	1		-4	68	Ab4	4	645
68	68	271/2	271/2	0.5	3/8	3/8	2/4	10	1	1/8	1/8	1		-5	61	Db4	4	644
68	68	271/2	271/2	0.5	3/8	3/8	2/4	9	1	1/8	1/8	1		-1	65	F4	4	641
69	69	136	136	1.0	0	0	2/4	25	1	1/4	1/4	1		-4	32	Ab1	1	659
69	69	136	136	1.0	0	0	2/4	8	1	1/4	1/4	1		-3	51	Eb3	3	650
69	69	136	136	1.0	0	0	2/4	7	1	1/4	1/4	1	-1	-4	56	Ab3	3	649
69	69	136	136	1.0	0	0	2/4	24	1	1/4	1/4	1	-1	-4	56	Ab3	3	657
69	69	136	136	1.0	0	0	2/4	10	1	1/4	1/4	1		0	60	C4	4	652
69	69	136	136	1.0	0	0	2/4	9	1	1/4	1/4	1		-3	63	Eb4	4	651
69	69	136	136	1.0	0	0	2/4	23	1	1/4	1/4	1		0	72	C5	5	654
69	69	136	136	2.0	0	0	2/4	21	1	1/2	1/2	1		-3	75	Eb5	5	653
69	69	137	137	1.0	1/4	1/4	2/4	25	1	1/4	1/4	1		-4	44	Ab2	2	660
69	69	137	137	1.0	1/4	1/4	2/4	24	1	1/4	1/4	1		-2	58	Bb3	3	658
69	69	137	137	0.5	1/4	1/4	2/4	23	1	1/8	1/8	1		-5	73	Db5	5	655
69	69	275/2	275/2	0.5	3/8	3/8	2/4	23	1	1/8	1/8	1		-2	70	Bb4	4	656
70	70	138	138	1.0	0	0	2/4	25	1	1/4	1/4	1		-4	32	Ab1	1	667
70	70	138	138	1.0	0	0	2/4	24	1	1/4	1/4	1		0	60	C4	4	665
70	70	138	138	1.0	0	0	2/4	23	1	1/4	1/4	1		-3	75	Eb5	5	663
70	70	138	138	1.0	0	0	2/4	21	1	1/4	1/4	1		-4	80	Ab5	5	661
70	70	139	139	1.0	1/4	1/4	2/4	25	1	1/4	1/4	1		-4	44	Ab2	2	668
70	70	139	139	1.0	1/4	1/4	2/4	24	1	1/4	1/4	1		-5	61	Db4	4	666
70	70	139	139	1.0	1/4	1/4	2/4	23	1	1/4	1/4	1		-2	70	Bb4	4	664
70	70	139	139	1.0	1/4	1/4	2/4	21	1	1/4	1/4	1		-3	75	Eb5	5	662
71	71	140	140	1.0	0	0	2/4	25	1	1/4	1/4	1		-4	32	Ab1	1	682
71	71	140	140	1.0	0	0	2/4	24	1	1/4	1/4	1		-3	63	Eb4	4	679
71	71	140	140	1.0	0	0	2/4	23	1	1/4	1/4	1		-7	71	Cb5	5	677
71	71	140	140	1.0	0	0	2/4	21	1	1/4	1/4	1		-7	83	Cb6	6	673
71	71	141	141	1.0	1/4	1/4	2/4	25	1	1/4	1/4	1		-4	44	Ab2	2	683
71	71	141	141	0.5	1/4	1/4	2/4	24	1	1/8	1/8	1		-5	61	Db4	4	680
71	71	141	141	1.0	1/4	1/4	2/4	4	1	1/4	1/4	1	1	-3	63	Eb4	4	670
71	71	141	141	1.0	1/4	1/4	2/4	5	1	1/4	1/4	1	1	-3	63	Eb4	4	671
71	71	141	141	1.0	1/4	1/4	2/4	6	1	1/4	1/4	1	1	-3	63	Eb4	4	672
71	71	141	141	1.0	1/4	1/4	2/4	22	1	1/4	1/4	1	1	-3	63	Eb4	4	676
71	71	141	141	1.0	1/4	1/4	2/4	23	1	1/4	1/4	1		-4	68	Ab4	4	678
71	71	141	141	0.5	1/4	1/4	2/4	21	1	1/8	1/8	1		-3	75	Eb5	5	674
71	71	141	141	1.0	1/4	1/4	2/4	3	1	1/4	1/4	1	1	-3	75	Eb5	5	669
71	71	283/2	283/2	0.5	3/8	3/8	2/4	24	1	1/8	1/8	1		-7	59	Cb4	4	681
71	71	283/2	283/2	0.5	3/8	3/8	2/4	21	1	1/8	1/8	1		-1	77	F5	5	675
72	72	142	142	1.0	0	0	2/4	25	1	1/4	1/4	1		-3	39	Eb2	2	696
72	72	142	142	1.0	0	0	2/4	24	1	1/4	1/4	1		-2	58	Bb3	3	694
72	72	142	142	1.0	0	0	2/4	5	1	1/4	1/4	1	-1	-3	63	Eb4	4	686
72	72	142	142	1.0	0	0	2/4	6	1	1/4	1/4	1	-1	-3	63	Eb4	4	688
72	72	142	142	1.0	0	0	2/4	22	1	1/4	1/4	1	-1	-3	63	Eb4	4	691
72	72	142	142	2.0	0	0	2/4	4	1	1/2	1/2	1	0	-3	63	Eb4	4	685
72	72	142	142	1.0	0	0	2/4	23	1	1/4	1/4	1		-6	66	Gb4	4	693
72	72	142	142	2.0	0	0	2/4	3	1	1/2	1/2	1	0	-3	75	Eb5	5	684
72	72	142	142	1.0	0	0	2/4	21	1	1/4	1/4	1		-6	78	Gb5	5	690
72	72	143	143	1.0	1/4	1/4	2/4	25	1	1/4	1/4	1		-2	46	Bb2	2	697
72	72	143	143	1.0	1/4	1/4	2/4	24	1	1/4	1/4	1	1	-3	51	Eb3	3	695
72	72	143	143	1.0	1/4	1/4	2/4	5	1	1/4	1/4	1		-1	65	F4	4	687
72	72	143	143	1.0	1/4	1/4	2/4	6	1	1/4	1/4	1		-1	65	F4	4	689
72	72	143	143	1.0	1/4	1/4	2/4	22	1	1/4	1/4	1		-1	65	F4	4	692
73	73	144	144	1.0	0	0	2/4	25	1	1/4	1/4	1		-3	39	Eb2	2	709
73	73	144	144	1.0	0	0	2/4	24	1	1/4	1/4	1	-1	-3	51	Eb3	3	707
73	73	144	144	1.0	0	0	2/4	4	1	1/4	1/4	1	-1	-3	63	Eb4	4	699
73	73	144	144	1.0	0	0	2/4	5	1	1/4	1/4	1		-6	66	Gb4	4	700
73	73	144	144	1.0	0	0	2/4	6	1	1/4	1/4	1		-6	66	Gb4	4	702
73	73	144	144	1.0	0	0	2/4	22	1	1/4	1/4	1		-6	66	Gb4	4	704
73	73	144	144	1.0	0	0	2/4	3	1	1/4	1/4	1	-1	-3	75	Eb5	5	698
73	73	145	145	1.0	1/4	1/4	2/4	25	1	1/4	1/4	1		-2	46	Bb2	2	710
73	73	145	145	1.0	1/4	1/4	2/4	24	1	1/4	1/4	1		-1	53	F3	3	708
73	73	145	145	1.0	1/4	1/4	2/4	23	1	1/4	1/4	1		-3	63	Eb4	4	706
73	73	145	145	1.0	1/4	1/4	2/4	5	1	1/4	1/4	1		-4	68	Ab4	4	701
73	73	145	145	1.0	1/4	1/4	2/4	6	1	1/4	1/4	1		-4	68	Ab4	4	703
73	73	145	145	1.0	1/4	1/4	2/4	22	1	1/4	1/4	1		-4	68	Ab4	4	705
74	74	146	146	1.0	0	0	2/4	25	1	1/4	1/4	1		-5	37	Db2	2	730
74	74	146	146	1.0	0	0	2/4	24	1	1/4	1/4	1		-6	54	Gb3	3	727
74	74	146	146	1.0	0	0	2/4	23	1	1/4	1/4	1		-8	64	Fb4	4	724
74	74	146	146	0.5	0	0	2/4	5	1	1/8	1/8	1		-7	71	Cb5	5	711
74	74	146	146	0.5	0	0	2/4	6	1	1/8	1/8	1		-7	71	Cb5	5	715
74	74	146	146	0.5	0	0	2/4	22	1	1/8	1/8	1		-7	71	Cb5	5	720
74	74	293/2	293/2	0.5	1/8	1/8	2/4	5	1	1/8	1/8	1		-2	70	Bb4	4	712
74	74	293/2	293/2	0.5	1/8	1/8	2/4	6	1	1/8	1/8	1		-2	70	Bb4	4	716
74	74	293/2	293/2	0.5	1/8	1/8	2/4	22	1	1/8	1/8	1		-2	70	Bb4	4	721
74	74	147	147	1.0	1/4	1/4	2/4	25	1	1/4	1/4	1		-6	42	Gb2	2	731
74	74	147	147	0.5	1/4	1/4	2/4	23	1	1/8	1/8	1		-2	58	Bb3	3	725
74	74	147	147	0.5	1/4	1/4	2/4	24	1	1/8	1/8	1		-5	61	Db4	4	728
74	74	147	147	0.5	1/4	1/4	2/4	5	1	1/8	1/8	1		-4	68	Ab4	4	713
74	74	147	147	0.5	1/4	1/4	2/4	6	1	1/8	1/8	1		-4	68	Ab4	4	717
74	74	147	147	0.5	1/4	1/4	2/4	22	1	1/8	1/8	1		-4	68	Ab4	4	722
74	74	147	147	1.0	1/4	1/4	2/4	21	1	1/4	1/4	1	1	-6	78	Gb5	5	719
74	74	295/2	295/2	0.5	3/8	3/8	2/4	24	1	1/8	1/8	1		-6	54	Gb3	3	729
74	74	295/2	295/2	0.5	3/8	3/8	2/4	23	1	1/8	1/8	1		-8	64	Fb4	4	726
74	74	295/2	295/2	0.5	3/8	3/8	2/4	5	1	1/8	1/8	1		-2	70	Bb4	4	714
74	74	295/2	295/2	0.5	3/8	3/8	2/4	6	1	1/8	1/8	1		-2	70	Bb4	4	718
74	74	295/2	295/2	0.5	3/8	3/8	2/4	22	1	1/8	1/8	1		-2	70	Bb4	4	723
75	75	148	148	1.0	0	0	2/4	25	1	1/4	1/4	1		-7	35	Cb2	2	749
75	75	148	148	0.5	0	0	2/4	24	1	1/8	1/8	1		-6	54	Gb3	3	746
75	75	148	148	2.0	0	0	2/4	11	1	1/2	1/2	1		-6	54	Gb3	3	736
75	75	148	148	0.5	0	0	2/4	23	1	1/8	1/8	1		-3	63	Eb4	4	742
75	75	148	148	2.0	0	0	2/4	10	1	1/2	1/2	1		-3	63	Eb4	4	735
75	75	148	148	2.0	0	0	2/4	9	1	1/2	1/2	1		-6	66	Gb4	4	734
75	75	148	148	1.0	0	0	2/4	5	1	1/4	1/4	1		-7	71	Cb5	5	732
75	75	148	148	1.0	0	0	2/4	6	1	1/4	1/4	1		-7	71	Cb5	5	733
75	75	148	148	2.0	0	0	2/4	22	1	1/2	1/2	1		-7	71	Cb5	5	741
75	75	148	148	0.5	0	0	2/4	21	1	1/8	1/8	1	-1	-6	78	Gb5	5	737
75	75	297/2	297/2	0.5	1/8	1/8	2/4	24	1	1/8	1/8	1		-6	66	Gb4	4	747
75	75	297/2	297/2	0.5	1/8	1/8	2/4	23	1	1/8	1/8	1		-3	75	Eb5	5	743
75	75	297/2	297/2	0.5	1/8	1/8	2/4	21	1	1/8	1/8	1		-3	87	Eb6	6	738
75	75	149	149	1.0	1/4	1/4	2/4	25	1	1/4	1/4	1		-6	42	Gb2	2	750
75	75	149	149	1.0	1/4	1/4	2/4	24	1	1/4	1/4	1		-3	63	Eb4	4	748
75	75	149	149	0.5	1/4	1/4	2/4	23	1	1/8	1/8	1		-7	71	Cb5	5	744
75	75	149	149	0.5	1/4	1/4	2/4	21	1	1/8	1/8	1		-7	83	Cb6	6	739
75	75	299/2	299/2	0.5	3/8	3/8	2/4	23	1	1/8	1/8	1		-4	68	Ab4	4	745
75	75	299/2	299/2	0.5	3/8	3/8	2/4	21	1	1/8	1/8	1		-4	80	Ab5	5	740
76	76	150	150	1.0	0	0	2/4	25	1	1/4	1/4	1		-2	34	Bb1	1	758
76	76	150	150	2.0	0	0	2/4	24	1	1/2	1/2	1		-8	64	Fb4	4	757
76	76	150	150	2.0	0	0	2/4	23	1	1/2	1/2	1	1	-6	66	Gb4	4	756
76	76	150	150	0.5	0	0	2/4	22	1	1/8	1/8	1		-3	75	Eb5	5	752
76	76	150	150	2.0	0	0	2/4	21	1	1/2	1/2	1	1	-6	78	Gb5	5	751
76	76	301/2	301/2	0.5	1/8	1/8	2/4	22	1	1/8	1/8	1		-5	73	Db5	5	753
76	76	151	151	1.0	1/4	1/4	2/4	25	1	1/4	1/4	1		-6	42	Gb2	2	759
76	76	151	151	0.5	1/4	1/4	2/4	22	1	1/8	1/8	1		-7	71	Cb5	5	754
76	76	303/2	303/2	0.5	3/8	3/8	2/4	22	1	1/8	1/8	1		-5	73	Db5	5	755
77	77	152	152	1.0	0	0	2/4	25	1	1/4	1/4	1		-7	35	Cb2	2	775
77	77	152	152	0.5	0	0	2/4	24	1	1/8	1/8	1		-6	54	Gb3	3	772
77	77	152	152	2.0	0	0	2/4	11	1	1/2	1/2	1		-6	54	Gb3	3	762
77	77	152	152	2.0	0	0	2/4	10	1	1/2	1/2	1		-3	63	Eb4	4	761
77	77	152	152	0.5	0	0	2/4	23	1	1/8	1/8	1	-1	-6	66	Gb4	4	768
77	77	152	152	2.0	0	0	2/4	9	1	1/2	1/2	1		-6	66	Gb4	4	760
77	77	152	152	2.0	0	0	2/4	22	1	1/2	1/2	1		-3	75	Eb5	5	767
77	77	152	152	0.5	0	0	2/4	21	1	1/8	1/8	1	-1	-6	78	Gb5	5	763
77	77	305/2	305/2	0.5	1/8	1/8	2/4	24	1	1/8	1/8	1		-6	66	Gb4	4	773
77	77	305/2	305/2	0.5	1/8	1/8	2/4	23	1	1/8	1/8	1		-3	75	Eb5	5	769
77	77	305/2	305/2	0.5	1/8	1/8	2/4	21	1	1/8	1/8	1		-3	87	Eb6	6	764
77	77	153	153	1.0	1/4	1/4	2/4	25	1	1/4	1/4	1		-6	42	Gb2	2	776
77	77	153	153	1.0	1/4	1/4	2/4	24	1	1/4	1/4	1		-3	63	Eb4	4	774
77	77	153	153	0.5	1/4	1/4	2/4	23	1	1/8	1/8	1		-7	71	Cb5	5	770
77	77	153	153	0.5	1/4	1/4	2/4	21	1	1/8	1/8	1		-7	83	Cb6	6	765
77	77	307/2	307/2	0.5	3/8	3/8	2/4	23	1	1/8	1/8	1		-4	68	Ab4	4	771
77	77	307/2	307/2	0.5	3/8	3/8	2/4	21	1	1/8	1/8	1		-4	80	Ab5	5	766
78	78	154	154	1.0	0	0	2/4	25	1	1/4	1/4	1		-2	34	Bb1	1	784
78	78	154	154	2.0	0	0	2/4	24	1	1/2	1/2	1		-8	64	Fb4	4	783
78	78	154	154	2.0	0	0	2/4	23	1	1/2	1/2	1	1	-6	66	Gb4	4	782
78	78	154	154	0.5	0	0	2/4	22	1	1/8	1/8	1		-3	75	Eb5	5	778
78	78	154	154	2.0	0	0	2/4	21	1	1/2	1/2	1	1	-6	78	Gb5	5	777
78	78	309/2	309/2	0.5	1/8	1/8	2/4	22	1	1/8	1/8	1		-5	73	Db5	5	779
78	78	155	155	1.0	1/4	1/4	2/4	25	1	1/4	1/4	1		-6	42	Gb2	2	785
78	78	155	155	0.5	1/4	1/4	2/4	22	1	1/8	1/8	1		-7	71	Cb5	5	780
78	78	311/2	311/2	0.5	3/8	3/8	2/4	22	1	1/8	1/8	1		-5	73	Db5	5	781
79	79	156	156	1.0	0	0	2/4	25	1	1/4	1/4	1		-7	35	Cb2	2	801
79	79	156	156	0.5	0	0	2/4	24	1	1/8	1/8	1		-6	54	Gb3	3	798
79	79	156	156	2.0	0	0	2/4	11	1	1/2	1/2	1	1	-6	54	Gb3	3	788
79	79	156	156	2.0	0	0	2/4	10	1	1/2	1/2	1	1	-3	63	Eb4	4	787
79	79	156	156	0.5	0	0	2/4	23	1	1/8	1/8	1	-1	-6	66	Gb4	4	794
79	79	156	156	2.0	0	0	2/4	9	1	1/2	1/2	1	1	-6	66	Gb4	4	786
79	79	156	156	2.0	0	0	2/4	22	1	1/2	1/2	1	1	-3	75	Eb5	5	793
79	79	156	156	0.5	0	0	2/4	21	1	1/8	1/8	1	-1	-6	78	Gb5	5	789
79	79	313/2	313/2	0.5	1/8	1/8	2/4	24	1	1/8	1/8	1		-6	66	Gb4	4	799
79	79	313/2	313/2	0.5	1/8	1/8	2/4	23	1	1/8	1/8	1		-3	75	Eb5	5	795
79	79	313/2	313/2	0.5	1/8	1/8	2/4	21	1	1/8	1/8	1		-3	87	Eb6	6	790
79	79	157	157	1.0	1/4	1/4	2/4	25	1	1/4	1/4	1		-6	42	Gb2	2	802
79	79	157	157	1.0	1/4	1/4	2/4	24	1	1/4	1/4	1	1	-3	63	Eb4	4	800
79	79	157	157	0.5	1/4	1/4	2/4	23	1	1/8	1/8	1		-7	71	Cb5	5	796
79	79	157	157	0.5	1/4	1/4	2/4	21	1	1/8	1/8	1		-7	83	Cb6	6	791
79	79	315/2	315/2	0.5	3/8	3/8	2/4	23	1	1/8	1/8	1		-4	68	Ab4	4	797
79	79	315/2	315/2	0.5	3/8	3/8	2/4	21	1	1/8	1/8	1		-4	80	Ab5	5	792
80	80	158	158	1.0	0	0	2/4	25	1	1/4	1/4	1		-7	35	Cb2	2	818
80	80	158	158	2.0	0	0	2/4	11	1	1/2	1/2	1	-1	-6	54	Gb3	3	805
80	80	158	158	0.5	0	0	2/4	24	1	1/8	1/8	1	-1	-3	63	Eb4	4	815
80	80	158	158	2.0	0	0	2/4	10	1	1/2	1/2	1	0	-3	63	Eb4	4	804
80	80	158	158	0.5	0	0	2/4	23	1	1/8	1/8	1		-6	66	Gb4	4	811
80	80	158	158	2.0	0	0	2/4	9	1	1/2	1/2	1	0	-6	66	Gb4	4	803
80	80	158	158	2.0	0	0	2/4	22	1	1/2	1/2	1	0	-3	75	Eb5	5	810
80	80	158	158	0.5	0	0	2/4	21	1	1/8	1/8	1		-6	78	Gb5	5	806
80	80	317/2	317/2	0.5	1/8	1/8	2/4	24	1	1/8	1/8	1		-6	66	Gb4	4	816
80	80	317/2	317/2	0.5	1/8	1/8	2/4	23	1	1/8	1/8	1		-3	75	Eb5	5	812
80	80	317/2	317/2	0.5	1/8	1/8	2/4	21	1	1/8	1/8	1		-3	87	Eb6	6	807
80	80	159	159	1.0	1/4	1/4	2/4	25	1	1/4	1/4	1		-6	42	Gb2	2	819
80	80	159	159	1.0	1/4	1/4	2/4	24	1	1/4	1/4	1	1	-3	63	Eb4	4	817
80	80	159	159	0.5	1/4	1/4	2/4	23	1	1/8	1/8	1		-7	71	Cb5	5	813
80	80	159	159	0.5	1/4	1/4	2/4	21	1	1/8	1/8	1		-7	83	Cb6	6	808
80	80	319/2	319/2	0.5	3/8	3/8	2/4	23	1	1/8	1/8	1		-4	68	Ab4	4	814
80	80	319/2	319/2	0.5	3/8	3/8	2/4	21	1	1/8	1/8	1		-4	80	Ab5	5	809
81	81	160	160	1.0	0	0	2/4	25	1	1/4	1/4	1		-2	34	Bb1	1	834
81	81	160	160	0.5	0	0	2/4	24	1	1/8	1/8	1	-1	-3	63	Eb4	4	831
81	81	160	160	2.0	0	0	2/4	10	1	1/2	1/2	1	0	-3	63	Eb4	4	821
81	81	160	160	0.5	0	0	2/4	23	1	1/8	1/8	1		-6	66	Gb4	4	827
81	81	160	160	2.0	0	0	2/4	9	1	1/2	1/2	1	0	-6	66	Gb4	4	820
81	81	160	160	2.0	0	0	2/4	22	1	1/2	1/2	1	0	-3	75	Eb5	5	826
81	81	160	160	0.5	0	0	2/4	21	1	1/8	1/8	1		-6	78	Gb5	5	822
81	81	321/2	321/2	0.5	1/8	1/8	2/4	24	1	1/8	1/8	1		-6	66	Gb4	4	832
81	81	321/2	321/2	0.5	1/8	1/8	2/4	23	1	1/8	1/8	1		-3	75	Eb5	5	828
81	81	321/2	321/2	0.5	1/8	1/8	2/4	21	1	1/8	1/8	1		-3	87	Eb6	6	823
81	81	161	161	1.0	1/4	1/4	2/4	25	1	1/4	1/4	1		-6	42	Gb2	2	835
81	81	161	161	1.0	1/4	1/4	2/4	24	1	1/4	1/4	1	1	-3	63	Eb4	4	833
81	81	161	161	0.5	1/4	1/4	2/4	23	1	1/8	1/8	1		-7	71	Cb5	5	829
81	81	161	161	0.5	1/4	1/4	2/4	21	1	1/8	1/8	1		-7	83	Cb6	6	824
81	81	323/2	323/2	0.5	3/8	3/8	2/4	23	1	1/8	1/8	1		-4	68	Ab4	4	830
81	81	323/2	323/2	0.5	3/8	3/8	2/4	21	1	1/8	1/8	1		-4	80	Ab5	5	825
82	82	162	162	1.0	0	0	2/4	25	1	1/4	1/4	1		3	33	A1	1	842
82	82	162	162	1.0	0	0	2/4	10	1	1/4	1/4	1	-1	-3	63	Eb4	4	837
82	82	162	162	1.0	0	0	2/4	24	1	1/4	1/4	1	-1	-3	63	Eb4	4	841
82	82	162	162	1.0	0	0	2/4	23	1	1/4	1/4	1		-6	66	Gb4	4	840
82	82	162	162	2.0	0	0	2/4	9	1	1/2	1/2	1	0	-6	66	Gb4	4	836
82	82	162	162	1.0	0	0	2/4	22	1	1/4	1/4	1	-1	-3	75	Eb5	5	839
82	82	162	162	1.0	0	0	2/4	21	1	1/4	1/4	1		-6	78	Gb5	5	838
82	82	163	163	1.0	1/4	1/4	2/4	25	1	1/4	1/4	1		-6	42	Gb2	2	843
83	83	164	164	1.0	0	0	2/4	25	1	1/4	1/4	1		-4	32	Ab1	1	845
83	83	164	164	2.0	0	0	2/4	9	1	1/2	1/2	1	0	-6	66	Gb4	4	844
83	83	165	165	1.0	1/4	1/4	2/4	25	1	1/4	1/4	1		-6	42	Gb2	2	846
84	84	166	166	1.0	0	0	2/4	25	1	1/4	1/4	1		-11	31	Abb1	1	848
84	84	166	166	2.0	0	0	2/4	9	1	1/2	1/2	1	0	-6	66	Gb4	4	847
84	84	167	167	1.0	1/4	1/4	2/4	25	1	1/4	1/4	1		-6	42	Gb2	2	849
85	85	168	168	1.0	0	0	2/4	25	1	1/4	1/4	1		-6	30	Gb1	1	851
85	85	168	168	2.0	0	0	2/4	9	1	1/2	1/2	1	0	-6	66	Gb4	4	850
85	85	169	169	1.0	1/4	1/4	2/4	25	1	1/4	1/4	1		-6	42	Gb2	2	852
86	86	170	170	2.0	0	0	2/4	9	1	1/2	1/2	1	-1	-6	66	Gb4	4	853
87	87	172	172	2.0	0	0	2/4	9	1	1/2	1/2	1	1	-6	66	Gb4	4	854
88	88	174	174	2.0	0	0	2/4	9	1	1/2	1/2	1	0	-6	66	Gb4	4	858
88	88	175	175	1.0	1/4	1/4	2/4	3	1	1/4	1/4	1	1	-2	70	Bb4	4	856
88	88	175	175	1.0	1/4	1/4	2/4	5	1	1/4	1/4	1	1	-2	70	Bb4	4	857
88	88	175	175	1.0	1/4	1/4	2/4	1	1	1/4	1/4	1	1	-2	82	Bb5	5	855
89	89	176	176	2.0	0	0	2/4	9	1	1/2	1/2	1	-1	-6	66	Gb4	4	864
89	89	176	176	1.0	0	0	2/4	5	1	1/4	1/4	1	-1	-2	70	Bb4	4	862
89	89	176	176	2.0	0	0	2/4	3	1	1/2	1/2	1	0	-2	70	Bb4	4	861
89	89	176	176	1.0	0	0	2/4	1	1	1/4	1/4	1	-1	-2	82	Bb5	5	859
89	89	177	177	1.0	1/4	1/4	2/4	5	1	1/4	1/4	1		0	72	C5	5	863
89	89	177	177	1.0	1/4	1/4	2/4	1	1	1/4	1/4	1		0	84	C6	6	860
90	90	178	178	1.0	0	0	2/4	9	1	1/4	1/4	1		-1	65	F4	4	870
90	90	178	178	2.0	0	0	2/4	3	1	1/2	1/2	1	0	-2	70	Bb4	4	867
90	90	178	178	1.0	0	0	2/4	5	1	1/4	1/4	1		2	74	D5	5	868
90	90	178	178	1.0	0	0	2/4	1	1	1/4	1/4	1		2	86	D6	6	865
90	90	179	179	1.0	1/4	1/4	2/4	9	1	1/4	1/4	1		-3	63	Eb4	4	871
90	90	179	179	1.0	1/4	1/4	2/4	5	1	1/4	1/4	1		-3	75	Eb5	5	869
90	90	179	179	1.0	1/4	1/4	2/4	1	1	1/4	1/4	1		-3	87	Eb6	6	866
91	91	180	180	1.0	0	0	2/4	9	1	1/4	1/4	1		2	62	D4	4	879
91	91	180	180	2.0	0	0	2/4	3	1	1/2	1/2	1	-1	-2	70	Bb4	4	875
91	91	180	180	1.0	0	0	2/4	5	1	1/4	1/4	1		-1	77	F5	5	876
91	91	180	180	1.0	0	0	2/4	1	1	1/4	1/4	1		-1	89	F6	6	872
91	91	181	181	1.0	1/4	1/4	2/4	9	1	1/4	1/4	1		-3	63	Eb4	4	880
91	91	181	181	0.5	1/4	1/4	2/4	5	1	1/8	1/8	1		-3	75	Eb5	5	877
91	91	181	181	0.5	1/4	1/4	2/4	1	1	1/8	1/8	1		-3	87	Eb6	6	873
91	91	363/2	363/2	0.5	3/8	3/8	2/4	5	1	1/8	1/8	1		2	74	D5	5	878
91	91	363/2	363/2	0.5	3/8	3/8	2/4	1	1	1/8	1/8	1		2	86	D6	6	874
92	92	182	182	1.0	0	0	2/4	9	1	1/4	1/4	1		-1	65	F4	4	884
92	92	182	182	1.0	0	0	2/4	3	1	1/4	1/4	1		3	69	A4	4	882
92	92	182	182	1.0	0	0	2/4	5	1	1/4	1/4	1		0	72	C5	5	883
92	92	182	182	1.0	0	0	2/4	1	1	1/4	1/4	1		0	84	C6	6	881
93	93	184	184	2.0	0	0	2/4	9	1	1/2	1/2	1	1	-6	66	Gb4	4	885
94	94	186	186	2.0	0	0	2/4	9	1	1/2	1/2	1	0	-6	66	Gb4	4	889
94	94	187	187	1.0	1/4	1/4	2/4	3	1	1/4	1/4	1	1	-2	70	Bb4	4	887
94	94	187	187	1.0	1/4	1/4	2/4	5	1	1/4	1/4	1	1	-2	70	Bb4	4	888
94	94	187	187	1.0	1/4	1/4	2/4	1	1	1/4	1/4	1	1	-2	82	Bb5	5	886
95	95	188	188	2.0	0	0	2/4	9	1	1/2	1/2	1	-1	-6	66	Gb4	4	895
95	95	188	188	1.0	0	0	2/4	5	1	1/4	1/4	1	-1	-2	70	Bb4	4	893
95	95	188	188	2.0	0	0	2/4	3	1	1/2	1/2	1	0	-2	70	Bb4	4	892
95	95	188	188	1.0	0	0	2/4	1	1	1/4	1/4	1	-1	-2	82	Bb5	5	890
95	95	189	189	1.0	1/4	1/4	2/4	5	1	1/4	1/4	1		0	72	C5	5	894
95	95	189	189	1.0	1/4	1/4	2/4	1	1	1/4	1/4	1		0	84	C6	6	891
96	96	190	190	1.0	0	0	2/4	9	1	1/4	1/4	1		-1	65	F4	4	901
96	96	190	190	2.0	0	0	2/4	3	1	1/2	1/2	1	0	-2	70	Bb4	4	898
96	96	190	190	1.0	0	0	2/4	5	1	1/4	1/4	1		2	74	D5	5	899
96	96	190	190	1.0	0	0	2/4	1	1	1/4	1/4	1		2	86	D6	6	896
96	96	191	191	1.0	1/4	1/4	2/4	9	1	1/4	1/4	1		-3	63	Eb4	4	902
96	96	191	191	1.0	1/4	1/4	2/4	5	1	1/4	1/4	1		-3	75	Eb5	5	900
96	96	191	191	1.0	1/4	1/4	2/4	1	1	1/4	1/4	1		-3	87	Eb6	6	897
97	97	192	192	1.0	0	0	2/4	9	1	1/4	1/4	1		2	62	D4	4	912
97	97	192	192	2.0	0	0	2/4	3	1	1/2	1/2	1	-1	-2	70	Bb4	4	907
97	97	192	192	0.5	0	0	2/4	5	1	1/8	1/8	1		1	79	G5	5	908
97	97	192	192	0.5	0	0	2/4	1	1	1/8	1/8	1		1	91	G6	6	903
97	97	385/2	385/2	0.5	1/8	1/8	2/4	5	1	1/8	1/8	1		-1	77	F5	5	909
97	97	385/2	385/2	0.5	1/8	1/8	2/4	1	1	1/8	1/8	1		-1	89	F6	6	904
97	97	193	193	1.0	1/4	1/4	2/4	9	1	1/4	1/4	1		-3	63	Eb4	4	913
97	97	193	193	0.5	1/4	1/4	2/4	5	1	1/8	1/8	1		-3	75	Eb5	5	910
97	97	193	193	0.5	1/4	1/4	2/4	1	1	1/8	1/8	1		-3	87	Eb6	6	905
97	97	387/2	387/2	0.5	3/8	3/8	2/4	5	1	1/8	1/8	1		2	74	D5	5	911
97	97	387/2	387/2	0.5	3/8	3/8	2/4	1	1	1/8	1/8	1		2	86	D6	6	906
98	98	194	194	1.0	0	0	2/4	9	1	1/4	1/4	1		-1	65	F4	4	917
98	98	194	194	1.0	0	0	2/4	3	1	1/4	1/4	1		3	69	A4	4	915
98	98	194	194	1.0	0	0	2/4	5	1	1/4	1/4	1		0	72	C5	5	916
98	98	194	194	1.0	0	0	2/4	1	1	1/4	1/4	1		0	84	C6	6	914
99	99	196	196	2.0	0	0	2/4	9	1	1/2	1/2	1	1	-6	66	Gb4	4	918
100	100	198	198	2.0	0	0	2/4	9	1	1/2	1/2	1	0	-6	66	Gb4	4	922
100	100	199	199	1.0	1/4	1/4	2/4	3	1	1/4	1/4	1	1	-2	70	Bb4	4	920
100	100	199	199	1.0	1/4	1/4	2/4	5	1	1/4	1/4	1		-2	70	Bb4	4	921
100	100	199	199	1.0	1/4	1/4	2/4	1	1	1/4	1/4	1	1	-2	82	Bb5	5	919
101	101	200	200	2.0	0	0	2/4	9	1	1/2	1/2	1	-1	-6	66	Gb4	4	932
101	101	200	200	0.5	0	0	2/4	5	1	1/8	1/8	1		-2	70	Bb4	4	928
101	101	200	200	2.0	0	0	2/4	3	1	1/2	1/2	1	0	-2	70	Bb4	4	927
101	101	200	200	0.5	0	0	2/4	1	1	1/8	1/8	1	-1	-2	82	Bb5	5	923
101	101	401/2	401/2	0.5	1/8	1/8	2/4	5	1	1/8	1/8	1		0	72	C5	5	929
101	101	401/2	401/2	0.5	1/8	1/8	2/4	1	1	1/8	1/8	1		0	84	C6	6	924
101	101	201	201	0.5	1/4	1/4	2/4	5	1	1/8	1/8	1		2	74	D5	5	930
101	101	201	201	0.5	1/4	1/4	2/4	1	1	1/8	1/8	1		2	86	D6	6	925
101	101	403/2	403/2	0.5	3/8	3/8	2/4	5	1	1/8	1/8	1		-3	75	Eb5	5	931
101	101	403/2	403/2	0.5	3/8	3/8	2/4	1	1	1/8	1/8	1		-3	87	Eb6	6	926
102	102	202	202	1.0	0	0	2/4	9	1	1/4	1/4	1		-1	65	F4	4	939
102	102	202	202	2.0	0	0	2/4	3	1	1/2	1/2	1	0	-2	70	Bb4	4	934
102	102	202	202	0.5	0	0	2/4	5	1	1/8	1/8	1		-1	77	F5	5	935
102	102	202	202	2.0	0	0	2/4	1	1	1/2	1/2	1	1	-1	89	F6	6	933
102	102	405/2	405/2	0.5	1/8	1/8	2/4	5	1	1/8	1/8	1		-2	82	Bb5	5	936
102	102	203	203	1.0	1/4	1/4	2/4	9	1	1/4	1/4	1		-3	63	Eb4	4	940
102	102	203	203	0.5	1/4	1/4	2/4	5	1	1/8	1/8	1		3	81	A5	5	937
102	102	407/2	407/2	0.5	3/8	3/8	2/4	5	1	1/8	1/8	1		1	79	G5	5	938
103	103	204	204	1.0	0	0	2/4	9	1	1/4	1/4	1		2	62	D4	4	947
103	103	204	204	2.0	0	0	2/4	3	1	1/2	1/2	1	-1	-2	70	Bb4	4	942
103	103	204	204	0.5	0	0	2/4	5	1	1/8	1/8	1		-1	77	F5	5	943
103	103	204	204	2.0	0	0	2/4	1	1	1/2	1/2	1	0	-1	89	F6	6	941
103	103	409/2	409/2	0.5	1/8	1/8	2/4	5	1	1/8	1/8	1		-2	82	Bb5	5	944
103	103	205	205	1.0	1/4	1/4	2/4	9	1	1/4	1/4	1		-3	63	Eb4	4	948
103	103	205	205	0.5	1/4	1/4	2/4	5	1	1/8	1/8	1		3	81	A5	5	945
103	103	411/2	411/2	0.5	3/8	3/8	2/4	5	1	1/8	1/8	1		1	79	G5	5	946
104	104	206	206	1.0	0	0	2/4	9	1	1/4	1/4	1		-1	65	F4	4	954
104	104	206	206	1.0	0	0	2/4	5	1	1/4	1/4	1		-1	77	F5	5	953
104	104	206	206	0.5	0	0	2/4	1	1	1/8	1/8	1	-1	-1	89	F6	6	949
104	104	413/2	413/2	0.5	1/8	1/8	2/4	1	1	1/8	1/8	1		4	88	E6	6	950
104	104	207	207	0.5	1/4	1/4	2/4	1	1	1/8	1/8	1		-3	87	Eb6	6	951
104	104	415/2	415/2	0.5	3/8	3/8	2/4	1	1	1/8	1/8	1		2	86	D6	6	952
105	105	208	208	0.5	0	0	2/4	21	1	1/8	1/8	1		0	84	C6	6	955
105	105	417/2	417/2	0.5	1/8	1/8	2/4	21	1	1/8	1/8	1		-2	82	Bb5	5	956
105	105	209	209	0.5	1/4	1/4	2/4	21	1	1/8	1/8	1		3	81	A5	5	957
105	105	419/2	419/2	0.5	3/8	3/8	2/4	21	1	1/8	1/8	1		1	79	G5	5	958
106	106	210	210	0.5	0	0	2/4	21	1	1/8	1/8	1		-1	77	F5	5	959
106	106	421/2	421/2	0.5	1/8	1/8	2/4	21	1	1/8	1/8	1		4	76	E5	5	960
106	106	211	211	0.5	1/4	1/4	2/4	21	1	1/8	1/8	1		-3	75	Eb5	5	961
106	106	423/2	423/2	0.5	3/8	3/8	2/4	21	1	1/8	1/8	1		2	74	D5	5	962
107	107	212	212	2.0	0	0	2/4	18	1	1/2	1/2	1	1	-6	42	Gb2	2	968
107	107	212	212	2.0	0	0	2/4	17	1	1/2	1/2	1	1	-5	49	Db3	3	967
107	107	212	212	2.0	0	0	2/4	16	1	1/2	1/2	1	1	-2	58	Bb3	3	966
107	107	212	212	2.0	0	0	2/4	15	1	1/2	1/2	1	1	-5	61	Db4	4	965
107	107	212	212	2.0	0	0	2/4	23	1	1/2	1/2	1		-5	61	Db4	4	971
107	107	212	212	2.0	0	0	2/4	14	1	1/2	1/2	1	1	-2	70	Bb4	4	964
107	107	212	212	2.0	0	0	2/4	22	1	1/2	1/2	1		-2	70	Bb4	4	970
107	107	212	212	2.0	0	0	2/4	13	1	1/2	1/2	1	1	-5	73	Db5	5	963
107	107	212	212	2.0	0	0	2/4	21	1	1/2	1/2	1		-5	73	Db5	5	969
107	107	212	212	2.0	0	0	2/4	22	1	1/2	1/2	1		-2	82	Bb5	5	970
107	107	212	212	2.0	0	0	2/4	21	1	1/2	1/2	1		-5	85	Db6	6	969
108	108	214	214	1.0	0	0	2/4	18	1	1/4	1/4	1	-1	-6	42	Gb2	2	979
108	108	214	214	1.0	0	0	2/4	17	1	1/4	1/4	1	-1	-5	49	Db3	3	977
108	108	214	214	1.0	0	0	2/4	16	1	1/4	1/4	1	-1	-2	58	Bb3	3	975
108	108	214	214	2.0	0	0	2/4	15	1	1/2	1/2	1	0	-5	61	Db4	4	974
108	108	214	214	2.0	0	0	2/4	23	1	1/2	1/2	1		-5	61	Db4	4	983
108	108	214	214	2.0	0	0	2/4	14	1	1/2	1/2	1	0	-2	70	Bb4	4	973
108	108	214	214	2.0	0	0	2/4	22	1	1/2	1/2	1		-2	70	Bb4	4	982
108	108	214	214	2.0	0	0	2/4	13	1	1/2	1/2	1	0	-5	73	Db5	5	972
108	108	214	214	2.0	0	0	2/4	21	1	1/2	1/2	1		-5	73	Db5	5	981
108	108	214	214	2.0	0	0	2/4	22	1	1/2	1/2	1		-2	82	Bb5	5	982
108	108	214	214	2.0	0	0	2/4	21	1	1/2	1/2	1		-5	85	Db6	6	981
108	108	215	215	1.0	1/4	1/4	2/4	25	1	1/4	1/4	1	1	-6	42	Gb2	2	985
108	108	215	215	1.0	1/4	1/4	2/4	17	1	1/4	1/4	1	1	-6	54	Gb3	3	978
108	108	215	215	1.0	1/4	1/4	2/4	18	1	1/4	1/4	1	1	-6	54	Gb3	3	980
108	108	215	215	1.0	1/4	1/4	2/4	24	1	1/4	1/4	1	1	-6	54	Gb3	3	984
108	108	215	215	1.0	1/4	1/4	2/4	16	1	1/4	1/4	1	1	-6	66	Gb4	4	976
109	109	216	216	1.0	0	0	2/4	25	1	1/4	1/4	1	-1	-6	42	Gb2	2	1004
109	109	216	216	1.0	0	0	2/4	17	1	1/4	1/4	1	-1	-6	54	Gb3	3	995
109	109	216	216	1.0	0	0	2/4	18	1	1/4	1/4	1	-1	-6	54	Gb3	3	997
109	109	216	216	1.0	0	0	2/4	24	1	1/4	1/4	1	-1	-6	54	Gb3	3	1002
109	109	216	216	1.0	0	0	2/4	15	1	1/4	1/4	1	-1	-5	61	Db4	4	992
109	109	216	216	2.0	0	0	2/4	23	1	1/2	1/2	1		-5	61	Db4	4	1001
109	109	216	216	1.0	0	0	2/4	16	1	1/4	1/4	1	-1	-6	66	Gb4	4	993
109	109	216	216	1.0	0	0	2/4	14	1	1/4	1/4	1	-1	-2	70	Bb4	4	991
109	109	216	216	2.0	0	0	2/4	22	1	1/2	1/2	1		-2	70	Bb4	4	1000
109	109	216	216	1.0	0	0	2/4	13	1	1/4	1/4	1	-1	-5	73	Db5	5	990
109	109	216	216	2.0	0	0	2/4	21	1	1/2	1/2	1		-5	73	Db5	5	999
109	109	216	216	2.0	0	0	2/4	22	1	1/2	1/2	1		-2	82	Bb5	5	1000
109	109	216	216	2.0	0	0	2/4	21	1	1/2	1/2	1		-5	85	Db6	6	999
109	109	217	217	1.0	1/4	1/4	2/4	25	1	1/4	1/4	1		-1	41	F2	2	1005
109	109	217	217	1.0	1/4	1/4	2/4	17	1	1/4	1/4	1		-1	53	F3	3	996
109	109	217	217	1.0	1/4	1/4	2/4	18	1	1/4	1/4	1		-1	53	F3	3	998
109	109	217	217	1.0	1/4	1/4	2/4	24	1	1/4	1/4	1		-1	53	F3	3	1003
109	109	217	217	1.0	1/4	1/4	2/4	16	1	1/4	1/4	1		-1	65	F4	4	994
109	109	217	217	1.0	1/4	1/4	2/4	9	1	1/4	1/4	1	1	-6	66	Gb4	4	986
109	109	217	217	1.0	1/4	1/4	2/4	10	1	1/4	1/4	1	1	-6	66	Gb4	4	987
109	109	217	217	1.0	1/4	1/4	2/4	11	1	1/4	1/4	1	1	-6	66	Gb4	4	988
109	109	217	217	1.0	1/4	1/4	2/4	12	1	1/4	1/4	1	1	-6	66	Gb4	4	989
110	110	218	218	1.0	0	0	2/4	25	1	1/4	1/4	1		-3	39	Eb2	2	1025
110	110	218	218	1.0	0	0	2/4	17	1	1/4	1/4	1		-3	51	Eb3	3	1016
110	110	218	218	1.0	0	0	2/4	18	1	1/4	1/4	1		-3	51	Eb3	3	1018
110	110	218	218	1.0	0	0	2/4	24	1	1/4	1/4	1		-3	51	Eb3	3	1023
110	110	218	218	2.0	0	0	2/4	23	1	1/2	1/2	1		-5	61	Db4	4	1022
110	110	218	218	1.0	0	0	2/4	16	1	1/4	1/4	1		-3	63	Eb4	4	1014
110	110	218	218	1.0	0	0	2/4	9	1	1/4	1/4	1	-1	-6	66	Gb4	4	1006
110	110	218	218	1.0	0	0	2/4	10	1	1/4	1/4	1	-1	-6	66	Gb4	4	1008
110	110	218	218	1.0	0	0	2/4	11	1	1/4	1/4	1	-1	-6	66	Gb4	4	1010
110	110	218	218	1.0	0	0	2/4	12	1	1/4	1/4	1	-1	-6	66	Gb4	4	1012
110	110	218	218	2.0	0	0	2/4	22	1	1/2	1/2	1		-2	70	Bb4	4	1021
110	110	218	218	2.0	0	0	2/4	21	1	1/2	1/2	1		-5	73	Db5	5	1020
110	110	218	218	2.0	0	0	2/4	22	1	1/2	1/2	1		-2	82	Bb5	5	1021
110	110	218	218	2.0	0	0	2/4	21	1	1/2	1/2	1		-5	85	Db6	6	1020
110	110	219	219	1.0	1/4	1/4	2/4	25	1	1/4	1/4	1		-5	37	Db2	2	1026
110	110	219	219	1.0	1/4	1/4	2/4	17	1	1/4	1/4	1		-5	49	Db3	3	1017
110	110	219	219	1.0	1/4	1/4	2/4	18	1	1/4	1/4	1		-5	49	Db3	3	1019
110	110	219	219	1.0	1/4	1/4	2/4	24	1	1/4	1/4	1		-5	49	Db3	3	1024
110	110	219	219	1.0	1/4	1/4	2/4	16	1	1/4	1/4	1		-5	61	Db4	4	1015
110	110	219	219	1.0	1/4	1/4	2/4	9	1	1/4	1/4	1		-1	65	F4	4	1007
110	110	219	219	1.0	1/4	1/4	2/4	10	1	1/4	1/4	1		-1	65	F4	4	1009
110	110	219	219	1.0	1/4	1/4	2/4	11	1	1/4	1/4	1		-1	65	F4	4	1011
110	110	219	219	1.0	1/4	1/4	2/4	12	1	1/4	1/4	1		-1	65	F4	4	1013
111	111	220	220	1.0	0	0	2/4	25	1	1/4	1/4	1		0	36	C2	2	1050
111	111	220	220	1.0	0	0	2/4	17	1	1/4	1/4	1		0	48	C3	3	1038
111	111	220	220	1.0	0	0	2/4	18	1	1/4	1/4	1		0	48	C3	3	1041
111	111	220	220	1.0	0	0	2/4	24	1	1/4	1/4	1		0	48	C3	3	1047
111	111	220	220	1.0	0	0	2/4	16	1	1/4	1/4	1		0	60	C4	4	1035
111	111	220	220	2.0	0	0	2/4	23	1	1/2	1/2	1		-5	61	Db4	4	1046
111	111	220	220	1.0	0	0	2/4	9	1	1/4	1/4	1		-3	63	Eb4	4	1027
111	111	220	220	1.0	0	0	2/4	10	1	1/4	1/4	1		-3	63	Eb4	4	1029
111	111	220	220	1.0	0	0	2/4	11	1	1/4	1/4	1		-3	63	Eb4	4	1031
111	111	220	220	1.0	0	0	2/4	12	1	1/4	1/4	1		-3	63	Eb4	4	1033
111	111	220	220	2.0	0	0	2/4	22	1	1/2	1/2	1		-2	70	Bb4	4	1045
111	111	220	220	2.0	0	0	2/4	21	1	1/2	1/2	1		-5	73	Db5	5	1044
111	111	220	220	2.0	0	0	2/4	22	1	1/2	1/2	1		-2	82	Bb5	5	1045
111	111	220	220	2.0	0	0	2/4	21	1	1/2	1/2	1		-5	85	Db6	6	1044
111	111	221	221	0.5	1/4	1/4	2/4	25	1	1/8	1/8	1		-5	37	Db2	2	1051
111	111	221	221	0.5	1/4	1/4	2/4	17	1	1/8	1/8	1		-5	49	Db3	3	1039
111	111	221	221	0.5	1/4	1/4	2/4	18	1	1/8	1/8	1		-5	49	Db3	3	1042
111	111	221	221	0.5	1/4	1/4	2/4	24	1	1/8	1/8	1		-5	49	Db3	3	1048
111	111	221	221	0.5	1/4	1/4	2/4	16	1	1/8	1/8	1		-5	61	Db4	4	1036
111	111	221	221	1.0	1/4	1/4	2/4	9	1	1/4	1/4	1		-5	61	Db4	4	1028
111	111	221	221	1.0	1/4	1/4	2/4	10	1	1/4	1/4	1		-5	61	Db4	4	1030
111	111	221	221	1.0	1/4	1/4	2/4	11	1	1/4	1/4	1		-5	61	Db4	4	1032
111	111	221	221	1.0	1/4	1/4	2/4	12	1	1/4	1/4	1		-5	61	Db4	4	1034
111	111	443/2	443/2	0.5	3/8	3/8	2/4	25	1	1/8	1/8	1		-3	39	Eb2	2	1052
111	111	443/2	443/2	0.5	3/8	3/8	2/4	17	1	1/8	1/8	1		-3	51	Eb3	3	1040
111	111	443/2	443/2	0.5	3/8	3/8	2/4	18	1	1/8	1/8	1		-3	51	Eb3	3	1043
111	111	443/2	443/2	0.5	3/8	3/8	2/4	24	1	1/8	1/8	1		-3	51	Eb3	3	1049
111	111	443/2	443/2	0.5	3/8	3/8	2/4	16	1	1/8	1/8	1		-3	63	Eb4	4	1037
112	112	222	222	1.0	0	0	2/4	25	1	1/4	1/4	1		-1	41	F2	2	1068
112	112	222	222	1.0	0	0	2/4	17	1	1/4	1/4	1		-1	53	F3	3	1062
112	112	222	222	1.0	0	0	2/4	18	1	1/4	1/4	1		-1	53	F3	3	1063
112	112	222	222	1.0	0	0	2/4	24	1	1/4	1/4	1		-1	53	F3	3	1067
112	112	222	222	1.0	0	0	2/4	9	1	1/4	1/4	1		0	60	C4	4	1053
112	112	222	222	1.0	0	0	2/4	10	1	1/4	1/4	1		0	60	C4	4	1055
112	112	222	222	1.0	0	0	2/4	11	1	1/4	1/4	1		0	60	C4	4	1057
112	112	222	222	1.0	0	0	2/4	12	1	1/4	1/4	1		0	60	C4	4	1059
112	112	222	222	2.0	0	0	2/4	23	1	1/2	1/2	1		0	60	C4	4	1066
112	112	222	222	1.0	0	0	2/4	16	1	1/4	1/4	1		-1	65	F4	4	1061
112	112	222	222	2.0	0	0	2/4	22	1	1/2	1/2	1		3	69	A4	4	1065
112	112	222	222	2.0	0	0	2/4	21	1	1/2	1/2	1		0	72	C5	5	1064
112	112	222	222	2.0	0	0	2/4	22	1	1/2	1/2	1		3	81	A5	5	1065
112	112	222	222	2.0	0	0	2/4	21	1	1/2	1/2	1		0	84	C6	6	1064
112	112	223	223	1.0	1/4	1/4	2/4	9	1	1/4	1/4	1		-1	65	F4	4	1054
112	112	223	223	1.0	1/4	1/4	2/4	10	1	1/4	1/4	1		-1	65	F4	4	1056
112	112	223	223	1.0	1/4	1/4	2/4	11	1	1/4	1/4	1		-1	65	F4	4	1058
112	112	223	223	1.0	1/4	1/4	2/4	12	1	1/4	1/4	1		-1	65	F4	4	1060
113	113	224	224	2.0	0	0	2/4	18	1	1/2	1/2	1	1	3	45	A2	2	1074
113	113	224	224	2.0	0	0	2/4	17	1	1/2	1/2	1	1	4	52	E3	3	1073
113	113	224	224	2.0	0	0	2/4	16	1	1/2	1/2	1	1	7	61	C#4	4	1072
113	113	224	224	2.0	0	0	2/4	15	1	1/2	1/2	1	1	4	64	E4	4	1071
113	113	224	224	2.0	0	0	2/4	23	1	1/2	1/2	1		4	64	E4	4	1077
113	113	224	224	2.0	0	0	2/4	14	1	1/2	1/2	1	1	7	73	C#5	5	1070
113	113	224	224	2.0	0	0	2/4	22	1	1/2	1/2	1		7	73	C#5	5	1076
113	113	224	224	2.0	0	0	2/4	13	1	1/2	1/2	1	1	4	76	E5	5	1069
113	113	224	224	2.0	0	0	2/4	21	1	1/2	1/2	1		4	76	E5	5	1075
113	113	224	224	2.0	0	0	2/4	22	1	1/2	1/2	1		7	85	C#6	6	1076
113	113	224	224	2.0	0	0	2/4	21	1	1/2	1/2	1		4	88	E6	6	1075
114	114	226	226	1.0	0	0	2/4	18	1	1/4	1/4	1	-1	3	45	A2	2	1085
114	114	226	226	1.0	0	0	2/4	17	1	1/4	1/4	1	-1	4	52	E3	3	1083
114	114	226	226	1.0	0	0	2/4	16	1	1/4	1/4	1	-1	7	61	C#4	4	1081
114	114	226	226	2.0	0	0	2/4	15	1	1/2	1/2	1	0	4	64	E4	4	1080
114	114	226	226	2.0	0	0	2/4	23	1	1/2	1/2	1		4	64	E4	4	1089
114	114	226	226	2.0	0	0	2/4	14	1	1/2	1/2	1	0	7	73	C#5	5	1079
114	114	226	226	2.0	0	0	2/4	22	1	1/2	1/2	1		7	73	C#5	5	1088
114	114	226	226	2.0	0	0	2/4	13	1	1/2	1/2	1	0	4	76	E5	5	1078
114	114	226	226	2.0	0	0	2/4	21	1	1/2	1/2	1		4	76	E5	5	1087
114	114	226	226	2.0	0	0	2/4	22	1	1/2	1/2	1		7	85	C#6	6	1088
114	114	226	226	2.0	0	0	2/4	21	1	1/2	1/2	1		4	88	E6	6	1087
114	114	227	227	1.0	1/4	1/4	2/4	25	1	1/4	1/4	1	1	3	45	A2	2	1091
114	114	227	227	1.0	1/4	1/4	2/4	17	1	1/4	1/4	1	1	3	57	A3	3	1084
114	114	227	227	1.0	1/4	1/4	2/4	18	1	1/4	1/4	1	1	3	57	A3	3	1086
114	114	227	227	1.0	1/4	1/4	2/4	24	1	1/4	1/4	1	1	3	57	A3	3	1090
114	114	227	227	1.0	1/4	1/4	2/4	16	1	1/4	1/4	1	1	3	69	A4	4	1082
115	115	228	228	1.0	0	0	2/4	25	1	1/4	1/4	1	-1	3	45	A2	2	1110
115	115	228	228	1.0	0	0	2/4	17	1	1/4	1/4	1	-1	3	57	A3	3	1101
115	115	228	228	1.0	0	0	2/4	18	1	1/4	1/4	1	-1	3	57	A3	3	1103
115	115	228	228	1.0	0	0	2/4	24	1	1/4	1/4	1	-1	3	57	A3	3	1108
115	115	228	228	1.0	0	0	2/4	15	1	1/4	1/4	1	-1	4	64	E4	4	1098
115	115	228	228	2.0	0	0	2/4	23	1	1/2	1/2	1		4	64	E4	4	1107
115	115	228	228	1.0	0	0	2/4	16	1	1/4	1/4	1	-1	3	69	A4	4	1099
115	115	228	228	1.0	0	0	2/4	14	1	1/4	1/4	1	-1	7	73	C#5	5	1097
115	115	228	228	2.0	0	0	2/4	22	1	1/2	1/2	1		7	73	C#5	5	1106
115	115	228	228	1.0	0	0	2/4	13	1	1/4	1/4	1	-1	4	76	E5	5	1096
115	115	228	228	2.0	0	0	2/4	21	1	1/2	1/2	1		4	76	E5	5	1105
115	115	228	228	2.0	0	0	2/4	22	1	1/2	1/2	1		7	85	C#6	6	1106
115	115	228	228	2.0	0	0	2/4	21	1	1/2	1/2	1		4	88	E6	6	1105
115	115	229	229	1.0	1/4	1/4	2/4	25	1	1/4	1/4	1		8	44	G#2	2	1111
115	115	229	229	1.0	1/4	1/4	2/4	17	1	1/4	1/4	1		8	56	G#3	3	1102
115	115	229	229	1.0	1/4	1/4	2/4	18	1	1/4	1/4	1		8	56	G#3	3	1104
115	115	229	229	1.0	1/4	1/4	2/4	24	1	1/4	1/4	1		8	56	G#3	3	1109
115	115	229	229	1.0	1/4	1/4	2/4	16	1	1/4	1/4	1		8	68	G#4	4	1100
115	115	229	229	1.0	1/4	1/4	2/4	9	1	1/4	1/4	1	1	3	69	A4	4	1092
115	115	229	229	1.0	1/4	1/4	2/4	10	1	1/4	1/4	1	1	3	69	A4	4	1093
115	115	229	229	1.0	1/4	1/4	2/4	11	1	1/4	1/4	1	1	3	69	A4	4	1094
115	115	229	229	1.0	1/4	1/4	2/4	12	1	1/4	1/4	1	1	3	69	A4	4	1095
116	116	230	230	1.0	0	0	2/4	25	1	1/4	1/4	1		6	42	F#2	2	1131
116	116	230	230	1.0	0	0	2/4	17	1	1/4	1/4	1		6	54	F#3	3	1122
116	116	230	230	1.0	0	0	2/4	18	1	1/4	1/4	1		6	54	F#3	3	1124
116	116	230	230	1.0	0	0	2/4	24	1	1/4	1/4	1		6	54	F#3	3	1129
116	116	230	230	2.0	0	0	2/4	23	1	1/2	1/2	1		4	64	E4	4	1128
116	116	230	230	1.0	0	0	2/4	16	1	1/4	1/4	1		6	66	F#4	4	1120
116	116	230	230	1.0	0	0	2/4	9	1	1/4	1/4	1	-1	3	69	A4	4	1112
116	116	230	230	1.0	0	0	2/4	10	1	1/4	1/4	1	-1	3	69	A4	4	1114
116	116	230	230	1.0	0	0	2/4	11	1	1/4	1/4	1	-1	3	69	A4	4	1116
116	116	230	230	1.0	0	0	2/4	12	1	1/4	1/4	1	-1	3	69	A4	4	1118
116	116	230	230	2.0	0	0	2/4	22	1	1/2	1/2	1		7	73	C#5	5	1127
116	116	230	230	2.0	0	0	2/4	21	1	1/2	1/2	1		4	76	E5	5	1126
116	116	230	230	2.0	0	0	2/4	22	1	1/2	1/2	1		7	85	C#6	6	1127
116	116	230	230	2.0	0	0	2/4	21	1	1/2	1/2	1		4	88	E6	6	1126
116	116	231	231	1.0	1/4	1/4	2/4	25	1	1/4	1/4	1		4	40	E2	2	1132
116	116	231	231	1.0	1/4	1/4	2/4	17	1	1/4	1/4	1		4	52	E3	3	1123
116	116	231	231	1.0	1/4	1/4	2/4	18	1	1/4	1/4	1		4	52	E3	3	1125
116	116	231	231	1.0	1/4	1/4	2/4	24	1	1/4	1/4	1		4	52	E3	3	1130
116	116	231	231	1.0	1/4	1/4	2/4	16	1	1/4	1/4	1		4	64	E4	4	1121
116	116	231	231	1.0	1/4	1/4	2/4	9	1	1/4	1/4	1		8	68	G#4	4	1113
116	116	231	231	1.0	1/4	1/4	2/4	10	1	1/4	1/4	1		8	68	G#4	4	1115
116	116	231	231	1.0	1/4	1/4	2/4	11	1	1/4	1/4	1		8	68	G#4	4	1117
116	116	231	231	1.0	1/4	1/4	2/4	12	1	1/4	1/4	1		8	68	G#4	4	1119
117	117	232	232	1.0	0	0	2/4	25	1	1/4	1/4	1		9	39	D#2	2	1156
117	117	232	232	1.0	0	0	2/4	17	1	1/4	1/4	1		9	51	D#3	3	1144
117	117	232	232	1.0	0	0	2/4	18	1	1/4	1/4	1		9	51	D#3	3	1147
117	117	232	232	1.0	0	0	2/4	24	1	1/4	1/4	1		9	51	D#3	3	1153
117	117	232	232	1.0	0	0	2/4	16	1	1/4	1/4	1		9	63	D#4	4	1141
117	117	232	232	2.0	0	0	2/4	23	1	1/2	1/2	1		4	64	E4	4	1152
117	117	232	232	1.0	0	0	2/4	9	1	1/4	1/4	1		6	66	F#4	4	1133
117	117	232	232	1.0	0	0	2/4	10	1	1/4	1/4	1		6	66	F#4	4	1135
117	117	232	232	1.0	0	0	2/4	11	1	1/4	1/4	1		6	66	F#4	4	1137
117	117	232	232	1.0	0	0	2/4	12	1	1/4	1/4	1		6	66	F#4	4	1139
117	117	232	232	2.0	0	0	2/4	22	1	1/2	1/2	1		7	73	C#5	5	1151
117	117	232	232	2.0	0	0	2/4	21	1	1/2	1/2	1		4	76	E5	5	1150
117	117	232	232	2.0	0	0	2/4	22	1	1/2	1/2	1		7	85	C#6	6	1151
117	117	232	232	2.0	0	0	2/4	21	1	1/2	1/2	1		4	88	E6	6	1150
117	117	233	233	0.5	1/4	1/4	2/4	25	1	1/8	1/8	1		4	40	E2	2	1157
117	117	233	233	0.5	1/4	1/4	2/4	17	1	1/8	1/8	1		4	52	E3	3	1145
117	117	233	233	0.5	1/4	1/4	2/4	18	1	1/8	1/8	1		4	52	E3	3	1148
117	117	233	233	0.5	1/4	1/4	2/4	24	1	1/8	1/8	1		4	52	E3	3	1154
117	117	233	233	0.5	1/4	1/4	2/4	16	1	1/8	1/8	1		4	64	E4	4	1142
117	117	233	233	1.0	1/4	1/4	2/4	9	1	1/4	1/4	1		4	64	E4	4	1134
117	117	233	233	1.0	1/4	1/4	2/4	10	1	1/4	1/4	1		4	64	E4	4	1136
117	117	233	233	1.0	1/4	1/4	2/4	11	1	1/4	1/4	1		4	64	E4	4	1138
117	117	233	233	1.0	1/4	1/4	2/4	12	1	1/4	1/4	1		4	64	E4	4	1140
117	117	467/2	467/2	0.5	3/8	3/8	2/4	25	1	1/8	1/8	1		6	42	F#2	2	1158
117	117	467/2	467/2	0.5	3/8	3/8	2/4	17	1	1/8	1/8	1		6	54	F#3	3	1146
117	117	467/2	467/2	0.5	3/8	3/8	2/4	18	1	1/8	1/8	1		6	54	F#3	3	1149
117	117	467/2	467/2	0.5	3/8	3/8	2/4	24	1	1/8	1/8	1		6	54	F#3	3	1155
117	117	467/2	467/2	0.5	3/8	3/8	2/4	16	1	1/8	1/8	1		6	66	F#4	4	1143
118	118	234	234	1.0	0	0	2/4	25	1	1/4	1/4	1		8	44	G#2	2	1174
118	118	234	234	1.0	0	0	2/4	17	1	1/4	1/4	1		8	56	G#3	3	1168
118	118	234	234	1.0	0	0	2/4	18	1	1/4	1/4	1		8	56	G#3	3	1169
118	118	234	234	1.0	0	0	2/4	24	1	1/4	1/4	1		8	56	G#3	3	1173
118	118	234	234	1.0	0	0	2/4	9	1	1/4	1/4	1		9	63	D#4	4	1159
118	118	234	234	1.0	0	0	2/4	10	1	1/4	1/4	1		9	63	D#4	4	1161
118	118	234	234	1.0	0	0	2/4	11	1	1/4	1/4	1		9	63	D#4	4	1163
118	118	234	234	1.0	0	0	2/4	12	1	1/4	1/4	1		9	63	D#4	4	1165
118	118	234	234	2.0	0	0	2/4	23	1	1/2	1/2	1		9	63	D#4	4	1172
118	118	234	234	1.0	0	0	2/4	16	1	1/4	1/4	1		8	68	G#4	4	1167
118	118	234	234	2.0	0	0	2/4	22	1	1/2	1/2	1		12	72	B#4	4	1171
118	118	234	234	2.0	0	0	2/4	21	1	1/2	1/2	1		9	75	D#5	5	1170
118	118	234	234	2.0	0	0	2/4	22	1	1/2	1/2	1		12	84	B#5	5	1171
118	118	234	234	2.0	0	0	2/4	21	1	1/2	1/2	1		9	87	D#6	6	1170
118	118	235	235	1.0	1/4	1/4	2/4	9	1	1/4	1/4	1		8	68	G#4	4	1160
118	118	235	235	1.0	1/4	1/4	2/4	10	1	1/4	1/4	1		8	68	G#4	4	1162
118	118	235	235	1.0	1/4	1/4	2/4	11	1	1/4	1/4	1		8	68	G#4	4	1164
118	118	235	235	1.0	1/4	1/4	2/4	12	1	1/4	1/4	1		8	68	G#4	4	1166
119	119	236	236	1.0	0	0	2/4	25	1	1/4	1/4	1		9	39	D#2	2	1181
119	119	236	236	1.0	0	0	2/4	24	1	1/4	1/4	1		9	51	D#3	3	1178
119	119	236	236	2.0	0	0	2/4	23	1	1/2	1/2	1		4	64	E4	4	1177
119	119	236	236	2.0	0	0	2/4	22	1	1/2	1/2	1		7	73	C#5	5	1176
119	119	236	236	2.0	0	0	2/4	21	1	1/2	1/2	1		4	76	E5	5	1175
119	119	236	236	2.0	0	0	2/4	22	1	1/2	1/2	1		7	85	C#6	6	1176
119	119	236	236	2.0	0	0	2/4	21	1	1/2	1/2	1		4	88	E6	6	1175
119	119	237	237	0.5	1/4	1/4	2/4	25	1	1/8	1/8	1		4	40	E2	2	1182
119	119	237	237	0.5	1/4	1/4	2/4	24	1	1/8	1/8	1		4	52	E3	3	1179
119	119	475/2	475/2	0.5	3/8	3/8	2/4	25	1	1/8	1/8	1		6	42	F#2	2	1183
119	119	475/2	475/2	0.5	3/8	3/8	2/4	24	1	1/8	1/8	1		6	54	F#3	3	1180
120	120	238	238	1.0	0	0	2/4	25	1	1/4	1/4	1		8	44	G#2	2	1192
120	120	238	238	1.0	0	0	2/4	24	1	1/4	1/4	1		8	56	G#3	3	1191
120	120	238	238	1.0	0	0	2/4	9	1	1/4	1/4	1		9	63	D#4	4	1184
120	120	238	238	1.0	0	0	2/4	10	1	1/4	1/4	1		9	63	D#4	4	1186
120	120	238	238	2.0	0	0	2/4	23	1	1/2	1/2	1		9	63	D#4	4	1190
120	120	238	238	2.0	0	0	2/4	22	1	1/2	1/2	1		12	72	B#4	4	1189
120	120	238	238	2.0	0	0	2/4	21	1	1/2	1/2	1		9	75	D#5	5	1188
120	120	238	238	2.0	0	0	2/4	22	1	1/2	1/2	1		12	84	B#5	5	1189
120	120	238	238	2.0	0	0	2/4	21	1	1/2	1/2	1		9	87	D#6	6	1188
120	120	239	239	1.0	1/4	1/4	2/4	9	1	1/4	1/4	1		8	68	G#4	4	1185
120	120	239	239	1.0	1/4	1/4	2/4	10	1	1/4	1/4	1		8	68	G#4	4	1187
121	121	240	240	1.0	0	0	2/4	25	1	1/4	1/4	1		-1	41	F2	2	1198
121	121	240	240	1.0	0	0	2/4	24	1	1/4	1/4	1		-1	53	F3	3	1195
121	121	240	240	2.0	0	0	2/4	22	1	1/2	1/2	1		-3	75	Eb5	5	1194
121	121	240	240	2.0	0	0	2/4	21	1	1/2	1/2	1		-6	78	Gb5	5	1193
121	121	240	240	2.0	0	0	2/4	22	1	1/2	1/2	1		-3	87	Eb6	6	1194
121	121	240	240	2.0	0	0	2/4	21	1	1/2	1/2	1		-6	90	Gb6	6	1193
121	121	241	241	0.5	1/4	1/4	2/4	25	1	1/8	1/8	1		-6	42	Gb2	2	1199
121	121	241	241	0.5	1/4	1/4	2/4	24	1	1/8	1/8	1		-6	54	Gb3	3	1196
121	121	483/2	483/2	0.5	3/8	3/8	2/4	25	1	1/8	1/8	1		-4	44	Ab2	2	1200
121	121	483/2	483/2	0.5	3/8	3/8	2/4	24	1	1/8	1/8	1		-4	56	Ab3	3	1197
122	122	242	242	1.0	0	0	2/4	25	1	1/4	1/4	1		-2	46	Bb2	2	1208
122	122	242	242	1.0	0	0	2/4	24	1	1/4	1/4	1		-2	58	Bb3	3	1207
122	122	242	242	1.0	0	0	2/4	9	1	1/4	1/4	1		-1	65	F4	4	1201
122	122	242	242	1.0	0	0	2/4	10	1	1/4	1/4	1		-1	65	F4	4	1203
122	122	242	242	2.0	0	0	2/4	22	1	1/2	1/2	1		2	74	D5	5	1206
122	122	242	242	2.0	0	0	2/4	21	1	1/2	1/2	1		-1	77	F5	5	1205
122	122	242	242	2.0	0	0	2/4	22	1	1/2	1/2	1		2	86	D6	6	1206
122	122	242	242	2.0	0	0	2/4	21	1	1/2	1/2	1		-1	89	F6	6	1205
122	122	243	243	1.0	1/4	1/4	2/4	9	1	1/4	1/4	1		-2	70	Bb4	4	1202
122	122	243	243	1.0	1/4	1/4	2/4	10	1	1/4	1/4	1		-2	70	Bb4	4	1204
123	123	244	244	1.0	0	0	2/4	25	1	1/4	1/4	1		-1	41	F2	2	1214
123	123	244	244	1.0	0	0	2/4	24	1	1/4	1/4	1		-1	53	F3	3	1211
123	123	244	244	2.0	0	0	2/4	22	1	1/2	1/2	1		-3	75	Eb5	5	1210
123	123	244	244	2.0	0	0	2/4	21	1	1/2	1/2	1		-6	78	Gb5	5	1209
123	123	244	244	2.0	0	0	2/4	22	1	1/2	1/2	1		-3	87	Eb6	6	1210
123	123	244	244	2.0	0	0	2/4	21	1	1/2	1/2	1		-6	90	Gb6	6	1209
123	123	245	245	0.5	1/4	1/4	2/4	25	1	1/8	1/8	1		-6	42	Gb2	2	1215
123	123	245	245	0.5	1/4	1/4	2/4	24	1	1/8	1/8	1		-6	54	Gb3	3	1212
123	123	491/2	491/2	0.5	3/8	3/8	2/4	25	1	1/8	1/8	1		-4	44	Ab2	2	1216
123	123	491/2	491/2	0.5	3/8	3/8	2/4	24	1	1/8	1/8	1		-4	56	Ab3	3	1213
124	124	246	246	1.0	0	0	2/4	25	1	1/4	1/4	1		-2	46	Bb2	2	1224
124	124	246	246	1.0	0	0	2/4	24	1	1/4	1/4	1		-2	58	Bb3	3	1223
124	124	246	246	1.0	0	0	2/4	9	1	1/4	1/4	1		-1	65	F4	4	1217
124	124	246	246	1.0	0	0	2/4	10	1	1/4	1/4	1		-1	65	F4	4	1219
124	124	246	246	1.0	0	0	2/4	22	1	1/4	1/4	1		2	74	D5	5	1222
124	124	246	246	1.0	0	0	2/4	21	1	1/4	1/4	1		-1	77	F5	5	1221
124	124	246	246	1.0	0	0	2/4	22	1	1/4	1/4	1		2	86	D6	6	1222
124	124	246	246	1.0	0	0	2/4	21	1	1/4	1/4	1		-1	89	F6	6	1221
124	124	247	247	1.0	1/4	1/4	2/4	9	1	1/4	1/4	1		-2	70	Bb4	4	1218
124	124	247	247	1.0	1/4	1/4	2/4	10	1	1/4	1/4	1		-2	70	Bb4	4	1220
126	126	250	250	1.0	0	0	2/4	3	1	1/4	1/4	1		-1	65	F4	4	1229
126	126	250	250	1.0	0	0	2/4	4	1	1/4	1/4	1		-1	65	F4	4	1231
126	126	250	250	1.0	0	0	2/4	6	1	1/4	1/4	1		0	72	C5	5	1234
126	126	250	250	2.0	0	0	2/4	5	1	1/2	1/2	1		3	81	A5	5	1233
126	126	250	250	0.5	0	0	2/4	1	1	1/8	1/8	1		-1	89	F6	6	1225
126	126	501/2	501/2	0.5	1/8	1/8	2/4	1	1	1/8	1/8	1		-3	87	Eb6	6	1226
126	126	251	251	1.0	1/4	1/4	2/4	3	1	1/4	1/4	1		6	66	F#4	4	1230
126	126	251	251	1.0	1/4	1/4	2/4	4	1	1/4	1/4	1		6	66	F#4	4	1232
126	126	251	251	1.0	1/4	1/4	2/4	6	1	1/4	1/4	1		-3	75	Eb5	5	1235
126	126	251	251	0.5	1/4	1/4	2/4	1	1	1/8	1/8	1		2	86	D6	6	1227
126	126	503/2	503/2	0.5	3/8	3/8	2/4	1	1	1/8	1/8	1		0	84	C6	6	1228
127	127	252	252	1.0	0	0	2/4	3	1	1/4	1/4	1		1	67	G4	4	1239
127	127	252	252	1.0	0	0	2/4	4	1	1/4	1/4	1		1	67	G4	4	1241
127	127	252	252	1.0	0	0	2/4	6	1	1/4	1/4	1		2	74	D5	5	1245
127	127	252	252	1.0	0	0	2/4	5	1	1/4	1/4	1		1	79	G5	5	1243
127	127	252	252	1.0	0	0	2/4	1	1	1/4	1/4	1		-2	82	Bb5	5	1236
127	127	253	253	1.0	1/4	1/4	2/4	3	1	1/4	1/4	1		-3	63	Eb4	4	1240
127	127	253	253	1.0	1/4	1/4	2/4	4	1	1/4	1/4	1		-3	63	Eb4	4	1242
127	127	253	253	1.0	1/4	1/4	2/4	6	1	1/4	1/4	1		-3	75	Eb5	5	1246
127	127	253	253	1.0	1/4	1/4	2/4	5	1	1/4	1/4	1		1	79	G5	5	1244
127	127	253	253	0.5	1/4	1/4	2/4	1	1	1/8	1/8	1		2	86	D6	6	1237
127	127	507/2	507/2	0.5	3/8	3/8	2/4	1	1	1/8	1/8	1		0	84	C6	6	1238
128	128	254	254	2.0	0	0	2/4	3	1	1/2	1/2	1	1	-1	65	F4	4	1249
128	128	254	254	2.0	0	0	2/4	4	1	1/2	1/2	1	1	-1	65	F4	4	1250
128	128	254	254	1.0	0	0	2/4	6	1	1/4	1/4	1		2	74	D5	5	1253
128	128	254	254	1.0	0	0	2/4	5	1	1/4	1/4	1		-1	77	F5	5	1251
128	128	254	254	1.0	0	0	2/4	1	1	1/4	1/4	1		-2	82	Bb5	5	1247
128	128	255	255	1.0	1/4	1/4	2/4	6	1	1/4	1/4	1		0	72	C5	5	1254
128	128	255	255	1.0	1/4	1/4	2/4	5	1	1/4	1/4	1		-1	77	F5	5	1252
128	128	255	255	1.0	1/4	1/4	2/4	1	1	1/4	1/4	1		3	81	A5	5	1248
129	129	256	256	1.0	0	0	2/4	25	1	1/4	1/4	1		-2	34	Bb1	1	1266
129	129	256	256	1.0	0	0	2/4	24	1	1/4	1/4	1		-2	46	Bb2	2	1264
129	129	256	256	2.0	0	0	2/4	11	1	1/2	1/2	1	1	-1	53	F3	3	1262
129	129	256	256	2.0	0	0	2/4	12	1	1/2	1/2	1	1	-2	58	Bb3	3	1263
129	129	256	256	2.0	0	0	2/4	10	1	1/2	1/2	1	1	2	62	D4	4	1261
129	129	256	256	1.0	0	0	2/4	3	1	1/4	1/4	1	-1	-1	65	F4	4	1256
129	129	256	256	1.0	0	0	2/4	4	1	1/4	1/4	1	-1	-1	65	F4	4	1257
129	129	256	256	2.0	0	0	2/4	9	1	1/2	1/2	1	1	-1	65	F4	4	1260
129	129	256	256	1.0	0	0	2/4	6	1	1/4	1/4	1		2	74	D5	5	1259
129	129	256	256	1.0	0	0	2/4	5	1	1/4	1/4	1		-1	77	F5	5	1258
129	129	256	256	1.0	0	0	2/4	1	1	1/4	1/4	1		-2	82	Bb5	5	1255
129	129	257	257	1.0	1/4	1/4	2/4	25	1	1/4	1/4	1		-1	41	F2	2	1267
129	129	257	257	1.0	1/4	1/4	2/4	24	1	1/4	1/4	1		-1	53	F3	3	1265
130	130	258	258	1.0	0	0	2/4	25	1	1/4	1/4	1		-2	34	Bb1	1	1280
130	130	258	258	1.0	0	0	2/4	24	1	1/4	1/4	1		-2	46	Bb2	2	1278
130	130	258	258	1.0	0	0	2/4	11	1	1/4	1/4	1	-1	-1	53	F3	3	1273
130	130	258	258	2.0	0	0	2/4	12	1	1/2	1/2	1	0	-2	58	Bb3	3	1275
130	130	258	258	1.0	0	0	2/4	10	1	1/4	1/4	1	-1	2	62	D4	4	1271
130	130	258	258	1.0	0	0	2/4	9	1	1/4	1/4	1	-1	-1	65	F4	4	1269
130	130	259	259	1.0	1/4	1/4	2/4	25	1	1/4	1/4	1		-1	41	F2	2	1281
130	130	259	259	1.0	1/4	1/4	2/4	24	1	1/4	1/4	1		-1	53	F3	3	1279
130	130	259	259	1.0	1/4	1/4	2/4	5	1	1/4	1/4	1	1	-2	58	Bb3	3	1268
130	130	259	259	1.0	1/4	1/4	2/4	11	1	1/4	1/4	1	1	2	62	D4	4	1274
130	130	259	259	1.0	1/4	1/4	2/4	10	1	1/4	1/4	1	1	-1	65	F4	4	1272
130	130	259	259	1.0	1/4	1/4	2/4	9	1	1/4	1/4	1	1	-2	70	Bb4	4	1270
130	130	259	259	1.0	1/4	1/4	2/4	22	2	1/4	1/4	1	1	2	74	D5	5	1277
130	130	259	259	1.0	1/4	1/4	2/4	22	1	1/4	1/4	1	1	-1	77	F5	5	1276
131	131	260	260	1.0	0	0	2/4	25	1	1/4	1/4	1		-2	34	Bb1	1	1299
131	131	260	260	1.0	0	0	2/4	24	1	1/4	1/4	1		-2	46	Bb2	2	1297
131	131	260	260	1.0	0	0	2/4	5	1	1/4	1/4	1	-1	-2	58	Bb3	3	1282
131	131	260	260	1.0	0	0	2/4	12	1	1/4	1/4	1	-1	-2	58	Bb3	3	1287
131	131	260	260	1.0	0	0	2/4	11	1	1/4	1/4	1	-1	2	62	D4	4	1286
131	131	260	260	0.5	0	0	2/4	23	1	1/8	1/8	1		-1	65	F4	4	1293
131	131	260	260	1.0	0	0	2/4	10	1	1/4	1/4	1	-1	-1	65	F4	4	1285
131	131	260	260	1.0	0	0	2/4	9	1	1/4	1/4	1	-1	-2	70	Bb4	4	1284
131	131	260	260	1.0	0	0	2/4	22	2	1/4	1/4	1	-1	2	74	D5	5	1291
131	131	260	260	1.0	0	0	2/4	22	1	1/4	1/4	1	-1	-1	77	F5	5	1289
131	131	260	260	2.0	0	0	2/4	21	1	1/2	1/2	1		-1	77	F5	5	1288
131	131	521/2	521/2	0.5	1/8	1/8	2/4	23	1	1/8	1/8	1		4	64	E4	4	1294
131	131	261	261	1.0	1/4	1/4	2/4	25	1	1/4	1/4	1		-1	41	F2	2	1300
131	131	261	261	1.0	1/4	1/4	2/4	24	1	1/4	1/4	1		-1	53	F3	3	1298
131	131	261	261	1.0	1/4	1/4	2/4	5	1	1/4	1/4	1		0	60	C4	4	1283
131	131	261	261	0.5	1/4	1/4	2/4	23	1	1/8	1/8	1		-1	65	F4	4	1295
131	131	261	261	1.0	1/4	1/4	2/4	22	2	1/4	1/4	1		0	72	C5	5	1292
131	131	261	261	1.0	1/4	1/4	2/4	22	1	1/4	1/4	1		-3	75	Eb5	5	1290
131	131	523/2	523/2	0.5	3/8	3/8	2/4	23	1	1/8	1/8	1		4	64	E4	4	1296
132	132	262	262	1.0	0	0	2/4	25	1	1/4	1/4	1		-2	34	Bb1	1	1314
132	132	262	262	1.0	0	0	2/4	24	1	1/4	1/4	1		-2	46	Bb2	2	1312
132	132	262	262	1.0	0	0	2/4	5	1	1/4	1/4	1		2	62	D4	4	1301
132	132	262	262	0.5	0	0	2/4	23	1	1/8	1/8	1		-1	65	F4	4	1308
132	132	262	262	1.0	0	0	2/4	22	2	1/4	1/4	1		-2	70	Bb4	4	1306
132	132	262	262	1.0	0	0	2/4	22	1	1/4	1/4	1		2	74	D5	5	1304
132	132	262	262	2.0	0	0	2/4	21	1	1/2	1/2	1		-1	77	F5	5	1303
132	132	525/2	525/2	0.5	1/8	1/8	2/4	23	1	1/8	1/8	1		4	64	E4	4	1309
132	132	263	263	1.0	1/4	1/4	2/4	25	1	1/4	1/4	1		-1	41	F2	2	1315
132	132	263	263	1.0	1/4	1/4	2/4	24	1	1/4	1/4	1		-1	53	F3	3	1313
132	132	263	263	0.5	1/4	1/4	2/4	23	1	1/8	1/8	1		-1	65	F4	4	1310
132	132	263	263	1.0	1/4	1/4	2/4	5	1	1/4	1/4	1		-1	65	F4	4	1302
132	132	263	263	1.0	1/4	1/4	2/4	22	2	1/4	1/4	1		-1	65	F4	4	1307
132	132	263	263	1.0	1/4	1/4	2/4	22	1	1/4	1/4	1		0	72	C5	5	1305
132	132	527/2	527/2	0.5	3/8	3/8	2/4	23	1	1/8	1/8	1		4	64	E4	4	1311
133	133	264	264	1.0	0	0	2/4	25	1	1/4	1/4	1		-2	34	Bb1	1	1329
133	133	264	264	1.0	0	0	2/4	24	1	1/4	1/4	1		-2	46	Bb2	2	1327
133	133	264	264	1.0	0	0	2/4	22	2	1/4	1/4	1		2	62	D4	4	1321
133	133	264	264	0.5	0	0	2/4	23	1	1/8	1/8	1		-1	65	F4	4	1323
133	133	264	264	1.0	0	0	2/4	5	1	1/4	1/4	1		-2	70	Bb4	4	1316
133	133	264	264	1.0	0	0	2/4	22	1	1/4	1/4	1		-2	70	Bb4	4	1318
133	133	264	264	2.0	0	0	2/4	21	1	1/2	1/2	1		-1	77	F5	5	1317
133	133	529/2	529/2	0.5	1/8	1/8	2/4	23	1	1/8	1/8	1		4	64	E4	4	1324
133	133	265	265	1.0	1/4	1/4	2/4	25	1	1/4	1/4	1		-1	41	F2	2	1330
133	133	265	265	1.0	1/4	1/4	2/4	24	1	1/4	1/4	1		-1	53	F3	3	1328
133	133	265	265	0.5	1/4	1/4	2/4	23	1	1/8	1/8	1		-1	65	F4	4	1325
133	133	265	265	1.0	1/4	1/4	2/4	22	2	1/4	1/4	1	1	-2	70	Bb4	4	1322
133	133	265	265	0.5	1/4	1/4	2/4	22	1	1/8	1/8	1		0	72	C5	5	1319
133	133	531/2	531/2	0.5	3/8	3/8	2/4	23	1	1/8	1/8	1		4	64	E4	4	1326
133	133	531/2	531/2	0.5	3/8	3/8	2/4	22	1	1/8	1/8	1		2	74	D5	5	1320
134	134	266	266	1.0	0	0	2/4	25	1	1/4	1/4	1		-2	34	Bb1	1	1343
134	134	266	266	1.0	0	0	2/4	24	1	1/4	1/4	1		-2	46	Bb2	2	1341
134	134	266	266	0.5	0	0	2/4	23	1	1/8	1/8	1		-1	65	F4	4	1337
134	134	266	266	0.5	0	0	2/4	22	2	1/8	1/8	1	-1	-2	70	Bb4	4	1333
134	134	266	266	2.0	0	0	2/4	22	1	1/2	1/2	1		-3	75	Eb5	5	1332
134	134	266	266	2.0	0	0	2/4	21	1	1/2	1/2	1		-1	77	F5	5	1331
134	134	533/2	533/2	0.5	1/8	1/8	2/4	23	1	1/8	1/8	1		0	60	C4	4	1338
134	134	533/2	533/2	0.5	1/8	1/8	2/4	22	2	1/8	1/8	1		3	69	A4	4	1334
134	134	267	267	1.0	1/4	1/4	2/4	25	1	1/4	1/4	1		-1	41	F2	2	1344
134	134	267	267	1.0	1/4	1/4	2/4	24	1	1/4	1/4	1		-1	53	F3	3	1342
134	134	267	267	0.5	1/4	1/4	2/4	23	1	1/8	1/8	1		-1	65	F4	4	1339
134	134	267	267	0.5	1/4	1/4	2/4	22	2	1/8	1/8	1		0	72	C5	5	1335
134	134	535/2	535/2	0.5	3/8	3/8	2/4	23	1	1/8	1/8	1		0	60	C4	4	1340
134	134	535/2	535/2	0.5	3/8	3/8	2/4	22	2	1/8	1/8	1		-2	70	Bb4	4	1336
135	135	268	268	1.0	0	0	2/4	25	1	1/4	1/4	1		-2	34	Bb1	1	1355
135	135	268	268	1.0	0	0	2/4	24	1	1/4	1/4	1		-2	46	Bb2	2	1353
135	135	268	268	0.5	0	0	2/4	23	1	1/8	1/8	1		-1	65	F4	4	1349
135	135	268	268	1.0	0	0	2/4	22	2	1/4	1/4	1		-4	68	Ab4	4	1347
135	135	268	268	2.0	0	0	2/4	22	1	1/2	1/2	1		2	74	D5	5	1346
135	135	268	268	2.0	0	0	2/4	21	1	1/2	1/2	1		-2	82	Bb5	5	1345
135	135	537/2	537/2	0.5	1/8	1/8	2/4	23	1	1/8	1/8	1		-2	58	Bb3	3	1350
135	135	269	269	1.0	1/4	1/4	2/4	25	1	1/4	1/4	1		-1	41	F2	2	1356
135	135	269	269	1.0	1/4	1/4	2/4	24	1	1/4	1/4	1		-1	53	F3	3	1354
135	135	269	269	0.5	1/4	1/4	2/4	23	1	1/8	1/8	1		-1	65	F4	4	1351
135	135	269	269	1.0	1/4	1/4	2/4	22	2	1/4	1/4	1		0	72	C5	5	1348
135	135	539/2	539/2	0.5	3/8	3/8	2/4	23	1	1/8	1/8	1		-2	58	Bb3	3	1352
136	136	270	270	1.0	0	0	2/4	25	1	1/4	1/4	1		-2	34	Bb1	1	1368
136	136	270	270	1.0	0	0	2/4	24	1	1/4	1/4	1		-2	46	Bb2	2	1366
136	136	270	270	0.5	0	0	2/4	23	1	1/8	1/8	1		-1	65	F4	4	1362
136	136	270	270	1.0	0	0	2/4	22	2	1/4	1/4	1		-2	70	Bb4	4	1360
136	136	270	270	1.0	0	0	2/4	22	1	1/4	1/4	1		-3	75	Eb5	5	1358
136	136	270	270	2.0	0	0	2/4	21	1	1/2	1/2	1		-2	82	Bb5	5	1357
136	136	541/2	541/2	0.5	1/8	1/8	2/4	23	1	1/8	1/8	1		-2	58	Bb3	3	1363
136	136	271	271	1.0	1/4	1/4	2/4	25	1	1/4	1/4	1		-1	41	F2	2	1369
136	136	271	271	1.0	1/4	1/4	2/4	24	1	1/4	1/4	1		-1	53	F3	3	1367
136	136	271	271	0.5	1/4	1/4	2/4	23	1	1/8	1/8	1		-1	65	F4	4	1364
136	136	271	271	1.0	1/4	1/4	2/4	22	2	1/4	1/4	1		-4	68	Ab4	4	1361
136	136	271	271	1.0	1/4	1/4	2/4	22	1	1/4	1/4	1		-1	77	F5	5	1359
136	136	543/2	543/2	0.5	3/8	3/8	2/4	23	1	1/8	1/8	1		-2	58	Bb3	3	1365
137	137	272	272	1.0	0	0	2/4	25	1	1/4	1/4	1		-2	34	Bb1	1	1386
137	137	272	272	1.0	0	0	2/4	24	1	1/4	1/4	1		-2	46	Bb2	2	1384
137	137	272	272	2.0	0	0	2/4	12	1	1/2	1/2	1		3	57	A3	3	1373
137	137	272	272	0.5	0	0	2/4	23	1	1/8	1/8	1		-3	63	Eb4	4	1380
137	137	272	272	2.0	0	0	2/4	11	1	1/2	1/2	1	1	-3	63	Eb4	4	1372
137	137	272	272	1.0	0	0	2/4	22	2	1/4	1/4	1		-6	66	Gb4	4	1379
137	137	272	272	2.0	0	0	2/4	10	1	1/2	1/2	1		-6	66	Gb4	4	1371
137	137	272	272	2.0	0	0	2/4	9	1	1/2	1/2	1		0	72	C5	5	1370
137	137	272	272	1.0	0	0	2/4	22	1	1/4	1/4	1		-6	78	Gb5	5	1378
137	137	272	272	0.5	0	0	2/4	21	1	1/8	1/8	1		5	83	B5	5	1374
137	137	545/2	545/2	0.5	1/8	1/8	2/4	23	1	1/8	1/8	1		3	57	A3	3	1381
137	137	545/2	545/2	0.5	1/8	1/8	2/4	21	1	1/8	1/8	1		0	84	C6	6	1375
137	137	273	273	1.0	1/4	1/4	2/4	25	1	1/4	1/4	1		-1	41	F2	2	1387
137	137	273	273	1.0	1/4	1/4	2/4	24	1	1/4	1/4	1		-1	53	F3	3	1385
137	137	273	273	0.5	1/4	1/4	2/4	23	1	1/8	1/8	1		-3	63	Eb4	4	1382
137	137	273	273	0.5	1/4	1/4	2/4	21	1	1/8	1/8	1		2	86	D6	6	1376
137	137	547/2	547/2	0.5	3/8	3/8	2/4	23	1	1/8	1/8	1		3	57	A3	3	1383
137	137	547/2	547/2	0.5	3/8	3/8	2/4	21	1	1/8	1/8	1		0	84	C6	6	1377
138	138	274	274	1.0	0	0	2/4	25	1	1/4	1/4	1		-2	34	Bb1	1	1400
138	138	274	274	1.0	0	0	2/4	12	1	1/4	1/4	1		0	60	C4	4	1391
138	138	274	274	1.0	0	0	2/4	11	1	1/4	1/4	1	-1	-3	63	Eb4	4	1390
138	138	274	274	1.0	0	0	2/4	10	1	1/4	1/4	1		-1	65	F4	4	1389
138	138	274	274	0.5	0	0	2/4	23	1	1/8	1/8	1		3	69	A4	4	1395
138	138	274	274	1.0	0	0	2/4	9	1	1/4	1/4	1		3	69	A4	4	1388
138	138	549/2	549/2	0.5	1/8	1/8	2/4	23	1	1/8	1/8	1		-1	65	F4	4	1396
138	138	275	275	1.0	1/4	1/4	2/4	25	1	1/4	1/4	1		-1	41	F2	2	1401
138	138	275	275	1.0	1/4	1/4	2/4	24	1	1/4	1/4	1	1	3	57	A3	3	1399
138	138	275	275	0.5	1/4	1/4	2/4	23	1	1/8	1/8	1		0	60	C4	4	1397
138	138	275	275	1.0	1/4	1/4	2/4	22	2	1/4	1/4	1	1	-3	75	Eb5	5	1394
138	138	275	275	1.0	1/4	1/4	2/4	22	1	1/4	1/4	1	1	-6	78	Gb5	5	1393
138	138	275	275	1.0	1/4	1/4	2/4	21	1	1/4	1/4	1	1	0	84	C6	6	1392
138	138	551/2	551/2	0.5	3/8	3/8	2/4	23	1	1/8	1/8	1		-1	65	F4	4	1398
139	139	276	276	1.0	0	0	2/4	25	1	1/4	1/4	1		-2	34	Bb1	1	1414
139	139	276	276	1.0	0	0	2/4	24	1	1/4	1/4	1	-1	3	57	A3	3	1412
139	139	276	276	0.5	0	0	2/4	23	1	1/8	1/8	1		-1	65	F4	4	1408
139	139	276	276	1.0	0	0	2/4	22	2	1/4	1/4	1	-1	-3	75	Eb5	5	1406
139	139	276	276	1.0	0	0	2/4	22	1	1/4	1/4	1	-1	-6	78	Gb5	5	1404
139	139	276	276	1.0	0	0	2/4	21	1	1/4	1/4	1	-1	0	84	C6	6	1402
139	139	553/2	553/2	0.5	1/8	1/8	2/4	23	1	1/8	1/8	1		0	60	C4	4	1409
139	139	277	277	1.0	1/4	1/4	2/4	25	1	1/4	1/4	1		-1	41	F2	2	1415
139	139	277	277	1.0	1/4	1/4	2/4	24	1	1/4	1/4	1		-2	58	Bb3	3	1413
139	139	277	277	0.5	1/4	1/4	2/4	23	1	1/8	1/8	1		-1	65	F4	4	1410
139	139	277	277	1.0	1/4	1/4	2/4	22	2	1/4	1/4	1		2	74	D5	5	1407
139	139	277	277	1.0	1/4	1/4	2/4	22	1	1/4	1/4	1		-1	77	F5	5	1405
139	139	277	277	1.0	1/4	1/4	2/4	21	1	1/4	1/4	1		-2	82	Bb5	5	1403
139	139	555/2	555/2	0.5	3/8	3/8	2/4	23	1	1/8	1/8	1		4	64	E4	4	1411
140	140	278	278	1.0	0	0	2/4	25	1	1/4	1/4	1		-2	34	Bb1	1	1427
140	140	278	278	1.5	0	0	2/4	24	1	3/8	1/4	3/2		0	60	C4	4	1425
140	140	278	278	0.5	0	0	2/4	23	1	1/8	1/8	1		-1	65	F4	4	1421
140	140	278	278	1.0	0	0	2/4	22	2	1/4	1/4	1		0	72	C5	5	1419
140	140	278	278	2.0	0	0	2/4	22	1	1/2	1/2	1	1	-3	75	Eb5	5	1418
140	140	278	278	1.0	0	0	2/4	21	1	1/4	1/4	1		3	81	A5	5	1416
140	140	557/2	557/2	0.5	1/8	1/8	2/4	23	1	1/8	1/8	1		4	64	E4	4	1422
140	140	279	279	1.0	1/4	1/4	2/4	25	1	1/4	1/4	1		-1	41	F2	2	1428
140	140	279	279	0.5	1/4	1/4	2/4	23	1	1/8	1/8	1		-1	65	F4	4	1423
140	140	279	279	1.0	1/4	1/4	2/4	22	2	1/4	1/4	1		3	69	A4	4	1420
140	140	279	279	1.0	1/4	1/4	2/4	21	1	1/4	1/4	1		1	79	G5	5	1417
140	140	559/2	559/2	0.5	3/8	3/8	2/4	24	1	1/8	1/8	1		7	61	C#4	4	1426
140	140	559/2	559/2	0.5	3/8	3/8	2/4	23	1	1/8	1/8	1		4	64	E4	4	1424
141	141	280	280	1.0	0	0	2/4	25	1	1/4	1/4	1		-2	34	Bb1	1	1442
141	141	280	280	1.0	0	0	2/4	24	1	1/4	1/4	1		2	62	D4	4	1440
141	141	280	280	0.5	0	0	2/4	23	1	1/8	1/8	1		-1	65	F4	4	1436
141	141	280	280	1.0	0	0	2/4	22	2	1/4	1/4	1		-2	70	Bb4	4	1434
141	141	280	280	1.0	0	0	2/4	22	1	1/4	1/4	1	-1	-3	75	Eb5	5	1432
141	141	280	280	1.0	0	0	2/4	21	1	1/4	1/4	1		-1	77	F5	5	1429
141	141	561/2	561/2	0.5	1/8	1/8	2/4	23	1	1/8	1/8	1		4	64	E4	4	1437
141	141	281	281	1.0	1/4	1/4	2/4	25	1	1/4	1/4	1		-1	41	F2	2	1443
141	141	281	281	1.0	1/4	1/4	2/4	24	1	1/4	1/4	1	1	1	55	G3	3	1441
141	141	281	281	0.5	1/4	1/4	2/4	23	1	1/8	1/8	1		-1	65	F4	4	1438
141	141	281	281	1.0	1/4	1/4	2/4	22	2	1/4	1/4	1		5	71	B4	4	1435
141	141	281	281	1.0	1/4	1/4	2/4	22	1	1/4	1/4	1		2	74	D5	5	1433
141	141	281	281	0.5	1/4	1/4	2/4	21	1	1/8	1/8	1		-2	82	Bb5	5	1430
141	141	563/2	563/2	0.5	3/8	3/8	2/4	23	1	1/8	1/8	1		4	64	E4	4	1439
141	141	563/2	563/2	0.5	3/8	3/8	2/4	21	1	1/8	1/8	1		-4	80	Ab5	5	1431
142	142	282	282	1.0	0	0	2/4	25	1	1/4	1/4	1		-2	34	Bb1	1	1459
142	142	282	282	1.0	0	0	2/4	24	1	1/4	1/4	1	-1	1	55	G3	3	1457
142	142	282	282	0.5	0	0	2/4	23	1	1/8	1/8	1		-1	65	F4	4	1453
142	142	282	282	1.0	0	0	2/4	22	2	1/4	1/4	1		0	72	C5	5	1450
142	142	282	282	1.0	0	0	2/4	22	1	1/4	1/4	1		-3	75	Eb5	5	1447
142	142	282	282	1.0	0	0	2/4	21	1	1/4	1/4	1		1	79	G5	5	1444
142	142	565/2	565/2	0.5	1/8	1/8	2/4	23	1	1/8	1/8	1		4	64	E4	4	1454
142	142	283	283	1.0	1/4	1/4	2/4	25	1	1/4	1/4	1		-1	41	F2	2	1460
142	142	283	283	1.0	1/4	1/4	2/4	24	1	1/4	1/4	1	1	0	60	C4	4	1458
142	142	283	283	0.5	1/4	1/4	2/4	23	1	1/8	1/8	1		-1	65	F4	4	1455
142	142	283	283	0.5	1/4	1/4	2/4	22	1	1/8	1/8	1		0	72	C5	5	1448
142	142	283	283	0.5	1/4	1/4	2/4	22	2	1/8	1/8	1		0	72	C5	5	1451
142	142	283	283	0.5	1/4	1/4	2/4	21	1	1/8	1/8	1		-3	75	Eb5	5	1445
142	142	567/2	567/2	0.5	3/8	3/8	2/4	23	1	1/8	1/8	1		4	64	E4	4	1456
142	142	567/2	567/2	0.5	3/8	3/8	2/4	22	1	1/8	1/8	1		-2	70	Bb4	4	1449
142	142	567/2	567/2	0.5	3/8	3/8	2/4	22	2	1/8	1/8	1		-2	70	Bb4	4	1452
142	142	567/2	567/2	0.5	3/8	3/8	2/4	21	1	1/8	1/8	1		2	74	D5	5	1446
143	143	284	284	1.0	0	0	2/4	25	1	1/4	1/4	1		-2	34	Bb1	1	1471
143	143	284	284	1.0	0	0	2/4	24	1	1/4	1/4	1	-1	0	60	C4	4	1469
143	143	284	284	0.5	0	0	2/4	23	1	1/8	1/8	1		-1	65	F4	4	1465
143	143	284	284	1.0	0	0	2/4	22	1	1/4	1/4	1		3	69	A4	4	1463
143	143	284	284	1.0	0	0	2/4	21	1	1/4	1/4	1		0	72	C5	5	1461
143	143	569/2	569/2	0.5	1/8	1/8	2/4	23	1	1/8	1/8	1		4	64	E4	4	1466
143	143	285	285	1.0	1/4	1/4	2/4	25	1	1/4	1/4	1		-1	41	F2	2	1472
143	143	285	285	1.0	1/4	1/4	2/4	24	1	1/4	1/4	1	1	-1	53	F3	3	1470
143	143	285	285	0.5	1/4	1/4	2/4	23	1	1/8	1/8	1		-1	65	F4	4	1467
143	143	285	285	1.0	1/4	1/4	2/4	22	1	1/4	1/4	1		3	69	A4	4	1464
143	143	285	285	1.0	1/4	1/4	2/4	21	1	1/4	1/4	1		-1	77	F5	5	1462
143	143	571/2	571/2	0.5	3/8	3/8	2/4	23	1	1/8	1/8	1		4	64	E4	4	1468
144	144	286	286	1.0	0	0	2/4	25	1	1/4	1/4	1		-2	34	Bb1	1	1482
144	144	286	286	1.0	0	0	2/4	24	1	1/4	1/4	1	-1	-1	53	F3	3	1481
144	144	286	286	0.5	0	0	2/4	23	1	1/8	1/8	1		-1	65	F4	4	1477
144	144	286	286	1.0	0	0	2/4	22	1	1/4	1/4	1		-2	70	Bb4	4	1475
144	144	286	286	1.0	0	0	2/4	21	1	1/4	1/4	1		2	74	D5	5	1473
144	144	573/2	573/2	0.5	1/8	1/8	2/4	23	1	1/8	1/8	1		4	64	E4	4	1478
144	144	287	287	1.0	1/4	1/4	2/4	25	1	1/4	1/4	1		-1	41	F2	2	1483
144	144	287	287	0.5	1/4	1/4	2/4	23	1	1/8	1/8	1		-1	65	F4	4	1479
144	144	287	287	1.0	1/4	1/4	2/4	22	1	1/4	1/4	1	1	-2	70	Bb4	4	1476
144	144	287	287	1.0	1/4	1/4	2/4	21	1	1/4	1/4	1	1	2	74	D5	5	1474
144	144	575/2	575/2	0.5	3/8	3/8	2/4	23	1	1/8	1/8	1		4	64	E4	4	1480
145	145	288	288	1.0	0	0	2/4	25	1	1/4	1/4	1		-2	34	Bb1	1	1492
145	145	288	288	1.0	0	0	2/4	24	1	1/4	1/4	1		-2	46	Bb2	2	1490
145	145	288	288	1.0	0	0	2/4	23	1	1/4	1/4	1		-1	65	F4	4	1488
145	145	288	288	1.0	0	0	2/4	22	1	1/4	1/4	1	-1	-2	70	Bb4	4	1486
145	145	288	288	1.0	0	0	2/4	21	1	1/4	1/4	1	-1	2	74	D5	5	1484
145	145	289	289	1.0	1/4	1/4	2/4	25	1	1/4	1/4	1		6	42	F#2	2	1493
145	145	289	289	1.0	1/4	1/4	2/4	24	1	1/4	1/4	1		6	54	F#3	3	1491
145	145	289	289	1.0	1/4	1/4	2/4	23	1	1/4	1/4	1		-3	63	Eb4	4	1489
145	145	289	289	1.0	1/4	1/4	2/4	22	1	1/4	1/4	1		3	69	A4	4	1487
145	145	289	289	1.0	1/4	1/4	2/4	21	1	1/4	1/4	1		0	72	C5	5	1485
146	146	290	290	1.0	0	0	2/4	25	1	1/4	1/4	1		1	43	G2	2	1503
146	146	290	290	1.0	0	0	2/4	24	1	1/4	1/4	1		1	55	G3	3	1501
146	146	290	290	1.0	0	0	2/4	23	1	1/4	1/4	1		2	62	D4	4	1499
146	146	290	290	1.0	0	0	2/4	22	1	1/4	1/4	1		1	67	G4	4	1497
146	146	290	290	1.0	0	0	2/4	21	1	1/4	1/4	1		-2	70	Bb4	4	1494
146	146	291	291	1.0	1/4	1/4	2/4	25	1	1/4	1/4	1		-3	39	Eb2	2	1504
146	146	291	291	1.0	1/4	1/4	2/4	24	1	1/4	1/4	1		-3	51	Eb3	3	1502
146	146	291	291	1.0	1/4	1/4	2/4	23	1	1/4	1/4	1		-3	63	Eb4	4	1500
146	146	291	291	1.0	1/4	1/4	2/4	22	1	1/4	1/4	1		1	67	G4	4	1498
146	146	291	291	0.5	1/4	1/4	2/4	21	1	1/8	1/8	1		2	74	D5	5	1495
146	146	583/2	583/2	0.5	3/8	3/8	2/4	21	1	1/8	1/8	1		0	72	C5	5	1496
147	147	292	292	1.0	0	0	2/4	25	1	1/4	1/4	1		-1	41	F2	2	1513
147	147	292	292	1.0	0	0	2/4	24	1	1/4	1/4	1		-1	53	F3	3	1511
147	147	292	292	1.0	0	0	2/4	23	1	1/4	1/4	1		2	62	D4	4	1509
147	147	292	292	1.0	0	0	2/4	22	1	1/4	1/4	1		-1	65	F4	4	1507
147	147	292	292	1.0	0	0	2/4	21	1	1/4	1/4	1		-2	70	Bb4	4	1505
147	147	293	293	1.0	1/4	1/4	2/4	25	1	1/4	1/4	1		-1	41	F2	2	1514
147	147	293	293	1.0	1/4	1/4	2/4	24	1	1/4	1/4	1		-1	53	F3	3	1512
147	147	293	293	1.0	1/4	1/4	2/4	23	1	1/4	1/4	1		0	60	C4	4	1510
147	147	293	293	1.0	1/4	1/4	2/4	22	1	1/4	1/4	1		-1	65	F4	4	1508
147	147	293	293	1.0	1/4	1/4	2/4	21	1	1/4	1/4	1		3	69	A4	4	1506
148	148	294	294	1.0	0	0	2/4	25	1	1/4	1/4	1		-2	34	Bb1	1	1519
148	148	294	294	1.0	0	0	2/4	24	1	1/4	1/4	1		-2	46	Bb2	2	1518
148	148	294	294	1.0	0	0	2/4	23	1	1/4	1/4	1		2	62	D4	4	1517
148	148	294	294	1.0	0	0	2/4	22	1	1/4	1/4	1		-1	65	F4	4	1516
148	148	294	294	1.0	0	0	2/4	21	1	1/4	1/4	1		-2	70	Bb4	4	1515
