mc	mn	quarterbeats	quarterbeats_all_endings	duration_qb	mc_onset	mn_onset	timesig	staff	voice	duration	gracenote	nominal_duration	scalar	tied	tpc	midi	name	octave	chord_id
1	1	0	0	0.5	0	3/8	2/4	1	1	1/8		1/8	1		5	59	B3	3	0
2	2	1/2	1/2	0.25	0	0	2/4	2	1	1/16		1/16	1		4	40	E2	2	14
2	2	1/2	1/2	1.0	0	0	2/4	2	3	1/4		1/4	1		4	40	E2	2	20
2	2	1/2	1/2	0.25	0	0	2/4	1	3	1/16		1/16	1		8	56	G#3	3	6
2	2	1/2	1/2	0.5	0	0	2/4	1	1	1/8		1/8	1		4	64	E4	4	1
2	2	3/4	3/4	0.5	1/16	1/16	2/4	2	1	1/8		1/8	1		5	47	B2	2	15
2	2	3/4	3/4	0.25	1/16	1/16	2/4	1	3	1/16		1/16	1		5	59	B3	3	7
2	2	1	1	0.25	1/8	1/8	2/4	1	3	1/16		1/16	1		8	56	G#3	3	8
2	2	1	1	0.25	1/8	1/8	2/4	1	1	1/16		1/16	1		9	63	D#4	4	2
2	2	5/4	5/4	0.25	3/16	3/16	2/4	2	1	1/16		1/16	1		5	47	B2	2	16
2	2	5/4	5/4	0.25	3/16	3/16	2/4	1	3	1/16		1/16	1		5	59	B3	3	9
2	2	5/4	5/4	0.25	3/16	3/16	2/4	1	1	1/16		1/16	1		4	64	E4	4	3
2	2	3/2	3/2	0.25	1/4	1/4	2/4	2	1	1/16		1/16	1		5	35	B1	1	17
2	2	3/2	3/2	1.0	1/4	1/4	2/4	2	3	1/4		1/4	1		5	35	B1	1	21
2	2	3/2	3/2	0.25	1/4	1/4	2/4	1	3	1/16		1/16	1		3	57	A3	3	10
2	2	3/2	3/2	1.0	1/4	1/4	2/4	1	2	1/4		1/4	1	1	9	63	D#4	4	5
2	2	3/2	3/2	1.0	1/4	1/4	2/4	1	1	1/4		1/4	1	1	6	66	F#4	4	4
2	2	7/4	7/4	0.5	5/16	5/16	2/4	2	1	1/8		1/8	1		5	47	B2	2	18
2	2	7/4	7/4	0.25	5/16	5/16	2/4	1	3	1/16		1/16	1		5	59	B3	3	11
2	2	2	2	0.25	3/8	3/8	2/4	1	3	1/16		1/16	1		3	57	A3	3	12
2	2	9/4	9/4	0.25	7/16	7/16	2/4	2	1	1/16		1/16	1		5	47	B2	2	19
2	2	9/4	9/4	0.25	7/16	7/16	2/4	1	3	1/16		1/16	1		5	59	B3	3	13
3	3	5/2	5/2	0.25	0	0	2/4	2	1	1/16		1/16	1		5	35	B1	1	38
3	3	5/2	5/2	1.0	0	0	2/4	2	3	1/4		1/4	1		5	35	B1	1	44
3	3	5/2	5/2	0.25	0	0	2/4	1	3	1/16		1/16	1		3	57	A3	3	30
3	3	5/2	5/2	0.5	0	0	2/4	1	2	1/8		1/8	1	-1	9	63	D#4	4	27
3	3	5/2	5/2	0.25	0	0	2/4	1	1	1/16		1/16	1	-1	6	66	F#4	4	22
3	3	11/4	11/4	0.5	1/16	1/16	2/4	2	1	1/8		1/8	1		5	47	B2	2	39
3	3	11/4	11/4	0.25	1/16	1/16	2/4	1	3	1/16		1/16	1		5	59	B3	3	31
3	3	11/4	11/4	0.25	1/16	1/16	2/4	1	1	1/16		1/16	1		8	68	G#4	4	23
3	3	3	3	0.25	1/8	1/8	2/4	1	3	1/16		1/16	1		3	57	A3	3	32
3	3	3	3	0.5	1/8	1/8	2/4	1	2	1/8		1/8	1		9	63	D#4	4	28
3	3	3	3	0.25	1/8	1/8	2/4	1	1	1/16		1/16	1		8	68	G#4	4	24
3	3	13/4	13/4	0.25	3/16	3/16	2/4	2	1	1/16		1/16	1		5	47	B2	2	40
3	3	13/4	13/4	0.25	3/16	3/16	2/4	1	3	1/16		1/16	1		5	59	B3	3	33
3	3	13/4	13/4	0.25	3/16	3/16	2/4	1	1	1/16		1/16	1		6	66	F#4	4	25
3	3	7/2	7/2	0.25	1/4	1/4	2/4	2	1	1/16		1/16	1		4	40	E2	2	41
3	3	7/2	7/2	1.0	1/4	1/4	2/4	2	3	1/4		1/4	1		4	40	E2	2	45
3	3	7/2	7/2	0.25	1/4	1/4	2/4	1	3	1/16		1/16	1		8	56	G#3	3	34
3	3	7/2	7/2	1.0	1/4	1/4	2/4	1	2	1/4		1/4	1		4	64	E4	4	29
3	3	7/2	7/2	1.0	1/4	1/4	2/4	1	1	1/4		1/4	1	1	8	68	G#4	4	26
3	3	15/4	15/4	0.5	5/16	5/16	2/4	2	1	1/8		1/8	1		5	47	B2	2	42
3	3	15/4	15/4	0.25	5/16	5/16	2/4	1	3	1/16		1/16	1		5	59	B3	3	35
3	3	4	4	0.25	3/8	3/8	2/4	1	3	1/16		1/16	1		8	56	G#3	3	36
3	3	17/4	17/4	0.25	7/16	7/16	2/4	2	1	1/16		1/16	1		5	47	B2	2	43
3	3	17/4	17/4	0.25	7/16	7/16	2/4	1	3	1/16		1/16	1		5	59	B3	3	37
4	4	9/2	9/2	0.25	0	0	2/4	2	1	1/16		1/16	1		4	40	E2	2	60
4	4	9/2	9/2	1.0	0	0	2/4	2	3	1/4		1/4	1		4	40	E2	2	66
4	4	9/2	9/2	0.25	0	0	2/4	1	3	1/16		1/16	1		8	56	G#3	3	52
4	4	9/2	9/2	0.25	0	0	2/4	1	1	1/16		1/16	1	-1	8	68	G#4	4	46
4	4	19/4	19/4	0.5	1/16	1/16	2/4	2	1	1/8		1/8	1		5	47	B2	2	61
4	4	19/4	19/4	0.25	1/16	1/16	2/4	1	3	1/16		1/16	1		4	64	E4	4	53
4	4	19/4	19/4	0.25	1/16	1/16	2/4	1	1	1/16		1/16	1		3	69	A4	4	47
4	4	5	5	0.25	1/8	1/8	2/4	1	3	1/16		1/16	1		5	59	B3	3	54
4	4	5	5	0.25	1/8	1/8	2/4	1	1	1/16		1/16	1		3	69	A4	4	48
4	4	21/4	21/4	0.25	3/16	3/16	2/4	2	1	1/16		1/16	1		5	47	B2	2	62
4	4	21/4	21/4	0.25	3/16	3/16	2/4	1	3	1/16		1/16	1		4	64	E4	4	55
4	4	21/4	21/4	0.25	3/16	3/16	2/4	1	1	1/16		1/16	1		8	68	G#4	4	49
4	4	11/2	11/2	0.25	1/4	1/4	2/4	2	1	1/16		1/16	1		5	35	B1	1	63
4	4	11/2	11/2	1.0	1/4	1/4	2/4	2	3	1/4		1/4	1		5	35	B1	1	67
4	4	11/2	11/2	0.25	1/4	1/4	2/4	1	3	1/16		1/16	1		9	63	D#4	4	56
4	4	11/2	11/2	0.75	1/4	1/4	2/4	1	1	3/16		1/8	3/2		7	73	C#5	5	50
4	4	23/4	23/4	0.5	5/16	5/16	2/4	2	1	1/8		1/8	1		5	47	B2	2	64
4	4	23/4	23/4	0.25	5/16	5/16	2/4	1	3	1/16		1/16	1		3	69	A4	4	57
4	4	6	6	0.25	3/8	3/8	2/4	1	3	1/16		1/16	1		5	59	B3	3	58
4	4	25/4	25/4	0.25	7/16	7/16	2/4	2	1	1/16		1/16	1		5	47	B2	2	65
4	4	25/4	25/4	0.25	7/16	7/16	2/4	1	3	1/16		1/16	1		9	63	D#4	4	59
4	4	25/4	25/4	0.25	7/16	7/16	2/4	1	1	1/16		1/16	1		5	71	B4	4	51
5	5	13/2	13/2	0.25	0	0	2/4	2	1	1/16		1/16	1		4	40	E2	2	85
5	5	13/2	13/2	1.0	0	0	2/4	2	3	1/4		1/4	1		4	40	E2	2	91
5	5	13/2	13/2	0.25	0	0	2/4	1	3	1/16		1/16	1		5	59	B3	3	77
5	5	13/2	13/2	0.25	0	0	2/4	1	1	1/16		1/16	1		3	69	A4	4	68
5	5	27/4	27/4	0.5	1/16	1/16	2/4	2	1	1/8		1/8	1		5	47	B2	2	86
5	5	27/4	27/4	0.25	1/16	1/16	2/4	1	3	1/16		1/16	1		4	64	E4	4	78
5	5	27/4	27/4	0.25	1/16	1/16	2/4	1	1	1/16		1/16	1		8	68	G#4	4	69
5	5	7	7	0.25	1/8	1/8	2/4	1	3	1/16		1/16	1		8	56	G#3	3	79
5	5	7	7	0.25	1/8	1/8	2/4	1	1	1/16		1/16	1		9	63	D#4	4	70
5	5	29/4	29/4	0.25	3/16	3/16	2/4	2	1	1/16		1/16	1		5	47	B2	2	87
5	5	29/4	29/4	0.25	3/16	3/16	2/4	1	3	1/16		1/16	1		5	59	B3	3	80
5	5	29/4	29/4	0.25	3/16	3/16	2/4	1	1	1/16		1/16	1		4	64	E4	4	71
5	5	15/2	15/2	0.25	1/4	1/4	2/4	2	1	1/16		1/16	1		5	35	B1	1	88
5	5	15/2	15/2	1.0	1/4	1/4	2/4	2	3	1/4		1/4	1		5	35	B1	1	92
5	5	15/2	15/2	0.25	1/4	1/4	2/4	1	3	1/16		1/16	1		3	57	A3	3	81
5	5	15/2	15/2	0.25	1/4	1/4	2/4	1	2	1/16		1/16	1		7	61	C#4	4	73
5	5	15/2	15/2	1.0	1/4	1/4	2/4	1	1	1/4		1/4	1	1	6	66	F#4	4	72
5	5	31/4	31/4	0.5	5/16	5/16	2/4	2	1	1/8		1/8	1		5	47	B2	2	89
5	5	31/4	31/4	0.25	5/16	5/16	2/4	1	3	1/16		1/16	1		5	59	B3	3	82
5	5	31/4	31/4	0.25	5/16	5/16	2/4	1	2	1/16		1/16	1		9	63	D#4	4	74
5	5	8	8	0.25	3/8	3/8	2/4	1	3	1/16		1/16	1		3	57	A3	3	83
5	5	8	8	0.25	3/8	3/8	2/4	1	2	1/16		1/16	1		7	61	C#4	4	75
5	5	33/4	33/4	0.25	7/16	7/16	2/4	2	1	1/16		1/16	1		5	47	B2	2	90
5	5	33/4	33/4	0.25	7/16	7/16	2/4	1	3	1/16		1/16	1		5	59	B3	3	84
5	5	33/4	33/4	0.25	7/16	7/16	2/4	1	2	1/16		1/16	1		9	63	D#4	4	76
6	6	17/2	17/2	0.25	0	0	2/4	2	1	1/16		1/16	1		5	35	B1	1	110
6	6	17/2	17/2	1.0	0	0	2/4	2	3	1/4		1/4	1		5	35	B1	1	116
6	6	17/2	17/2	0.25	0	0	2/4	1	3	1/16		1/16	1		3	57	A3	3	102
6	6	17/2	17/2	0.25	0	0	2/4	1	2	1/16		1/16	1		7	61	C#4	4	98
6	6	17/2	17/2	0.25	0	0	2/4	1	1	1/16		1/16	1	-1	6	66	F#4	4	93
6	6	35/4	35/4	0.5	1/16	1/16	2/4	2	1	1/8		1/8	1		5	47	B2	2	111
6	6	35/4	35/4	0.25	1/16	1/16	2/4	1	3	1/16		1/16	1		5	59	B3	3	103
6	6	35/4	35/4	0.25	1/16	1/16	2/4	1	2	1/16		1/16	1		9	63	D#4	4	99
6	6	35/4	35/4	0.25	1/16	1/16	2/4	1	1	1/16		1/16	1		8	68	G#4	4	94
6	6	9	9	0.25	1/8	1/8	2/4	1	3	1/16		1/16	1		3	57	A3	3	104
6	6	9	9	0.25	1/8	1/8	2/4	1	2	1/16		1/16	1		7	61	C#4	4	100
6	6	9	9	0.25	1/8	1/8	2/4	1	1	1/16		1/16	1		8	68	G#4	4	95
6	6	37/4	37/4	0.25	3/16	3/16	2/4	2	1	1/16		1/16	1		5	47	B2	2	112
6	6	37/4	37/4	0.25	3/16	3/16	2/4	1	3	1/16		1/16	1		5	59	B3	3	105
6	6	37/4	37/4	0.25	3/16	3/16	2/4	1	2	1/16		1/16	1		9	63	D#4	4	101
6	6	37/4	37/4	0.25	3/16	3/16	2/4	1	1	1/16		1/16	1		6	66	F#4	4	96
6	6	19/2	19/2	0.25	1/4	1/4	2/4	2	1	1/16		1/16	1		4	40	E2	2	113
6	6	19/2	19/2	1.0	1/4	1/4	2/4	2	3	1/4		1/4	1		4	40	E2	2	117
6	6	19/2	19/2	0.25	1/4	1/4	2/4	1	3	1/16		1/16	1		8	56	G#3	3	106
6	6	19/2	19/2	1.0	1/4	1/4	2/4	1	1	1/4		1/4	1		4	64	E4	4	97
6	6	39/4	39/4	0.5	5/16	5/16	2/4	2	1	1/8		1/8	1		5	47	B2	2	114
6	6	39/4	39/4	0.25	5/16	5/16	2/4	1	3	1/16		1/16	1		5	59	B3	3	107
6	6	10	10	0.25	3/8	3/8	2/4	1	3	1/16		1/16	1		8	56	G#3	3	108
6	6	41/4	41/4	0.25	7/16	7/16	2/4	2	1	1/16		1/16	1		5	47	B2	2	115
6	6	41/4	41/4	0.25	7/16	7/16	2/4	1	3	1/16		1/16	1		5	59	B3	3	109
7	7	21/2	21/2	0.25	0	0	2/4	2	1	1/16		1/16	1		4	40	E2	2	134
7	7	21/2	21/2	1.0	0	0	2/4	2	3	1/4		1/4	1		4	40	E2	2	140
7	7	21/2	21/2	0.25	0	0	2/4	1	3	1/16		1/16	1		2	62	D4	4	126
7	7	21/2	21/2	0.25	0	0	2/4	1	1	1/16		1/16	1		8	68	G#4	4	118
7	7	43/4	43/4	0.5	1/16	1/16	2/4	2	1	1/8		1/8	1		4	52	E3	3	135
7	7	43/4	43/4	0.25	1/16	1/16	2/4	1	3	1/16		1/16	1		4	64	E4	4	127
7	7	43/4	43/4	0.25	1/16	1/16	2/4	1	1	1/16		1/16	1		3	69	A4	4	119
7	7	11	11	0.25	1/8	1/8	2/4	1	3	1/16		1/16	1		2	62	D4	4	128
7	7	11	11	0.25	1/8	1/8	2/4	1	1	1/16		1/16	1		6	66	F#4	4	120
7	7	45/4	45/4	0.25	3/16	3/16	2/4	2	1	1/16		1/16	1		4	52	E3	3	136
7	7	45/4	45/4	0.25	3/16	3/16	2/4	1	3	1/16		1/16	1		4	64	E4	4	129
7	7	45/4	45/4	0.25	3/16	3/16	2/4	1	1	1/16		1/16	1		8	68	G#4	4	121
7	7	23/2	23/2	0.25	1/4	1/4	2/4	2	1	1/16		1/16	1		3	45	A2	2	137
7	7	23/2	23/2	1.0	1/4	1/4	2/4	2	3	1/4		1/4	1		3	45	A2	2	141
7	7	23/2	23/2	0.25	1/4	1/4	2/4	1	3	1/16		1/16	1		7	61	C#4	4	130
7	7	23/2	23/2	0.25	1/4	1/4	2/4	1	1	1/16		1/16	1		3	69	A4	4	122
7	7	47/4	47/4	0.5	5/16	5/16	2/4	2	1	1/8		1/8	1		4	52	E3	3	138
7	7	47/4	47/4	0.25	5/16	5/16	2/4	1	3	1/16		1/16	1		4	64	E4	4	131
7	7	47/4	47/4	0.25	5/16	5/16	2/4	1	1	1/16		1/16	1		5	71	B4	4	123
7	7	12	12	0.25	3/8	3/8	2/4	1	3	1/16		1/16	1		7	61	C#4	4	132
7	7	12	12	0.25	3/8	3/8	2/4	1	1	1/16		1/16	1		8	68	G#4	4	124
7	7	49/4	49/4	0.25	7/16	7/16	2/4	2	1	1/16		1/16	1		4	52	E3	3	139
7	7	49/4	49/4	0.25	7/16	7/16	2/4	1	3	1/16		1/16	1		4	64	E4	4	133
7	7	49/4	49/4	0.25	7/16	7/16	2/4	1	1	1/16		1/16	1		3	69	A4	4	125
8	8	25/2	25/2	0.25	0	0	2/4	2	1	1/16		1/16	1		3	45	A2	2	155
8	8	25/2	25/2	1.0	0	0	2/4	2	3	1/4		1/4	1		3	45	A2	2	161
8	8	25/2	25/2	0.25	0	0	2/4	1	3	1/16		1/16	1		7	61	C#4	4	147
8	8	25/2	25/2	0.5	0	0	2/4	1	1	1/8		1/8	1		7	73	C#5	5	142
8	8	51/4	51/4	0.5	1/16	1/16	2/4	2	1	1/8		1/8	1		6	54	F#3	3	156
8	8	51/4	51/4	0.25	1/16	1/16	2/4	1	3	1/16		1/16	1		4	64	E4	4	148
8	8	13	13	0.25	1/8	1/8	2/4	1	3	1/16		1/16	1		7	61	C#4	4	149
8	8	13	13	1.0	1/8	1/8	2/4	1	1	1/4		1/4	1		6	66	F#4	4	143
8	8	53/4	53/4	0.25	3/16	3/16	2/4	2	1	1/16		1/16	1		6	54	F#3	3	157
8	8	53/4	53/4	0.25	3/16	3/16	2/4	1	3	1/16		1/16	1		4	64	E4	4	150
8	8	27/2	27/2	0.25	1/4	1/4	2/4	2	1	1/16		1/16	1		5	47	B2	2	158
8	8	27/2	27/2	1.0	1/4	1/4	2/4	2	3	1/4		1/4	1		5	47	B2	2	162
8	8	27/2	27/2	0.25	1/4	1/4	2/4	1	3	1/16		1/16	1		5	59	B3	3	151
8	8	55/4	55/4	0.5	5/16	5/16	2/4	2	1	1/8		1/8	1		6	54	F#3	3	159
8	8	55/4	55/4	0.25	5/16	5/16	2/4	1	3	1/16		1/16	1		4	64	E4	4	152
8	8	14	14	0.0	3/8	3/8	2/4	1	1	0	acciaccatura	1/8	1		10	70	A#4	4	144
8	8	14	14	0.25	3/8	3/8	2/4	1	3	1/16		1/16	1		5	59	B3	3	153
8	8	14	14	0.25	3/8	3/8	2/4	1	1	1/16		1/16	1		8	68	G#4	4	145
8	8	57/4	57/4	0.25	7/16	7/16	2/4	2	1	1/16		1/16	1		6	54	F#3	3	160
8	8	57/4	57/4	0.25	7/16	7/16	2/4	1	3	1/16		1/16	1		4	64	E4	4	154
8	8	57/4	57/4	0.25	7/16	7/16	2/4	1	1	1/16		1/16	1	1	6	66	F#4	4	146
9	9	29/2	29/2	0.25	0	0	2/4	2	1	1/16		1/16	1		7	49	C#3	3	177
9	9	29/2	29/2	1.0	0	0	2/4	2	3	1/4		1/4	1		7	49	C#3	3	183
9	9	29/2	29/2	0.25	0	0	2/4	1	3	1/16		1/16	1		10	58	A#3	3	169
9	9	29/2	29/2	0.5	0	0	2/4	1	1	1/8		1/8	1	-1	6	66	F#4	4	163
9	9	59/4	59/4	0.5	1/16	1/16	2/4	2	1	1/8		1/8	1		6	54	F#3	3	178
9	9	59/4	59/4	0.25	1/16	1/16	2/4	1	3	1/16		1/16	1		4	64	E4	4	170
9	9	15	15	0.0	1/8	1/8	2/4	1	1	0	acciaccatura	1/8	1		10	70	A#4	4	164
9	9	15	15	0.25	1/8	1/8	2/4	1	3	1/16		1/16	1		10	58	A#3	3	171
9	9	15	15	0.25	1/8	1/8	2/4	1	1	1/16		1/16	1		8	68	G#4	4	165
9	9	61/4	61/4	0.25	3/16	3/16	2/4	2	1	1/16		1/16	1		6	54	F#3	3	179
9	9	61/4	61/4	0.25	3/16	3/16	2/4	1	3	1/16		1/16	1		4	64	E4	4	172
9	9	61/4	61/4	0.25	3/16	3/16	2/4	1	1	1/16		1/16	1		6	66	F#4	4	166
9	9	31/2	31/2	0.25	1/4	1/4	2/4	2	1	1/16		1/16	1		5	47	B2	2	180
9	9	31/2	31/2	1.0	1/4	1/4	2/4	2	3	1/4		1/4	1		5	47	B2	2	184
9	9	31/2	31/2	0.25	1/4	1/4	2/4	1	3	1/16		1/16	1		3	57	A3	3	173
9	9	31/2	31/2	1.0	1/4	1/4	2/4	1	2	1/4		1/4	1		9	63	D#4	4	168
9	9	31/2	31/2	1.0	1/4	1/4	2/4	1	1	1/4		1/4	1		5	71	B4	4	167
9	9	63/4	63/4	0.5	5/16	5/16	2/4	2	1	1/8		1/8	1		6	54	F#3	3	181
9	9	63/4	63/4	0.25	5/16	5/16	2/4	1	3	1/16		1/16	1		5	59	B3	3	174
9	9	16	16	0.25	3/8	3/8	2/4	1	3	1/16		1/16	1		3	57	A3	3	175
9	9	65/4	65/4	0.25	7/16	7/16	2/4	2	1	1/16		1/16	1		6	54	F#3	3	182
9	9	65/4	65/4	0.25	7/16	7/16	2/4	1	3	1/16		1/16	1		5	59	B3	3	176
10	10	33/2	33/2	0.25	0	0	2/4	2	1	1/16		1/16	1		4	40	E2	2	199
10	10	33/2	33/2	1.0	0	0	2/4	2	3	1/4		1/4	1		4	40	E2	2	205
10	10	33/2	33/2	0.25	0	0	2/4	1	3	1/16		1/16	1		8	56	G#3	3	191
10	10	33/2	33/2	0.5	0	0	2/4	1	2	1/8		1/8	1		4	64	E4	4	189
10	10	33/2	33/2	0.5	0	0	2/4	1	1	1/8		1/8	1		8	68	G#4	4	185
10	10	67/4	67/4	0.5	1/16	1/16	2/4	2	1	1/8		1/8	1		5	47	B2	2	200
10	10	67/4	67/4	0.25	1/16	1/16	2/4	1	3	1/16		1/16	1		5	59	B3	3	192
10	10	17	17	0.25	1/8	1/8	2/4	1	3	1/16		1/16	1		8	56	G#3	3	193
10	10	17	17	0.25	1/8	1/8	2/4	1	1	1/16		1/16	1		9	63	D#4	4	186
10	10	69/4	69/4	0.25	3/16	3/16	2/4	2	1	1/16		1/16	1		5	47	B2	2	201
10	10	69/4	69/4	0.25	3/16	3/16	2/4	1	3	1/16		1/16	1		5	59	B3	3	194
10	10	69/4	69/4	0.25	3/16	3/16	2/4	1	1	1/16		1/16	1		4	64	E4	4	187
10	10	35/2	35/2	0.25	1/4	1/4	2/4	2	1	1/16		1/16	1		5	35	B1	1	202
10	10	35/2	35/2	1.0	1/4	1/4	2/4	2	3	1/4		1/4	1		5	35	B1	1	206
10	10	35/2	35/2	0.25	1/4	1/4	2/4	1	3	1/16		1/16	1		3	57	A3	3	195
10	10	35/2	35/2	1.0	1/4	1/4	2/4	1	2	1/4		1/4	1	1	9	63	D#4	4	190
10	10	35/2	35/2	1.0	1/4	1/4	2/4	1	1	1/4		1/4	1	1	6	66	F#4	4	188
10	10	71/4	71/4	0.5	5/16	5/16	2/4	2	1	1/8		1/8	1		5	47	B2	2	203
10	10	71/4	71/4	0.25	5/16	5/16	2/4	1	3	1/16		1/16	1		5	59	B3	3	196
10	10	18	18	0.25	3/8	3/8	2/4	1	3	1/16		1/16	1		3	57	A3	3	197
10	10	73/4	73/4	0.25	7/16	7/16	2/4	2	1	1/16		1/16	1		5	47	B2	2	204
10	10	73/4	73/4	0.25	7/16	7/16	2/4	1	3	1/16		1/16	1		5	59	B3	3	198
11	11	37/2	37/2	0.25	0	0	2/4	2	1	1/16		1/16	1		5	35	B1	1	223
11	11	37/2	37/2	1.0	0	0	2/4	2	3	1/4		1/4	1		5	35	B1	1	229
11	11	37/2	37/2	0.25	0	0	2/4	1	3	1/16		1/16	1		3	57	A3	3	215
11	11	37/2	37/2	0.5	0	0	2/4	1	2	1/8		1/8	1	-1	9	63	D#4	4	212
11	11	37/2	37/2	0.25	0	0	2/4	1	1	1/16		1/16	1	-1	6	66	F#4	4	207
11	11	75/4	75/4	0.5	1/16	1/16	2/4	2	1	1/8		1/8	1		5	47	B2	2	224
11	11	75/4	75/4	0.25	1/16	1/16	2/4	1	3	1/16		1/16	1		5	59	B3	3	216
11	11	75/4	75/4	0.25	1/16	1/16	2/4	1	1	1/16		1/16	1		8	68	G#4	4	208
11	11	19	19	0.25	1/8	1/8	2/4	1	3	1/16		1/16	1		3	57	A3	3	217
11	11	19	19	0.5	1/8	1/8	2/4	1	2	1/8		1/8	1		9	63	D#4	4	213
11	11	19	19	0.25	1/8	1/8	2/4	1	1	1/16		1/16	1		8	68	G#4	4	209
11	11	77/4	77/4	0.25	3/16	3/16	2/4	2	1	1/16		1/16	1		5	47	B2	2	225
11	11	77/4	77/4	0.25	3/16	3/16	2/4	1	3	1/16		1/16	1		5	59	B3	3	218
11	11	77/4	77/4	0.25	3/16	3/16	2/4	1	1	1/16		1/16	1		6	66	F#4	4	210
11	11	39/2	39/2	0.25	1/4	1/4	2/4	2	1	1/16		1/16	1		4	40	E2	2	226
11	11	39/2	39/2	1.0	1/4	1/4	2/4	2	3	1/4		1/4	1		4	40	E2	2	230
11	11	39/2	39/2	0.25	1/4	1/4	2/4	1	3	1/16		1/16	1		8	56	G#3	3	219
11	11	39/2	39/2	1.0	1/4	1/4	2/4	1	2	1/4		1/4	1		4	64	E4	4	214
11	11	39/2	39/2	1.0	1/4	1/4	2/4	1	1	1/4		1/4	1	1	8	68	G#4	4	211
11	11	79/4	79/4	0.5	5/16	5/16	2/4	2	1	1/8		1/8	1		5	47	B2	2	227
11	11	79/4	79/4	0.25	5/16	5/16	2/4	1	3	1/16		1/16	1		5	59	B3	3	220
11	11	20	20	0.25	3/8	3/8	2/4	1	3	1/16		1/16	1		8	56	G#3	3	221
11	11	81/4	81/4	0.25	7/16	7/16	2/4	2	1	1/16		1/16	1		5	47	B2	2	228
11	11	81/4	81/4	0.25	7/16	7/16	2/4	1	3	1/16		1/16	1		5	59	B3	3	222
12	12	41/2	41/2	0.25	0	0	2/4	2	1	1/16		1/16	1		4	40	E2	2	245
12	12	41/2	41/2	1.0	0	0	2/4	2	3	1/4		1/4	1		4	40	E2	2	251
12	12	41/2	41/2	0.25	0	0	2/4	1	3	1/16		1/16	1		8	56	G#3	3	237
12	12	41/2	41/2	0.25	0	0	2/4	1	1	1/16		1/16	1	-1	8	68	G#4	4	231
12	12	83/4	83/4	0.5	1/16	1/16	2/4	2	1	1/8		1/8	1		5	47	B2	2	246
12	12	83/4	83/4	0.25	1/16	1/16	2/4	1	3	1/16		1/16	1		4	64	E4	4	238
12	12	83/4	83/4	0.25	1/16	1/16	2/4	1	1	1/16		1/16	1		3	69	A4	4	232
12	12	21	21	0.25	1/8	1/8	2/4	1	3	1/16		1/16	1		5	59	B3	3	239
12	12	21	21	0.25	1/8	1/8	2/4	1	1	1/16		1/16	1		3	69	A4	4	233
12	12	85/4	85/4	0.25	3/16	3/16	2/4	2	1	1/16		1/16	1		5	47	B2	2	247
12	12	85/4	85/4	0.25	3/16	3/16	2/4	1	3	1/16		1/16	1		4	64	E4	4	240
12	12	85/4	85/4	0.25	3/16	3/16	2/4	1	1	1/16		1/16	1		8	68	G#4	4	234
12	12	43/2	43/2	0.25	1/4	1/4	2/4	2	1	1/16		1/16	1		5	35	B1	1	248
12	12	43/2	43/2	1.0	1/4	1/4	2/4	2	3	1/4		1/4	1		5	35	B1	1	252
12	12	43/2	43/2	0.25	1/4	1/4	2/4	1	3	1/16		1/16	1		9	63	D#4	4	241
12	12	43/2	43/2	0.75	1/4	1/4	2/4	1	1	3/16		1/8	3/2		7	73	C#5	5	235
12	12	87/4	87/4	0.5	5/16	5/16	2/4	2	1	1/8		1/8	1		5	47	B2	2	249
12	12	87/4	87/4	0.25	5/16	5/16	2/4	1	3	1/16		1/16	1		3	69	A4	4	242
12	12	22	22	0.25	3/8	3/8	2/4	1	3	1/16		1/16	1		5	59	B3	3	243
12	12	89/4	89/4	0.25	7/16	7/16	2/4	2	1	1/16		1/16	1		5	47	B2	2	250
12	12	89/4	89/4	0.25	7/16	7/16	2/4	1	3	1/16		1/16	1		9	63	D#4	4	244
12	12	89/4	89/4	0.25	7/16	7/16	2/4	1	1	1/16		1/16	1		5	71	B4	4	236
13	13	45/2	45/2	0.25	0	0	2/4	2	1	1/16		1/16	1		4	40	E2	2	270
13	13	45/2	45/2	1.0	0	0	2/4	2	3	1/4		1/4	1		4	40	E2	2	276
13	13	45/2	45/2	0.25	0	0	2/4	1	3	1/16		1/16	1		5	59	B3	3	262
13	13	45/2	45/2	0.25	0	0	2/4	1	1	1/16		1/16	1		3	69	A4	4	253
13	13	91/4	91/4	0.5	1/16	1/16	2/4	2	1	1/8		1/8	1		5	47	B2	2	271
13	13	91/4	91/4	0.25	1/16	1/16	2/4	1	3	1/16		1/16	1		4	64	E4	4	263
13	13	91/4	91/4	0.25	1/16	1/16	2/4	1	1	1/16		1/16	1		8	68	G#4	4	254
13	13	23	23	0.25	1/8	1/8	2/4	1	3	1/16		1/16	1		8	56	G#3	3	264
13	13	23	23	0.25	1/8	1/8	2/4	1	1	1/16		1/16	1		9	63	D#4	4	255
13	13	93/4	93/4	0.25	3/16	3/16	2/4	2	1	1/16		1/16	1		5	47	B2	2	272
13	13	93/4	93/4	0.25	3/16	3/16	2/4	1	3	1/16		1/16	1		5	59	B3	3	265
13	13	93/4	93/4	0.25	3/16	3/16	2/4	1	1	1/16		1/16	1		4	64	E4	4	256
13	13	47/2	47/2	0.25	1/4	1/4	2/4	2	1	1/16		1/16	1		5	35	B1	1	273
13	13	47/2	47/2	1.0	1/4	1/4	2/4	2	3	1/4		1/4	1		5	35	B1	1	277
13	13	47/2	47/2	0.25	1/4	1/4	2/4	1	3	1/16		1/16	1		3	57	A3	3	266
13	13	47/2	47/2	0.25	1/4	1/4	2/4	1	2	1/16		1/16	1		7	61	C#4	4	258
13	13	47/2	47/2	1.0	1/4	1/4	2/4	1	1	1/4		1/4	1	1	6	66	F#4	4	257
13	13	95/4	95/4	0.5	5/16	5/16	2/4	2	1	1/8		1/8	1		5	47	B2	2	274
13	13	95/4	95/4	0.25	5/16	5/16	2/4	1	3	1/16		1/16	1		5	59	B3	3	267
13	13	95/4	95/4	0.25	5/16	5/16	2/4	1	2	1/16		1/16	1		9	63	D#4	4	259
13	13	24	24	0.25	3/8	3/8	2/4	1	3	1/16		1/16	1		3	57	A3	3	268
13	13	24	24	0.25	3/8	3/8	2/4	1	2	1/16		1/16	1		7	61	C#4	4	260
13	13	97/4	97/4	0.25	7/16	7/16	2/4	2	1	1/16		1/16	1		5	47	B2	2	275
13	13	97/4	97/4	0.25	7/16	7/16	2/4	1	3	1/16		1/16	1		5	59	B3	3	269
13	13	97/4	97/4	0.25	7/16	7/16	2/4	1	2	1/16		1/16	1		9	63	D#4	4	261
14	14	49/2	49/2	0.25	0	0	2/4	2	1	1/16		1/16	1		5	35	B1	1	295
14	14	49/2	49/2	1.0	0	0	2/4	2	3	1/4		1/4	1		5	35	B1	1	301
14	14	49/2	49/2	0.25	0	0	2/4	1	3	1/16		1/16	1		3	57	A3	3	287
14	14	49/2	49/2	0.25	0	0	2/4	1	2	1/16		1/16	1		7	61	C#4	4	283
14	14	49/2	49/2	0.25	0	0	2/4	1	1	1/16		1/16	1	-1	6	66	F#4	4	278
14	14	99/4	99/4	0.5	1/16	1/16	2/4	2	1	1/8		1/8	1		5	47	B2	2	296
14	14	99/4	99/4	0.25	1/16	1/16	2/4	1	3	1/16		1/16	1		5	59	B3	3	288
14	14	99/4	99/4	0.25	1/16	1/16	2/4	1	2	1/16		1/16	1		9	63	D#4	4	284
14	14	99/4	99/4	0.25	1/16	1/16	2/4	1	1	1/16		1/16	1		8	68	G#4	4	279
14	14	25	25	0.25	1/8	1/8	2/4	1	3	1/16		1/16	1		3	57	A3	3	289
14	14	25	25	0.25	1/8	1/8	2/4	1	2	1/16		1/16	1		7	61	C#4	4	285
14	14	25	25	0.25	1/8	1/8	2/4	1	1	1/16		1/16	1		8	68	G#4	4	280
14	14	101/4	101/4	0.25	3/16	3/16	2/4	2	1	1/16		1/16	1		5	47	B2	2	297
14	14	101/4	101/4	0.25	3/16	3/16	2/4	1	3	1/16		1/16	1		5	59	B3	3	290
14	14	101/4	101/4	0.25	3/16	3/16	2/4	1	2	1/16		1/16	1		9	63	D#4	4	286
14	14	101/4	101/4	0.25	3/16	3/16	2/4	1	1	1/16		1/16	1		6	66	F#4	4	281
14	14	51/2	51/2	0.25	1/4	1/4	2/4	2	1	1/16		1/16	1		4	40	E2	2	298
14	14	51/2	51/2	1.0	1/4	1/4	2/4	2	3	1/4		1/4	1		4	40	E2	2	302
14	14	51/2	51/2	0.25	1/4	1/4	2/4	1	3	1/16		1/16	1		8	56	G#3	3	291
14	14	51/2	51/2	1.0	1/4	1/4	2/4	1	1	1/4		1/4	1		4	64	E4	4	282
14	14	103/4	103/4	0.5	5/16	5/16	2/4	2	1	1/8		1/8	1		5	47	B2	2	299
14	14	103/4	103/4	0.25	5/16	5/16	2/4	1	3	1/16		1/16	1		5	59	B3	3	292
14	14	26	26	0.25	3/8	3/8	2/4	1	3	1/16		1/16	1		8	56	G#3	3	293
14	14	105/4	105/4	0.25	7/16	7/16	2/4	2	1	1/16		1/16	1		5	47	B2	2	300
14	14	105/4	105/4	0.25	7/16	7/16	2/4	1	3	1/16		1/16	1		5	59	B3	3	294
15	15	53/2	53/2	0.25	0	0	2/4	2	1	1/16		1/16	1		4	40	E2	2	323
15	15	53/2	53/2	1.0	0	0	2/4	2	3	1/4		1/4	1		4	40	E2	2	329
15	15	53/2	53/2	0.25	0	0	2/4	1	3	1/16		1/16	1		2	62	D4	4	315
15	15	53/2	53/2	0.25	0	0	2/4	1	2	1/16		1/16	1		6	66	F#4	4	311
15	15	53/2	53/2	0.25	0	0	2/4	1	1	1/16		1/16	1		5	71	B4	4	303
15	15	107/4	107/4	0.5	1/16	1/16	2/4	2	1	1/8		1/8	1		4	52	E3	3	324
15	15	107/4	107/4	0.25	1/16	1/16	2/4	1	3	1/16		1/16	1		4	64	E4	4	316
15	15	107/4	107/4	0.25	1/16	1/16	2/4	1	2	1/16		1/16	1		8	68	G#4	4	312
15	15	107/4	107/4	0.25	1/16	1/16	2/4	1	1	1/16		1/16	1		7	73	C#5	5	304
15	15	27	27	0.25	1/8	1/8	2/4	1	3	1/16		1/16	1		2	62	D4	4	317
15	15	27	27	0.25	1/8	1/8	2/4	1	2	1/16		1/16	1		6	66	F#4	4	313
15	15	27	27	0.25	1/8	1/8	2/4	1	1	1/16		1/16	1		7	73	C#5	5	305
15	15	109/4	109/4	0.25	3/16	3/16	2/4	2	1	1/16		1/16	1		4	52	E3	3	325
15	15	109/4	109/4	0.25	3/16	3/16	2/4	1	3	1/16		1/16	1		4	64	E4	4	318
15	15	109/4	109/4	0.25	3/16	3/16	2/4	1	2	1/16		1/16	1		8	68	G#4	4	314
15	15	109/4	109/4	0.25	3/16	3/16	2/4	1	1	1/16		1/16	1		5	71	B4	4	306
15	15	55/2	55/2	0.25	1/4	1/4	2/4	2	1	1/16		1/16	1		3	45	A2	2	326
15	15	55/2	55/2	1.0	1/4	1/4	2/4	2	3	1/4		1/4	1		3	45	A2	2	330
15	15	55/2	55/2	0.25	1/4	1/4	2/4	1	3	1/16		1/16	1		7	61	C#4	4	319
15	15	55/2	55/2	0.25	1/4	1/4	2/4	1	1	1/16		1/16	1		3	69	A4	4	307
15	15	111/4	111/4	0.5	5/16	5/16	2/4	2	1	1/8		1/8	1		4	52	E3	3	327
15	15	111/4	111/4	0.25	5/16	5/16	2/4	1	3	1/16		1/16	1		4	64	E4	4	320
15	15	111/4	111/4	0.25	5/16	5/16	2/4	1	1	1/16		1/16	1		5	71	B4	4	308
15	15	28	28	0.25	3/8	3/8	2/4	1	3	1/16		1/16	1		7	61	C#4	4	321
15	15	28	28	0.25	3/8	3/8	2/4	1	1	1/16		1/16	1		8	68	G#4	4	309
15	15	113/4	113/4	0.25	7/16	7/16	2/4	2	1	1/16		1/16	1		4	52	E3	3	328
15	15	113/4	113/4	0.25	7/16	7/16	2/4	1	3	1/16		1/16	1		4	64	E4	4	322
15	15	113/4	113/4	0.25	7/16	7/16	2/4	1	1	1/16		1/16	1		3	69	A4	4	310
16	16	57/2	57/2	0.25	0	0	2/4	2	1	1/16		1/16	1		8	44	G#2	2	350
16	16	57/2	57/2	1.0	0	0	2/4	2	3	1/4		1/4	1		8	44	G#2	2	356
16	16	57/2	57/2	0.25	0	0	2/4	1	3	1/16		1/16	1		6	66	F#4	4	342
16	16	57/2	57/2	0.5	0	0	2/4	1	2	1/8		1/8	1		12	72	B#4	4	339
16	16	57/2	57/2	0.25	0	0	2/4	1	1	1/16		1/16	1		9	75	D#5	5	331
16	16	115/4	115/4	0.5	1/16	1/16	2/4	2	1	1/8		1/8	1		8	56	G#3	3	351
16	16	115/4	115/4	0.25	1/16	1/16	2/4	1	3	1/16		1/16	1		8	68	G#4	4	343
16	16	115/4	115/4	0.25	1/16	1/16	2/4	1	1	1/16		1/16	1		4	76	E5	5	332
16	16	29	29	0.25	1/8	1/8	2/4	1	3	1/16		1/16	1		6	66	F#4	4	344
16	16	29	29	0.25	1/8	1/8	2/4	1	2	1/16		1/16	1		10	70	A#4	4	340
16	16	29	29	0.25	1/8	1/8	2/4	1	1	1/16		1/16	1		4	76	E5	5	333
16	16	117/4	117/4	0.25	3/16	3/16	2/4	2	1	1/16		1/16	1		8	56	G#3	3	352
16	16	117/4	117/4	0.25	3/16	3/16	2/4	1	3	1/16		1/16	1		8	68	G#4	4	345
16	16	117/4	117/4	0.25	3/16	3/16	2/4	1	2	1/16		1/16	1		12	72	B#4	4	341
16	16	117/4	117/4	0.25	3/16	3/16	2/4	1	1	1/16		1/16	1		9	75	D#5	5	334
16	16	59/2	59/2	0.25	1/4	1/4	2/4	2	1	1/16		1/16	1		7	49	C#3	3	353
16	16	59/2	59/2	1.0	1/4	1/4	2/4	2	3	1/4		1/4	1		7	49	C#3	3	357
16	16	59/2	59/2	0.25	1/4	1/4	2/4	1	3	1/16		1/16	1		4	64	E4	4	346
16	16	59/2	59/2	0.25	1/4	1/4	2/4	1	1	1/16		1/16	1		7	73	C#5	5	335
16	16	119/4	119/4	0.5	5/16	5/16	2/4	2	1	1/8		1/8	1		8	56	G#3	3	354
16	16	119/4	119/4	0.25	5/16	5/16	2/4	1	3	1/16		1/16	1		8	68	G#4	4	347
16	16	119/4	119/4	0.25	5/16	5/16	2/4	1	1	1/16		1/16	1		9	75	D#5	5	336
16	16	30	30	0.25	3/8	3/8	2/4	1	3	1/16		1/16	1		4	64	E4	4	348
16	16	30	30	0.25	3/8	3/8	2/4	1	1	1/16		1/16	1		0	72	C5	5	337
16	16	121/4	121/4	0.25	7/16	7/16	2/4	2	1	1/16		1/16	1		8	56	G#3	3	355
16	16	121/4	121/4	0.25	7/16	7/16	2/4	1	3	1/16		1/16	1		8	68	G#4	4	349
16	16	121/4	121/4	0.25	7/16	7/16	2/4	1	1	1/16		1/16	1		7	73	C#5	5	338
17	17	61/2	61/2	0.25	0	0	2/4	2	3	1/16		1/16	1		7	49	C#3	3	382
17	17	61/2	61/2	0.25	0	0	2/4	2	1	1/16		1/16	1		4	52	E3	3	374
17	17	61/2	61/2	0.25	0	0	2/4	2	1	1/16		1/16	1		6	54	F#3	3	374
17	17	61/2	61/2	0.25	0	0	2/4	2	1	1/16		1/16	1		10	58	A#3	3	374
17	17	61/2	61/2	0.25	0	0	2/4	1	2	1/16		1/16	1		4	64	E4	4	366
17	17	61/2	61/2	0.25	0	0	2/4	1	2	1/16		1/16	1		10	70	A#4	4	366
17	17	61/2	61/2	0.25	0	0	2/4	1	1	1/16		1/16	1		4	76	E5	5	358
17	17	123/4	123/4	0.25	1/16	1/16	2/4	2	3	1/16		1/16	1		7	49	C#3	3	383
17	17	123/4	123/4	0.25	1/16	1/16	2/4	2	1	1/16		1/16	1		4	52	E3	3	375
17	17	123/4	123/4	0.25	1/16	1/16	2/4	2	1	1/16		1/16	1		6	54	F#3	3	375
17	17	123/4	123/4	0.25	1/16	1/16	2/4	2	1	1/16		1/16	1		10	58	A#3	3	375
17	17	123/4	123/4	0.25	1/16	1/16	2/4	1	2	1/16		1/16	1		6	66	F#4	4	367
17	17	123/4	123/4	0.25	1/16	1/16	2/4	1	2	1/16		1/16	1		10	70	A#4	4	367
17	17	123/4	123/4	0.25	1/16	1/16	2/4	1	1	1/16		1/16	1		6	78	F#5	5	359
17	17	31	31	0.25	1/8	1/8	2/4	2	3	1/16		1/16	1		7	49	C#3	3	384
17	17	31	31	0.25	1/8	1/8	2/4	2	1	1/16		1/16	1		4	52	E3	3	376
17	17	31	31	0.25	1/8	1/8	2/4	2	1	1/16		1/16	1		6	54	F#3	3	376
17	17	31	31	0.25	1/8	1/8	2/4	2	1	1/16		1/16	1		10	58	A#3	3	376
17	17	31	31	0.25	1/8	1/8	2/4	1	2	1/16		1/16	1		9	63	D#4	4	368
17	17	31	31	0.25	1/8	1/8	2/4	1	2	1/16		1/16	1		10	70	A#4	4	368
17	17	31	31	0.25	1/8	1/8	2/4	1	1	1/16		1/16	1		9	75	D#5	5	360
17	17	125/4	125/4	0.25	3/16	3/16	2/4	2	3	1/16		1/16	1		7	49	C#3	3	385
17	17	125/4	125/4	0.25	3/16	3/16	2/4	2	1	1/16		1/16	1		4	52	E3	3	377
17	17	125/4	125/4	0.25	3/16	3/16	2/4	2	1	1/16		1/16	1		6	54	F#3	3	377
17	17	125/4	125/4	0.25	3/16	3/16	2/4	2	1	1/16		1/16	1		10	58	A#3	3	377
17	17	125/4	125/4	0.25	3/16	3/16	2/4	1	2	1/16		1/16	1		4	64	E4	4	369
17	17	125/4	125/4	0.25	3/16	3/16	2/4	1	2	1/16		1/16	1		10	70	A#4	4	369
17	17	125/4	125/4	0.25	3/16	3/16	2/4	1	1	1/16		1/16	1		4	76	E5	5	361
17	17	63/2	63/2	0.25	1/4	1/4	2/4	2	3	1/16		1/16	1		0	48	C3	3	386
17	17	63/2	63/2	0.25	1/4	1/4	2/4	2	1	1/16		1/16	1		4	52	E3	3	378
17	17	63/2	63/2	0.25	1/4	1/4	2/4	2	1	1/16		1/16	1		6	54	F#3	3	378
17	17	63/2	63/2	0.25	1/4	1/4	2/4	2	1	1/16		1/16	1		10	58	A#3	3	378
17	17	63/2	63/2	0.25	1/4	1/4	2/4	1	2	1/16		1/16	1		6	66	F#4	4	370
17	17	63/2	63/2	0.25	1/4	1/4	2/4	1	2	1/16		1/16	1		10	70	A#4	4	370
17	17	63/2	63/2	0.25	1/4	1/4	2/4	1	1	1/16		1/16	1		6	78	F#5	5	362
17	17	127/4	127/4	0.25	5/16	5/16	2/4	2	3	1/16		1/16	1		0	48	C3	3	387
17	17	127/4	127/4	0.25	5/16	5/16	2/4	2	1	1/16		1/16	1		4	52	E3	3	379
17	17	127/4	127/4	0.25	5/16	5/16	2/4	2	1	1/16		1/16	1		6	54	F#3	3	379
17	17	127/4	127/4	0.25	5/16	5/16	2/4	2	1	1/16		1/16	1		10	58	A#3	3	379
17	17	127/4	127/4	0.25	5/16	5/16	2/4	1	2	1/16		1/16	1		8	68	G#4	4	371
17	17	127/4	127/4	0.25	5/16	5/16	2/4	1	2	1/16		1/16	1		10	70	A#4	4	371
17	17	127/4	127/4	0.25	5/16	5/16	2/4	1	1	1/16		1/16	1		8	80	G#5	5	363
17	17	32	32	0.25	3/8	3/8	2/4	2	3	1/16		1/16	1		0	48	C3	3	388
17	17	32	32	0.25	3/8	3/8	2/4	2	1	1/16		1/16	1		4	52	E3	3	380
17	17	32	32	0.25	3/8	3/8	2/4	2	1	1/16		1/16	1		6	54	F#3	3	380
17	17	32	32	0.25	3/8	3/8	2/4	2	1	1/16		1/16	1		10	58	A#3	3	380
17	17	32	32	0.25	3/8	3/8	2/4	1	2	1/16		1/16	1		4	64	E4	4	372
17	17	32	32	0.25	3/8	3/8	2/4	1	2	1/16		1/16	1		10	70	A#4	4	372
17	17	32	32	0.25	3/8	3/8	2/4	1	1	1/16		1/16	1		4	76	E5	5	364
17	17	129/4	129/4	0.25	7/16	7/16	2/4	2	3	1/16		1/16	1		0	48	C3	3	389
17	17	129/4	129/4	0.25	7/16	7/16	2/4	2	1	1/16		1/16	1		4	52	E3	3	381
17	17	129/4	129/4	0.25	7/16	7/16	2/4	2	1	1/16		1/16	1		6	54	F#3	3	381
17	17	129/4	129/4	0.25	7/16	7/16	2/4	2	1	1/16		1/16	1		10	58	A#3	3	381
17	17	129/4	129/4	0.25	7/16	7/16	2/4	1	2	1/16		1/16	1		6	66	F#4	4	373
17	17	129/4	129/4	0.25	7/16	7/16	2/4	1	2	1/16		1/16	1		10	70	A#4	4	373
17	17	129/4	129/4	0.25	7/16	7/16	2/4	1	1	1/16		1/16	1		6	78	F#5	5	365
18	18	65/2	65/2	2.0	0	0	2/4	2	3	1/2		1/2	1		5	47	B2	2	405
18	18	65/2	65/2	2.0	0	0	2/4	2	1	1/2		1/2	1		4	52	E3	3	404
18	18	65/2	65/2	2.0	0	0	2/4	2	1	1/2		1/2	1		8	56	G#3	3	404
18	18	65/2	65/2	2.0	0	0	2/4	2	1	1/2		1/2	1		5	59	B3	3	404
18	18	65/2	65/2	0.25	0	0	2/4	1	3	1/16		1/16	1		8	68	G#4	4	396
18	18	65/2	65/2	1.0	0	0	2/4	1	2	1/4		1/4	1		4	76	E5	5	395
18	18	65/2	65/2	1.0	0	0	2/4	1	1	1/4		1/4	1	1	8	80	G#5	5	390
18	18	131/4	131/4	0.25	1/16	1/16	2/4	1	3	1/16		1/16	1		5	71	B4	4	397
18	18	33	33	0.25	1/8	1/8	2/4	1	3	1/16		1/16	1		8	68	G#4	4	398
18	18	133/4	133/4	0.25	3/16	3/16	2/4	1	3	1/16		1/16	1		5	71	B4	4	399
18	18	67/2	67/2	0.25	1/4	1/4	2/4	1	3	1/16		1/16	1		8	68	G#4	4	400
18	18	67/2	67/2	0.25	1/4	1/4	2/4	1	1	1/16		1/16	1	-1	8	80	G#5	5	391
18	18	135/4	135/4	0.25	5/16	5/16	2/4	1	3	1/16		1/16	1		5	71	B4	4	401
18	18	135/4	135/4	0.25	5/16	5/16	2/4	1	1	1/16		1/16	1		6	78	F#5	5	392
18	18	34	34	0.25	3/8	3/8	2/4	1	3	1/16		1/16	1		8	68	G#4	4	402
18	18	34	34	0.25	3/8	3/8	2/4	1	1	1/16		1/16	1		4	76	E5	5	393
18	18	137/4	137/4	0.25	7/16	7/16	2/4	1	3	1/16		1/16	1		5	71	B4	4	403
18	18	137/4	137/4	0.25	7/16	7/16	2/4	1	1	1/16		1/16	1		7	73	C#5	5	394
19	19	69/2	69/2	0.25	0	0	2/4	2	1	1/16		1/16	1		6	54	F#3	3	419
19	19	69/2	69/2	0.25	0	0	2/4	1	3	1/16		1/16	1		9	63	D#4	4	411
19	19	69/2	69/2	1.0	0	0	2/4	1	1	1/4		1/4	1		9	75	D#5	5	406
19	19	139/4	139/4	0.25	1/16	1/16	2/4	2	1	1/16		1/16	1		5	59	B3	3	420
19	19	139/4	139/4	0.25	1/16	1/16	2/4	1	3	1/16		1/16	1		6	66	F#4	4	412
19	19	35	35	0.25	1/8	1/8	2/4	2	1	1/16		1/16	1		5	47	B2	2	421
19	19	35	35	0.25	1/8	1/8	2/4	1	3	1/16		1/16	1		9	63	D#4	4	413
19	19	141/4	141/4	0.25	3/16	3/16	2/4	2	1	1/16		1/16	1		5	59	B3	3	422
19	19	141/4	141/4	0.25	3/16	3/16	2/4	1	3	1/16		1/16	1		6	66	F#4	4	414
19	19	71/2	71/2	0.25	1/4	1/4	2/4	2	1	1/16		1/16	1		7	49	C#3	3	423
19	19	71/2	71/2	0.25	1/4	1/4	2/4	1	3	1/16		1/16	1		4	64	E4	4	415
19	19	71/2	71/2	0.25	1/4	1/4	2/4	1	1	1/16		1/16	1		4	76	E5	5	407
19	19	143/4	143/4	0.25	5/16	5/16	2/4	2	1	1/16		1/16	1		8	56	G#3	3	424
19	19	143/4	143/4	0.25	5/16	5/16	2/4	1	3	1/16		1/16	1		8	68	G#4	4	416
19	19	143/4	143/4	0.25	5/16	5/16	2/4	1	1	1/16		1/16	1		9	75	D#5	5	408
19	19	36	36	0.25	3/8	3/8	2/4	2	1	1/16		1/16	1		8	44	G#2	2	425
19	19	36	36	0.25	3/8	3/8	2/4	1	3	1/16		1/16	1		4	64	E4	4	417
19	19	36	36	0.25	3/8	3/8	2/4	1	1	1/16		1/16	1		7	73	C#5	5	409
19	19	145/4	145/4	0.25	7/16	7/16	2/4	2	1	1/16		1/16	1		8	56	G#3	3	426
19	19	145/4	145/4	0.25	7/16	7/16	2/4	1	1	1/16		1/16	1		8	68	G#4	4	410
19	19	145/4	145/4	0.25	7/16	7/16	2/4	1	3	1/16		1/16	1		8	68	G#4	4	418
20	20	73/2	73/2	0.25	0	0	2/4	2	1	1/16		1/16	1		9	51	D#3	3	440
20	20	73/2	73/2	0.25	0	0	2/4	1	3	1/16		1/16	1		5	59	B3	3	432
20	20	73/2	73/2	1.0	0	0	2/4	1	1	1/4		1/4	1		5	71	B4	4	427
20	20	147/4	147/4	0.25	1/16	1/16	2/4	2	1	1/16		1/16	1		8	56	G#3	3	441
20	20	147/4	147/4	0.25	1/16	1/16	2/4	1	3	1/16		1/16	1		9	63	D#4	4	433
20	20	37	37	0.25	1/8	1/8	2/4	2	1	1/16		1/16	1		8	44	G#2	2	442
20	20	37	37	0.25	1/8	1/8	2/4	1	3	1/16		1/16	1		5	59	B3	3	434
20	20	149/4	149/4	0.25	3/16	3/16	2/4	2	1	1/16		1/16	1		8	56	G#3	3	443
20	20	149/4	149/4	0.25	3/16	3/16	2/4	1	3	1/16		1/16	1		9	63	D#4	4	435
20	20	75/2	75/2	0.25	1/4	1/4	2/4	2	1	1/16		1/16	1		3	45	A2	2	444
20	20	75/2	75/2	0.25	1/4	1/4	2/4	1	3	1/16		1/16	1		7	61	C#4	4	436
20	20	75/2	75/2	0.25	1/4	1/4	2/4	1	1	1/16		1/16	1		7	73	C#5	5	428
20	20	151/4	151/4	0.25	5/16	5/16	2/4	2	1	1/16		1/16	1		4	52	E3	3	445
20	20	151/4	151/4	0.25	5/16	5/16	2/4	1	3	1/16		1/16	1		4	64	E4	4	437
20	20	151/4	151/4	0.25	5/16	5/16	2/4	1	1	1/16		1/16	1		5	71	B4	4	429
20	20	38	38	0.25	3/8	3/8	2/4	2	1	1/16		1/16	1		4	40	E2	2	446
20	20	38	38	0.25	3/8	3/8	2/4	1	3	1/16		1/16	1		7	61	C#4	4	438
20	20	38	38	0.25	3/8	3/8	2/4	1	1	1/16		1/16	1		3	69	A4	4	430
20	20	153/4	153/4	0.25	7/16	7/16	2/4	2	1	1/16		1/16	1		4	52	E3	3	447
20	20	153/4	153/4	0.25	7/16	7/16	2/4	1	1	1/16		1/16	1		4	64	E4	4	431
20	20	153/4	153/4	0.25	7/16	7/16	2/4	1	3	1/16		1/16	1		4	64	E4	4	439
21	21	77/2	77/2	0.25	0	0	2/4	2	1	1/16		1/16	1		5	47	B2	2	457
21	21	77/2	77/2	0.25	0	0	2/4	1	3	1/16		1/16	1		8	56	G#3	3	449
21	21	77/2	77/2	2.0	0	0	2/4	1	1	1/2		1/2	1		8	68	G#4	4	448
21	21	155/4	155/4	0.25	1/16	1/16	2/4	2	1	1/16		1/16	1		4	52	E3	3	458
21	21	155/4	155/4	0.25	1/16	1/16	2/4	1	3	1/16		1/16	1		5	59	B3	3	450
21	21	39	39	0.25	1/8	1/8	2/4	2	1	1/16		1/16	1		4	40	E2	2	459
21	21	39	39	0.25	1/8	1/8	2/4	1	3	1/16		1/16	1		8	56	G#3	3	451
21	21	157/4	157/4	0.25	3/16	3/16	2/4	2	1	1/16		1/16	1		4	52	E3	3	460
21	21	157/4	157/4	0.25	3/16	3/16	2/4	1	3	1/16		1/16	1		5	59	B3	3	452
21	21	79/2	79/2	0.25	1/4	1/4	2/4	2	1	1/16		1/16	1		5	47	B2	2	461
21	21	79/2	79/2	0.25	1/4	1/4	2/4	1	3	1/16		1/16	1		8	56	G#3	3	453
21	21	159/4	159/4	0.25	5/16	5/16	2/4	2	1	1/16		1/16	1		4	52	E3	3	462
21	21	159/4	159/4	0.25	5/16	5/16	2/4	1	3	1/16		1/16	1		5	59	B3	3	454
21	21	40	40	0.5	3/8	3/8	2/4	2	2	1/8		1/8	1	1	4	40	E2	2	464
21	21	40	40	0.25	3/8	3/8	2/4	1	3	1/16		1/16	1		8	56	G#3	3	455
21	21	161/4	161/4	0.25	7/16	7/16	2/4	2	1	1/16		1/16	1	1	5	47	B2	2	463
21	21	161/4	161/4	0.25	7/16	7/16	2/4	1	3	1/16		1/16	1		5	59	B3	3	456
22	22	81/2	81/2	0.0	0	0	2/4	1	1	0	grace16	1/16	1		8	68	G#4	4	465
22	22	81/2	81/2	0.0	0	0	2/4	1	1	0	grace16	1/16	1		6	66	F#4	4	466
22	22	81/2	81/2	1.0	0	0	2/4	2	2	1/4		1/4	1	-1	4	40	E2	2	470
22	22	81/2	81/2	1.0	0	0	2/4	2	1	1/4		1/4	1	-1	5	47	B2	2	469
22	22	81/2	81/2	1.0	0	0	2/4	2	1	1/4		1/4	1		4	52	E3	3	469
22	22	81/2	81/2	1.0	0	0	2/4	1	3	1/4		1/4	1		8	56	G#3	3	468
22	22	81/2	81/2	1.0	0	0	2/4	1	1	1/4		1/4	1		4	64	E4	4	467
