mc	mn	quarterbeats	quarterbeats_all_endings	duration_qb	mc_onset	mn_onset	event	timesig	staff	voice	duration	nominal_duration	scalar	chord_id	tempo	qpm	metronome_base	metronome_number	tempo_visible
1	0	0	0	0.0	0	5/4	Tempo	12/8	1	1	0				𝅘𝅥. =25	38.0	𝅘𝅥. 	25.0	0.0
1	0	0	0	0.21428571428571427	0	5/4	Chord	12/8	1	1	3/56	1/8	3/7	0					
1	0	3/14	3/14	0.21428571428571427	3/56	73/56	Chord	12/8	1	1	3/56	1/8	3/7	1					
1	0	3/7	3/7	0.21428571428571427	3/28	19/14	Chord	12/8	1	1	3/56	1/8	3/7	2					
1	0	9/14	9/14	0.21428571428571427	9/56	79/56	Chord	12/8	1	1	3/56	1/8	3/7	3					
1	0	6/7	6/7	0.21428571428571427	3/14	41/28	Chord	12/8	1	1	3/56	1/8	3/7	4					
1	0	15/14	15/14	0.21428571428571427	15/56	85/56	Chord	12/8	1	1	3/56	1/8	3/7	5					
1	0	9/7	9/7	0.21428571428571427	9/28	11/7	Chord	12/8	1	1	3/56	1/8	3/7	6					
1	0	0	0	0.25	0	5/4	Chord	12/8	2	1	1/16	1/16	1	7					
1	0	1/4	1/4	0.25	1/16	21/16	Chord	12/8	2	1	1/16	1/16	1	8					
1	0	1/2	1/2	0.25	1/8	11/8	Chord	12/8	2	1	1/16	1/16	1	9					
1	0	3/4	3/4	0.25	3/16	23/16	Chord	12/8	2	1	1/16	1/16	1	10					
1	0	1	1	0.25	1/4	3/2	Chord	12/8	2	1	1/16	1/16	1	11					
1	0	0	0	0.25	0	5/4	Chord	12/8	3	1	1/16	1/16	1	12					
1	0	1/4	1/4	0.25	1/16	21/16	Chord	12/8	3	1	1/16	1/16	1	13					
1	0	1/2	1/2	0.25	1/8	11/8	Chord	12/8	3	1	1/16	1/16	1	14					
1	0	3/4	3/4	0.25	3/16	23/16	Chord	12/8	3	1	1/16	1/16	1	15					
1	0	0	0	0.15	0	5/4	Chord	12/8	4	1	3/80	1/16	3/5	16					
1	0	3/20	3/20	0.15	3/80	103/80	Chord	12/8	4	1	3/80	1/16	3/5	17					
1	0	3/10	3/10	0.15	3/40	53/40	Chord	12/8	4	1	3/80	1/16	3/5	18					
1	0	9/20	9/20	0.15	9/80	109/80	Chord	12/8	4	1	3/80	1/16	3/5	19					
1	0	3/5	3/5	0.15	3/20	7/5	Chord	12/8	4	1	3/80	1/16	3/5	20					
2	1	1	1	6.0	0	0	Chord	12/8	1	1	3/2	1	3/2	21					
2	1	1	1	3.0	0	0	Chord	12/8	2	1	3/4	1/2	3/2	22					
2	1	4	4	2.0	3/4	3/4	Chord	12/8	2	1	1/2	1/2	1	23					
2	1	1	1	4.0	0	0	Chord	12/8	3	1	1	1	1	24					
2	1	1	1	3.0	0	0	Chord	12/8	4	1	3/4	1/2	3/2	25					
3	2	7	7	0.5	0	0	Chord	12/8	1	1	1/8	1/8	1	26					
3	2	15/2	15/2	0.5	1/8	1/8	Chord	12/8	1	1	1/8	1/8	1	27					
3	2	8	8	0.5	1/4	1/4	Chord	12/8	1	1	1/8	1/8	1	28					
3	2	7	7	0.25	0	0	Chord	12/8	2	1	1/16	1/16	1	29					
3	2	29/4	29/4	0.25	1/16	1/16	Chord	12/8	2	1	1/16	1/16	1	30					
3	2	15/2	15/2	0.25	1/8	1/8	Chord	12/8	2	1	1/16	1/16	1	31					
3	2	31/4	31/4	0.25	3/16	3/16	Chord	12/8	2	1	1/16	1/16	1	32					
3	2	8	8	0.25	1/4	1/4	Chord	12/8	2	1	1/16	1/16	1	33					
3	2	7	7	0.5	0	0	Chord	12/8	3	1	1/8	1/8	1	34					
3	2	15/2	15/2	0.5	1/8	1/8	Chord	12/8	3	1	1/8	1/8	1	35					
3	2	7	7	0.25	0	0	Chord	12/8	4	1	1/16	1/16	1	36					
3	2	29/4	29/4	0.25	1/16	1/16	Chord	12/8	4	1	1/16	1/16	1	37					
3	2	15/2	15/2	0.25	1/8	1/8	Chord	12/8	4	1	1/16	1/16	1	38					
4	2	8	8	0.5	0	0	Chord	12/8	1	1	1/8	1/8	1	39					
4	2	17/2	17/2	0.5	1/8	1/8	Chord	12/8	1	1	1/8	1/8	1	40					
4	2	9	9	0.5	1/4	1/4	Chord	12/8	1	1	1/8	1/8	1	41					
4	2	8	8	0.5	0	0	Chord	12/8	2	1	1/8	1/8	1	42					
4	2	17/2	17/2	0.5	1/8	1/8	Chord	12/8	2	1	1/8	1/8	1	43					
4	2	9	9	0.25	1/4	1/4	Chord	12/8	2	1	1/16	1/16	1	44					
4	2	8	8	0.5	0	0	Chord	12/8	3	1	1/8	1/8	1	45					
4	2	17/2	17/2	0.5	1/8	1/8	Chord	12/8	3	1	1/8	1/8	1	46					
4	2	8	8	0.75	0	0	Chord	12/8	4	1	3/16	1/8	3/2	47					
5	2	9	9	0.5	0	0	Chord	12/8	1	1	1/8	1/8	1	48					
5	2	19/2	19/2	0.5	1/8	1/8	Chord	12/8	1	1	1/8	1/8	1	49					
5	2	10	10	0.5	1/4	1/4	Chord	12/8	1	1	1/8	1/8	1	50					
5	2	21/2	21/2	0.5	3/8	3/8	Chord	12/8	1	1	1/8	1/8	1	51					
5	2	11	11	0.5	1/2	1/2	Chord	12/8	1	1	1/8	1/8	1	52					
5	2	23/2	23/2	0.5	5/8	5/8	Chord	12/8	1	1	1/8	1/8	1	53					
5	2	9	9	0.25	0	0	Chord	12/8	2	1	1/16	1/16	1	54					
5	2	37/4	37/4	0.5	1/16	1/16	Chord	12/8	2	1	1/8	1/8	1	55					
5	2	39/4	39/4	0.5	3/16	3/16	Chord	12/8	2	1	1/8	1/8	1	56					
5	2	41/4	41/4	0.5	5/16	5/16	Chord	12/8	2	1	1/8	1/8	1	57					
5	2	43/4	43/4	0.5	7/16	7/16	Chord	12/8	2	1	1/8	1/8	1	58					
5	2	45/4	45/4	0.25	9/16	9/16	Chord	12/8	2	1	1/16	1/16	1	59					
5	2	9	9	0.5	0	0	Chord	12/8	3	1	1/8	1/8	1	60					
5	2	19/2	19/2	0.5	1/8	1/8	Chord	12/8	3	1	1/8	1/8	1	61					
5	2	10	10	0.5	1/4	1/4	Chord	12/8	3	1	1/8	1/8	1	62					
5	2	21/2	21/2	0.5	3/8	3/8	Chord	12/8	3	1	1/8	1/8	1	63					
5	2	9	9	0.5	0	0	Chord	12/8	4	1	1/8	1/8	1	64					
5	2	19/2	19/2	0.5	1/8	1/8	Chord	12/8	4	1	1/8	1/8	1	65					
5	2	10	10	0.5	1/4	1/4	Chord	12/8	4	1	1/8	1/8	1	66					
6	2	11	11	0.5	0	0	Chord	12/8	1	1	1/8	1/8	1	67					
6	2	23/2	23/2	0.5	1/8	1/8	Chord	12/8	1	1	1/8	1/8	1	68					
6	2	12	12	0.5	1/4	1/4	Chord	12/8	1	1	1/8	1/8	1	69					
6	2	11	11	0.5	0	0	Chord	12/8	2	1	1/8	1/8	1	70					
6	2	23/2	23/2	0.5	1/8	1/8	Chord	12/8	2	1	1/8	1/8	1	71					
6	2	12	12	0.25	1/4	1/4	Chord	12/8	2	1	1/16	1/16	1	72					
6	2	11	11	0.5	0	0	Chord	12/8	3	1	1/8	1/8	1	73					
6	2	23/2	23/2	0.5	1/8	1/8	Chord	12/8	3	1	1/8	1/8	1	74					
6	2	11	11	0.75	0	0	Chord	12/8	4	1	3/16	1/8	3/2	75					
7	3	12	12	0.5	0	0	Chord	12/8	1	1	1/8	1/8	1	76					
7	3	25/2	25/2	0.5	1/8	1/8	Chord	12/8	1	1	1/8	1/8	1	77					
7	3	13	13	0.5	1/4	1/4	Chord	12/8	1	1	1/8	1/8	1	78					
7	3	27/2	27/2	1.5	3/8	3/8	Chord	12/8	1	1	3/8	1/4	3/2	79					
7	3	12	12	0.5	0	0	Chord	12/8	2	1	1/8	1/8	1	80					
7	3	25/2	25/2	0.5	1/8	1/8	Chord	12/8	2	1	1/8	1/8	1	81					
7	3	13	13	1.5	1/4	1/4	Chord	12/8	2	1	3/8	1/4	3/2	82					
7	3	12	12	0.5	0	0	Chord	12/8	3	1	1/8	1/8	1	83					
7	3	25/2	25/2	0.5	1/8	1/8	Chord	12/8	3	1	1/8	1/8	1	84					
7	3	13	13	1.0	1/4	1/4	Chord	12/8	3	1	1/4	1/4	1	85					
7	3	12	12	1.0	0	0	Chord	12/8	4	1	1/4	1/4	1	86					
7	3	13	13	0.5	1/4	1/4	Chord	12/8	4	1	1/8	1/8	1	87					
8	4	14	14	1.0	0	0	Chord	12/8	1	1	1/4	1/4	1	88					
8	4	15	15	1.0	1/4	1/4	Chord	12/8	1	1	1/4	1/4	1	89					
8	4	16	16	1.0	1/2	1/2	Chord	12/8	1	1	1/4	1/4	1	90					
8	4	17	17	1.0	3/4	3/4	Chord	12/8	1	1	1/4	1/4	1	91					
8	4	18	18	1.0	1	1	Chord	12/8	1	1	1/4	1/4	1	92					
8	4	19	19	1.0	5/4	5/4	Chord	12/8	1	1	1/4	1/4	1	93					
8	4	14	14	1.0	0	0	Chord	12/8	2	1	1/4	1/4	1	94					
8	4	15	15	1.0	1/4	1/4	Chord	12/8	2	1	1/4	1/4	1	95					
8	4	16	16	1.0	1/2	1/2	Chord	12/8	2	1	1/4	1/4	1	96					
8	4	17	17	1.0	3/4	3/4	Chord	12/8	2	1	1/4	1/4	1	97					
8	4	18	18	1.0	1	1	Chord	12/8	2	1	1/4	1/4	1	98					
8	4	14	14	1.0	0	0	Chord	12/8	3	1	1/4	1/4	1	99					
8	4	15	15	1.0	1/4	1/4	Chord	12/8	3	1	1/4	1/4	1	100					
8	4	16	16	1.0	1/2	1/2	Chord	12/8	3	1	1/4	1/4	1	101					
8	4	17	17	1.0	3/4	3/4	Chord	12/8	3	1	1/4	1/4	1	102					
8	4	14	14	1.0	0	0	Chord	12/8	4	1	1/4	1/4	1	103					
8	4	15	15	1.0	1/4	1/4	Chord	12/8	4	1	1/4	1/4	1	104					
8	4	16	16	1.0	1/2	1/2	Chord	12/8	4	1	1/4	1/4	1	105					
9	5	20	20	0.5	0	0	Chord	12/8	1	1	1/8	1/8	1	106					
9	5	41/2	41/2	0.5	1/8	1/8	Chord	12/8	1	1	1/8	1/8	1	107					
9	5	21	21	0.5	1/4	1/4	Chord	12/8	1	1	1/8	1/8	1	108					
9	5	43/2	43/2	0.5	3/8	3/8	Chord	12/8	1	1	1/8	1/8	1	109					
9	5	22	22	0.5	1/2	1/2	Chord	12/8	1	1	1/8	1/8	1	110					
9	5	45/2	45/2	0.5	5/8	5/8	Chord	12/8	1	1	1/8	1/8	1	111					
9	5	23	23	0.5	3/4	3/4	Chord	12/8	1	1	1/8	1/8	1	112					
9	5	47/2	47/2	0.5	7/8	7/8	Chord	12/8	1	1	1/8	1/8	1	113					
9	5	24	24	0.5	1	1	Chord	12/8	1	1	1/8	1/8	1	114					
9	5	49/2	49/2	0.5	9/8	9/8	Chord	12/8	1	1	1/8	1/8	1	115					
9	5	25	25	0.5	5/4	5/4	Chord	12/8	1	1	1/8	1/8	1	116					
9	5	51/2	51/2	0.5	11/8	11/8	Chord	12/8	1	1	1/8	1/8	1	117					
9	5	20	20	1.0	0	0	Chord	12/8	2	1	1/4	1/4	1	118					
9	5	21	21	1.0	1/4	1/4	Chord	12/8	2	1	1/4	1/4	1	119					
9	5	22	22	1.0	1/2	1/2	Chord	12/8	2	1	1/4	1/4	1	120					
9	5	23	23	1.0	3/4	3/4	Chord	12/8	2	1	1/4	1/4	1	121					
9	5	24	24	1.0	1	1	Chord	12/8	2	1	1/4	1/4	1	122					
9	5	20	20	0.5	0	0	Chord	12/8	3	1	1/8	1/8	1	123					
9	5	41/2	41/2	0.5	1/8	1/8	Chord	12/8	3	1	1/8	1/8	1	124					
9	5	21	21	0.5	1/4	1/4	Chord	12/8	3	1	1/8	1/8	1	125					
9	5	43/2	43/2	0.5	3/8	3/8	Chord	12/8	3	1	1/8	1/8	1	126					
9	5	22	22	0.5	1/2	1/2	Chord	12/8	3	1	1/8	1/8	1	127					
9	5	45/2	45/2	0.5	5/8	5/8	Chord	12/8	3	1	1/8	1/8	1	128					
9	5	23	23	0.5	3/4	3/4	Chord	12/8	3	1	1/8	1/8	1	129					
9	5	47/2	47/2	0.5	7/8	7/8	Chord	12/8	3	1	1/8	1/8	1	130					
9	5	20	20	1.5	0	0	Chord	12/8	4	1	3/8	1/4	3/2	131					
9	5	43/2	43/2	1.5	3/8	3/8	Chord	12/8	4	1	3/8	1/4	3/2	132					
10	6	26	26	0.5	0	0	Chord	12/8	1	1	1/8	1/8	1	133					
10	6	53/2	53/2	0.5	1/8	1/8	Chord	12/8	1	1	1/8	1/8	1	134					
10	6	27	27	0.5	1/4	1/4	Chord	12/8	1	1	1/8	1/8	1	135					
10	6	55/2	55/2	0.5	3/8	3/8	Chord	12/8	1	1	1/8	1/8	1	136					
10	6	28	28	0.5	1/2	1/2	Chord	12/8	1	1	1/8	1/8	1	137					
10	6	57/2	57/2	0.5	5/8	5/8	Chord	12/8	1	1	1/8	1/8	1	138					
10	6	29	29	0.5	3/4	3/4	Chord	12/8	1	1	1/8	1/8	1	139					
10	6	59/2	59/2	0.5	7/8	7/8	Chord	12/8	1	1	1/8	1/8	1	140					
10	6	30	30	0.5	1	1	Chord	12/8	1	1	1/8	1/8	1	141					
10	6	61/2	61/2	0.5	9/8	9/8	Chord	12/8	1	1	1/8	1/8	1	142					
10	6	31	31	0.5	5/4	5/4	Chord	12/8	1	1	1/8	1/8	1	143					
10	6	63/2	63/2	0.5	11/8	11/8	Chord	12/8	1	1	1/8	1/8	1	144					
10	6	26	26	1.0	0	0	Chord	12/8	2	1	1/4	1/4	1	145					
10	6	27	27	1.0	1/4	1/4	Chord	12/8	2	1	1/4	1/4	1	146					
10	6	28	28	1.0	1/2	1/2	Chord	12/8	2	1	1/4	1/4	1	147					
10	6	29	29	1.0	3/4	3/4	Chord	12/8	2	1	1/4	1/4	1	148					
10	6	30	30	1.0	1	1	Chord	12/8	2	1	1/4	1/4	1	149					
10	6	26	26	0.5	0	0	Chord	12/8	3	1	1/8	1/8	1	150					
10	6	53/2	53/2	0.5	1/8	1/8	Chord	12/8	3	1	1/8	1/8	1	151					
10	6	27	27	0.5	1/4	1/4	Chord	12/8	3	1	1/8	1/8	1	152					
10	6	55/2	55/2	0.5	3/8	3/8	Chord	12/8	3	1	1/8	1/8	1	153					
10	6	28	28	0.5	1/2	1/2	Chord	12/8	3	1	1/8	1/8	1	154					
10	6	57/2	57/2	0.5	5/8	5/8	Chord	12/8	3	1	1/8	1/8	1	155					
10	6	29	29	0.5	3/4	3/4	Chord	12/8	3	1	1/8	1/8	1	156					
10	6	59/2	59/2	0.5	7/8	7/8	Chord	12/8	3	1	1/8	1/8	1	157					
10	6	26	26	3.0	0	0	Chord	12/8	4	1	3/4	1/2	3/2	158					
11	7	32	32	0.5	0	0	Chord	12/8	1	1	1/8	1/8	1	159					
11	7	65/2	65/2	0.5	1/8	1/8	Chord	12/8	1	1	1/8	1/8	1	160					
11	7	33	33	0.5	1/4	1/4	Chord	12/8	1	1	1/8	1/8	1	161					
11	7	67/2	67/2	0.5	3/8	3/8	Chord	12/8	1	1	1/8	1/8	1	162					
11	7	34	34	0.5	1/2	1/2	Chord	12/8	1	1	1/8	1/8	1	163					
11	7	69/2	69/2	0.5	5/8	5/8	Chord	12/8	1	1	1/8	1/8	1	164					
11	7	35	35	0.5	3/4	3/4	Chord	12/8	1	1	1/8	1/8	1	165					
11	7	71/2	71/2	0.5	7/8	7/8	Chord	12/8	1	1	1/8	1/8	1	166					
11	7	36	36	0.5	1	1	Chord	12/8	1	1	1/8	1/8	1	167					
11	7	73/2	73/2	0.5	9/8	9/8	Chord	12/8	1	1	1/8	1/8	1	168					
11	7	37	37	0.5	5/4	5/4	Chord	12/8	1	1	1/8	1/8	1	169					
11	7	75/2	75/2	0.5	11/8	11/8	Chord	12/8	1	1	1/8	1/8	1	170					
11	7	32	32	1.0	0	0	Chord	12/8	2	1	1/4	1/4	1	171					
11	7	33	33	1.0	1/4	1/4	Chord	12/8	2	1	1/4	1/4	1	172					
11	7	34	34	1.0	1/2	1/2	Chord	12/8	2	1	1/4	1/4	1	173					
11	7	35	35	1.0	3/4	3/4	Chord	12/8	2	1	1/4	1/4	1	174					
11	7	36	36	1.0	1	1	Chord	12/8	2	1	1/4	1/4	1	175					
11	7	32	32	0.5	0	0	Chord	12/8	3	1	1/8	1/8	1	176					
11	7	65/2	65/2	0.5	1/8	1/8	Chord	12/8	3	1	1/8	1/8	1	177					
11	7	33	33	0.5	1/4	1/4	Chord	12/8	3	1	1/8	1/8	1	178					
11	7	67/2	67/2	0.5	3/8	3/8	Chord	12/8	3	1	1/8	1/8	1	179					
11	7	34	34	0.5	1/2	1/2	Chord	12/8	3	1	1/8	1/8	1	180					
11	7	69/2	69/2	0.5	5/8	5/8	Chord	12/8	3	1	1/8	1/8	1	181					
11	7	35	35	0.5	3/4	3/4	Chord	12/8	3	1	1/8	1/8	1	182					
11	7	71/2	71/2	0.5	7/8	7/8	Chord	12/8	3	1	1/8	1/8	1	183					
11	7	32	32	3.0	0	0	Chord	12/8	4	1	3/4	1/2	3/2	184					
12	8	77/2	77/2	0.5	1/8	1/8	Chord	12/8	1	1	1/8	1/8	1	185					
12	8	79/2	79/2	0.5	3/8	3/8	Chord	12/8	1	1	1/8	1/8	1	186					
12	8	81/2	81/2	0.5	5/8	5/8	Chord	12/8	1	1	1/8	1/8	1	187					
12	8	77/2	77/2	0.5	1/8	1/8	Chord	12/8	2	1	1/8	1/8	1	188					
12	8	79/2	79/2	0.5	3/8	3/8	Chord	12/8	2	1	1/8	1/8	1	189					
12	8	115/3	115/3	0.3333333333333333	1/12	1/12	Chord	12/8	3	1	1/12	1/8	2/3	190					
12	8	39	39	0.3333333333333333	1/4	1/4	Chord	12/8	3	1	1/12	1/8	2/3	191					
12	8	119/3	119/3	0.3333333333333333	5/12	5/12	Chord	12/8	3	1	1/12	1/8	2/3	192					
12	8	38	38	1.5	0	0	Chord	12/8	4	1	3/8	1/4	3/2	193					
13	8	81/2	81/2	0.5	1/8	1/8	Chord	12/8	1	1	1/8	1/8	1	194					
13	8	83/2	83/2	0.5	3/8	3/8	Chord	12/8	1	1	1/8	1/8	1	195					
13	8	85/2	85/2	0.5	5/8	5/8	Chord	12/8	1	1	1/8	1/8	1	196					
13	8	40	40	0.5	0	0	Chord	12/8	2	1	1/8	1/8	1	197					
13	8	41	41	0.5	1/4	1/4	Chord	12/8	2	1	1/8	1/8	1	198					
13	8	42	42	0.5	1/2	1/2	Chord	12/8	2	1	1/8	1/8	1	199					
13	8	121/3	121/3	0.3333333333333333	1/12	1/12	Chord	12/8	3	1	1/12	1/8	2/3	200					
13	8	41	41	0.3333333333333333	1/4	1/4	Chord	12/8	3	1	1/12	1/8	2/3	201					
13	8	125/3	125/3	0.3333333333333333	5/12	5/12	Chord	12/8	3	1	1/12	1/8	2/3	202					
13	8	40	40	1.5	0	0	Chord	12/8	4	1	3/8	1/4	3/2	203					
14	9	42	42	0.5	0	0	Chord	12/8	1	1	1/8	1/8	1	204					
14	9	85/2	85/2	0.5714285714285714	1/8	1/8	Chord	12/8	1	1	1/7	1/4	4/7	205					
14	9	603/14	603/14	0.5714285714285714	15/56	15/56	Chord	12/8	1	1	1/7	1/4	4/7	206					
14	9	611/14	611/14	0.5714285714285714	23/56	23/56	Chord	12/8	1	1	1/7	1/4	4/7	207					
14	9	619/14	619/14	0.5714285714285714	31/56	31/56	Chord	12/8	1	1	1/7	1/4	4/7	208					
14	9	627/14	627/14	0.5714285714285714	39/56	39/56	Chord	12/8	1	1	1/7	1/4	4/7	209					
14	9	635/14	635/14	0.5714285714285714	47/56	47/56	Chord	12/8	1	1	1/7	1/4	4/7	210					
14	9	643/14	643/14	0.5714285714285714	55/56	55/56	Chord	12/8	1	1	1/7	1/4	4/7	211					
14	9	42	42	0.25	0	0	Chord	12/8	2	1	1/16	1/16	1	212					
14	9	169/4	169/4	0.25	1/16	1/16	Chord	12/8	2	1	1/16	1/16	1	213					
14	9	85/2	85/2	0.25	1/8	1/8	Chord	12/8	2	1	1/16	1/16	1	214					
14	9	171/4	171/4	0.25	3/16	3/16	Chord	12/8	2	1	1/16	1/16	1	215					
14	9	43	43	0.25	1/4	1/4	Chord	12/8	2	1	1/16	1/16	1	216					
14	9	173/4	173/4	0.25	5/16	5/16	Chord	12/8	2	1	1/16	1/16	1	217					
14	9	87/2	87/2	0.25	3/8	3/8	Chord	12/8	2	1	1/16	1/16	1	218					
14	9	175/4	175/4	0.25	7/16	7/16	Chord	12/8	2	1	1/16	1/16	1	219					
14	9	44	44	0.25	1/2	1/2	Chord	12/8	2	1	1/16	1/16	1	220					
14	9	177/4	177/4	0.25	9/16	9/16	Chord	12/8	2	1	1/16	1/16	1	221					
14	9	89/2	89/2	0.25	5/8	5/8	Chord	12/8	2	1	1/16	1/16	1	222					
14	9	179/4	179/4	0.25	11/16	11/16	Chord	12/8	2	1	1/16	1/16	1	223					
14	9	45	45	0.25	3/4	3/4	Chord	12/8	2	1	1/16	1/16	1	224					
14	9	181/4	181/4	0.25	13/16	13/16	Chord	12/8	2	1	1/16	1/16	1	225					
14	9	91/2	91/2	0.25	7/8	7/8	Chord	12/8	2	1	1/16	1/16	1	226					
14	9	42	42	0.5	0	0	Chord	12/8	3	1	1/8	1/8	1	227					
14	9	85/2	85/2	0.5	1/8	1/8	Chord	12/8	3	1	1/8	1/8	1	228					
14	9	43	43	0.5	1/4	1/4	Chord	12/8	3	1	1/8	1/8	1	229					
14	9	87/2	87/2	0.5	3/8	3/8	Chord	12/8	3	1	1/8	1/8	1	230					
14	9	44	44	0.5	1/2	1/2	Chord	12/8	3	1	1/8	1/8	1	231					
14	9	89/2	89/2	0.5	5/8	5/8	Chord	12/8	3	1	1/8	1/8	1	232					
14	9	42	42	2.0	0	0	Chord	12/8	4	1	1/2	1/2	1	233					
14	9	44	44	0.25	1/2	1/2	Chord	12/8	4	1	1/16	1/16	1	234					
