mc	mn	quarterbeats	quarterbeats_all_endings	duration_qb	mc_onset	mn_onset	timesig	staff	voice	volta	label	globalkey	localkey	pedal	chord	special	numeral	form	figbass	changes	relativeroot	pedalend	cadence	phraseend	chord_type	globalkey_is_minor	localkey_is_minor	chord_tones	added_tones	root	bass_note
1	0	0	0	9.0	0	3/4	2/2	1	1		.c.i	c	i		i		i								m	1	1	0, -3, 1		0	0
4	3	9	9	1.0	0	0	2/2	1	1		V65	c	i		V65		V		65						Mm7	1	1	5, 2, -1, 1		1	5
4	3	10	10	1.0	1/4	1/4	2/2	1	1		i	c	i		i		i								m	1	1	0, -3, 1		0	0
4	3	11	11	1.0	1/2	1/2	2/2	1	1		V	c	i		V		V								M	1	1	1, 5, 2		1	1
4	3	12	12	1.0	3/4	3/4	2/2	1	1		i	c	i		i		i								m	1	1	0, -3, 1		0	0
5	4	13	13	4.0	0	0	2/2	1	1		V	c	i		V		V								M	1	1	1, 5, 2		1	1
6	5	17	17	4.0	0	0	2/2	1	1		i	c	i		i		i								m	1	1	0, -3, 1		0	0
7	6	21	21	3.0	0	0	2/2	1	1		v.iv	c	v		iv		iv								m	1	1	-1, -4, 0		-1	-1
7	6	24	24	1.0	3/4	3/4	2/2	1	1		#viio7/V	c	v		#viio7/V		#vii	o	7		V				o7	1	1	6, 3, 0, -3		6	6
8	7	25	25	1.0	0	0	2/2	1	1		V(64)	c	v		V(64)		V			64					M	1	1	1, 0, -3		1	1
8	7	26	26	1.0	1/4	1/4	2/2	1	1		.It6	c	v		It6	It	vii	o	6	b3	V				It	1	1	-4, 0, 6		6	-4
8	7	27	27	1.0	1/2	1/2	2/2	1	1		V(64)	c	v		V(64)		V			64					M	1	1	1, 0, -3		1	1
8	7	28	28	1.0	3/4	3/4	2/2	1	1		V	c	v		V		V								M	1	1	1, 5, 2		1	1
9	8	29	29	4.0	0	0	2/2	1	1		i\\	c	v		i		i							\\	m	1	1	0, -3, 1		0	0
11	9	33	33	2.0	0	0	2/2	1	1		i.V7/iv	c	i		V7/iv		V		7		iv				Mm7	1	1	0, 4, 1, -2		0	0
11	9	35	35	2.0	1/2	1/2	2/2	1	1		iv	c	i		iv		iv								m	1	1	-1, -4, 0		-1	-1
12	10	37	37	2.0	0	0	2/2	1	1		VII7	c	i		VII7		VII		7						Mm7	1	1	-2, 2, -1, -4		-2	-2
12	10	39	39	2.0	1/2	1/2	2/2	1	1		III	c	i		III		III								M	1	1	-3, 1, -2		-3	-3
13	11	41	41	2.0	0	0	2/2	1	1		iv6(9)	c	i		iv6(9)		iv		6	9					m	1	1	-4, 0, -1	1	-1	-4
13	11	43	43	1.0	1/2	1/2	2/2	1	1		ii%43	c	i		ii%43		ii	%	43						%7	1	1	-4, 0, 2, -1		2	-4
13	11	44	44	1.0	3/4	3/4	2/2	1	1		.It6	c	i		It6	It	vii	o	6	b3	V				It	1	1	-4, 0, 6		6	-4
14	12	45	45	4.0	0	0	2/2	1	1		V\\	c	i		V		V							\\	M	1	1	1, 5, 2		1	1
15	13	49	49	4.0	0	0	2/2	1	1		i	c	i		i		i								m	1	1	0, -3, 1		0	0
16	14	53	53	1.0	0	0	2/2	1	1		i6	c	i		i6		i		6						m	1	1	-3, 1, 0		0	-3
16	14	54	54	1.0	1/4	1/4	2/2	1	1		V2/iv	c	i		V2/iv		V		2		iv				Mm7	1	1	-2, 0, 4, 1		0	-2
16	14	55	55	1.0	1/2	1/2	2/2	1	1		iv65	c	i		iv65		iv		65						mm7	1	1	-4, 0, -3, -1		-1	-4
16	14	56	56	1.0	3/4	3/4	2/2	1	1		V64/iv	c	i		V64/iv		V		64		iv				M	1	1	1, 0, 4		0	1
17	15	57	57	1.0	0	0	2/2	1	1		iv	c	i		iv		iv								m	1	1	-1, -4, 0		-1	-1
17	15	58	58	1.0	1/4	1/4	2/2	1	1		.It6	c	i		It6	It	vii	o	6	b3	V				It	1	1	-4, 0, 6		6	-4
17	15	59	59	1.0	1/2	1/2	2/2	1	1		V(64)	c	i		V(64)		V			64					M	1	1	1, 0, -3		1	1
17	15	60	60	1.0	3/4	3/4	2/2	1	1		V	c	i		V		V								M	1	1	1, 5, 2		1	1
18	16	61	61	4.0	0	0	2/2	1	1		i\\	c	i		i		i							\\	m	1	1	0, -3, 1		0	0
20	17	65	65	4.0	0	0	2/2	1	1		VI.I	c	VI		I		I								M	1	0	0, 4, 1		0	0
21	18	69	69	4.0	0	0	2/2	1	1		V43	c	VI		V43		V		43						Mm7	1	0	2, -1, 1, 5		1	2
22	19	73	73	2.0	0	0	2/2	1	1		I6	c	VI		I6		I		6						M	1	0	4, 1, 0		0	4
22	19	75	75	2.0	1/2	1/2	2/2	1	1		#viio6/V	c	VI		#viio6/V		#vii	o	6		V				o	1	0	3, 0, 6		6	3
23	20	77	77	2.0	0	0	2/2	1	1		V(4)	c	VI		V(4)		V			4					M	1	0	1, 0, 2		1	1
23	20	79	79	2.0	1/2	1/2	2/2	1	1		V7	c	VI		V7		V		7						Mm7	1	0	1, 5, 2, -1		1	1
24	21	81	81	2.0	0	0	2/2	1	1		#viio43/ii	c	VI		#viio43/ii		#vii	o	43		ii				o7	1	0	1, -2, 7, 4		7	1
24	21	83	83	2.0	1/2	1/2	2/2	1	1		ii6	c	VI		ii6		ii		6						m	1	0	-1, 3, 2		2	-1
25	22	85	85	2.0	0	0	2/2	1	1		viio43	c	VI		viio43		vii	o	43						o7	1	0	-1, -4, 5, 2		5	-1
25	22	87	87	2.0	1/2	1/2	2/2	1	1		I6	c	VI		I6		I		6						M	1	0	4, 1, 0		0	4
26	23	89	89	1.0	0	0	2/2	1	1		ii6(94)	c	VI		ii6(94)		ii		6	94					m	1	0	1, 3, 2	4	2	1
26	23	90	90	1.0	1/4	1/4	2/2	1	1		ii6	c	VI		ii6		ii		6						m	1	0	-1, 3, 2		2	-1
26	23	91	91	1.0	1/2	1/2	2/2	1	1		V(64)	c	VI		V(64)		V			64					M	1	0	1, 0, 4		1	1
26	23	92	92	1.0	3/4	3/4	2/2	1	1		V7	c	VI		V7		V		7						Mm7	1	0	1, 5, 2, -1		1	1
27	24	93	93	2.0	0	0	2/2	1	1		I(974)	c	VI		I(974)		I			974					M	1	0	0, -1, 1	2, 5	0	0
27	24	95	95	2.0	1/2	1/2	2/2	1	1		I\\	c	VI		I		I							\\	M	1	0	0, 4, 1		0	0
29	25	97	97	4.0	0	0	2/2	1	1		V	c	VI		V		V								M	1	0	1, 5, 2		1	1
30	26	101	101	4.0	0	0	2/2	1	1		V7/V	c	VI		V7/V		V		7		V				Mm7	1	0	2, 6, 3, 0		2	2
31	27	105	105	0.0	0	0	2/2	1	1		V	c	VI		V		V								M	1	0	1, 5, 2		1	1
31	27	105	105	4.0	0	0	2/2	1	1		V7	c	VI		V7		V		7						Mm7	1	0	1, 5, 2, -1		1	1
32	28	109	109	4.0	0	0	2/2	1	1		I	c	VI		I		I								M	1	0	0, 4, 1		0	0
33	29	113	113	4.0	0	0	2/2	1	1		V	c	VI		V		V								M	1	0	1, 5, 2		1	1
34	30	117	117	4.0	0	0	2/2	1	1		V7/V	c	VI		V7/V		V		7		V				Mm7	1	0	2, 6, 3, 0		2	2
35	31	121	121	2.0	0	0	2/2	1	1		V	c	VI		V		V								M	1	0	1, 5, 2		1	1
35	31	123	123	2.0	1/2	1/2	2/2	1	1		V7	c	VI		V7		V		7						Mm7	1	0	1, 5, 2, -1		1	1
36	32	125	125	2.0	0	0	2/2	1	1		vi7	c	VI		vi7		vi		7						mm7	1	0	3, 0, 4, 1		3	3
36	32	127	127	1.0	1/2	1/2	2/2	1	1		V6	c	VI		V6		V		6						M	1	0	5, 2, 1		1	5
36	32	128	128	1.0	3/4	3/4	2/2	1	1		V65	c	VI		V65		V		65						Mm7	1	0	5, 2, -1, 1		1	5
37	33	129	129	4.0	0	0	2/2	1	1		I	c	VI		I		I								M	1	0	0, 4, 1		0	0
38	34	133	133	4.0	0	0	2/2	1	1		V43	c	VI		V43		V		43						Mm7	1	0	2, -1, 1, 5		1	2
39	35	137	137	2.0	0	0	2/2	1	1		I6	c	VI		I6		I		6						M	1	0	4, 1, 0		0	4
39	35	139	139	2.0	1/2	1/2	2/2	1	1		#viio6/V	c	VI		#viio6/V		#vii	o	6		V				o	1	0	3, 0, 6		6	3
40	36	141	141	2.0	0	0	2/2	1	1		V(4)	c	VI		V(4)		V			4					M	1	0	1, 0, 2		1	1
40	36	143	143	2.0	1/2	1/2	2/2	1	1		V7	c	VI		V7		V		7						Mm7	1	0	1, 5, 2, -1		1	1
41	37	145	145	2.0	0	0	2/2	1	1		V2/ii	c	VI		V2/ii		V		2		ii				Mm7	1	0	1, 3, 7, 4		3	1
41	37	147	147	2.0	1/2	1/2	2/2	1	1		ii6	c	VI		ii6		ii		6						m	1	0	-1, 3, 2		2	-1
42	38	149	149	1.0	0	0	2/2	1	1		viio64	c	VI		viio64		vii	o	64						o	1	0	-1, 5, 2		5	-1
42	38	150	150	1.0	1/4	1/4	2/2	1	1		V2	c	VI		V2		V		2						Mm7	1	0	-1, 1, 5, 2		1	-1
42	38	151	151	1.0	1/2	1/2	2/2	1	1		I6	c	VI		I6		I		6						M	1	0	4, 1, 0		0	4
42	38	152	152	1.0	3/4	3/4	2/2	1	1		I+6	c	VI		I+6		I	+	6						+	1	0	4, 8, 0		0	4
43	39	153	153	1.0	0	0	2/2	1	1		IV	c	VI		IV		IV								M	1	0	-1, 3, 0		-1	-1
43	39	154	154	1.0	1/4	1/4	2/2	1	1		ii6	c	VI		ii6		ii		6						m	1	0	-1, 3, 2		2	-1
43	39	155	155	6.0	1/2	1/2	2/2	1	1		V7	c	VI		V7		V		7						Mm7	1	0	1, 5, 2, -1		1	1
44	40		157		0	0	2/2	1	1	1	I(94)	c	VI		I(94)		I			94					M	1	0	0, -1, 1	2	0	0
44	40		159		1/2	1/2	2/2	1	1	1	I\\	c	VI		I		I							\\	M	1	0	0, 4, 1		0	0
46	42	161	165	8.0	0	0	2/2	1	1		i.i	c	i		i		i								m	1	1	0, -3, 1		0	0
48	44	169	173	1.0	0	0	2/2	1	1		V65	c	i		V65		V		65						Mm7	1	1	5, 2, -1, 1		1	5
48	44	170	174	1.0	1/4	1/4	2/2	1	1		i	c	i		i		i								m	1	1	0, -3, 1		0	0
48	44	171	175	1.0	1/2	1/2	2/2	1	1		V	c	i		V		V								M	1	1	1, 5, 2		1	1
48	44	172	176	1.0	3/4	3/4	2/2	1	1		i	c	i		i		i								m	1	1	0, -3, 1		0	0
49	45	173	177	4.0	0	0	2/2	1	1		V\\	c	i		V		V							\\	M	1	1	1, 5, 2		1	1
50	46	177	181	4.0	0	0	2/2	1	1		i	c	i		i		i								m	1	1	0, -3, 1		0	0
51	47	181	185	3.0	0	0	2/2	1	1		v.iv	c	v		iv		iv								m	1	1	-1, -4, 0		-1	-1
51	47	184	188	1.0	3/4	3/4	2/2	1	1		#viio7/V	c	v		#viio7/V		#vii	o	7		V				o7	1	1	6, 3, 0, -3		6	6
52	48	185	189	1.0	0	0	2/2	1	1		V(64)	c	v		V(64)		V			64					M	1	1	1, 0, -3		1	1
52	48	186	190	1.0	1/4	1/4	2/2	1	1		.It6	c	v		It6	It	vii	o	6	b3	V				It	1	1	-4, 0, 6		6	-4
52	48	187	191	1.0	1/2	1/2	2/2	1	1		V(64)	c	v		V(64)		V			64					M	1	1	1, 0, -3		1	1
52	48	188	192	1.0	3/4	3/4	2/2	1	1		V	c	v		V		V								M	1	1	1, 5, 2		1	1
53	49	189	193	4.0	0	0	2/2	1	1		i\\	c	v		i		i							\\	m	1	1	0, -3, 1		0	0
54	50	193	197	8.0	0	0	2/2	1	1		i.i	c	i		i		i								m	1	1	0, -3, 1		0	0
56	52	201	205	1.0	0	0	2/2	1	1		V65	c	i		V65		V		65						Mm7	1	1	5, 2, -1, 1		1	5
56	52	202	206	1.0	1/4	1/4	2/2	1	1		i	c	i		i		i								m	1	1	0, -3, 1		0	0
56	52	203	207	1.0	1/2	1/2	2/2	1	1		V	c	i		V		V								M	1	1	1, 5, 2		1	1
56	52	204	208	1.0	3/4	3/4	2/2	1	1		i	c	i		i		i								m	1	1	0, -3, 1		0	0
57	53	205	209	4.0	0	0	2/2	1	1		V\\	c	i		V		V							\\	M	1	1	1, 5, 2		1	1
58	54	209	213	4.0	0	0	2/2	1	1		i	c	i		i		i								m	1	1	0, -3, 1		0	0
59	55	213	217	2.0	0	0	2/2	1	1		v.iv	c	v		iv		iv								m	1	1	-1, -4, 0		-1	-1
59	55	215	219	2.0	1/2	1/2	2/2	1	1		#viio7/V	c	v		#viio7/V		#vii	o	7		V				o7	1	1	6, 3, 0, -3		6	6
60	56	217	221	1.0	0	0	2/2	1	1		i64	c	v		i64		i		64						m	1	1	1, 0, -3		0	1
60	56	218	222	1.0	1/4	1/4	2/2	1	1		VI	c	v		VI		VI								M	1	1	-4, 0, -3		-4	-4
60	56	219	223	1.0	1/2	1/2	2/2	1	1		V65/V	c	v		V65/V		V		65		V				Mm7	1	1	6, 3, 0, 2		2	6
60	56	220	224	1.0	3/4	3/4	2/2	1	1		V7	c	v		V7		V		7						Mm7	1	1	1, 5, 2, -1		1	1
61	57	221	225	4.0	0	0	2/2	1	1		i\\	c	v		i		i							\\	m	1	1	0, -3, 1		0	0
62	58	225	229	1.0	0	0	2/2	1	1		i.V6/iv	c	i		V6/iv		V		6		iv				M	1	1	4, 1, 0		0	4
62	58	226	230	1.0	1/4	1/4	2/2	1	1		V7/iv	c	i		V7/iv		V		7		iv				Mm7	1	1	0, 4, 1, -2		0	0
62	58	227	231	2.0	1/2	1/2	2/2	1	1		iv	c	i		iv		iv								m	1	1	-1, -4, 0		-1	-1
63	59	229	233	2.0	0	0	2/2	1	1		VII7	c	i		VII7		VII		7						Mm7	1	1	-2, 2, -1, -4		-2	-2
63	59	231	235	2.0	1/2	1/2	2/2	1	1		III	c	i		III		III								M	1	1	-3, 1, -2		-3	-3
64	60	233	237	2.0	0	0	2/2	1	1		iv6	c	i		iv6		iv		6						m	1	1	-4, 0, -1		-1	-4
64	60	235	239	1.0	1/2	1/2	2/2	1	1		ii%43	c	i		ii%43		ii	%	43						%7	1	1	-4, 0, 2, -1		2	-4
64	60	236	240	1.0	3/4	3/4	2/2	1	1		.It6	c	i		It6	It	vii	o	6	b3	V				It	1	1	-4, 0, 6		6	-4
65	61	237	241	4.0	0	0	2/2	1	1		V\\	c	i		V		V							\\	M	1	1	1, 5, 2		1	1
66	62	241	245	4.0	0	0	2/2	1	1		i	c	i		i		i								m	1	1	0, -3, 1		0	0
67	63	245	249	1.0	0	0	2/2	1	1		i	c	i		i		i								m	1	1	0, -3, 1		0	0
67	63	246	250	1.0	1/4	1/4	2/2	1	1		V2/iv	c	i		V2/iv		V		2		iv				Mm7	1	1	-2, 0, 4, 1		0	-2
67	63	247	251	1.0	1/2	1/2	2/2	1	1		iv65	c	i		iv65		iv		65						mm7	1	1	-4, 0, -3, -1		-1	-4
67	63	248	252	1.0	3/4	3/4	2/2	1	1		V64/iv	c	i		V64/iv		V		64		iv				M	1	1	1, 0, 4		0	1
68	64	249	253	1.0	0	0	2/2	1	1		iv	c	i		iv		iv								m	1	1	-1, -4, 0		-1	-1
68	64	250	254	1.0	1/4	1/4	2/2	1	1		.It6	c	i		It6	It	vii	o	6	b3	V				It	1	1	-4, 0, 6		6	-4
68	64	251	255	1.0	1/2	1/2	2/2	1	1		V(64)	c	i		V(64)		V			64					M	1	1	1, 0, -3		1	1
68	64	252	256	1.0	3/4	3/4	2/2	1	1		V	c	i		V		V								M	1	1	1, 5, 2		1	1
69	65	253	257	4.0	0	0	2/2	1	1		i\\	c	i		i		i							\\	m	1	1	0, -3, 1		0	0
70	66	257	261	2.0	0	0	2/2	1	1		V7/iv	c	i		V7/iv		V		7		iv				Mm7	1	1	0, 4, 1, -2		0	0
70	66	259	263	2.0	1/2	1/2	2/2	1	1		iv	c	i		iv		iv								m	1	1	-1, -4, 0		-1	-1
71	67	261	265	2.0	0	0	2/2	1	1		V7/III	c	i		V7/III		V		7		III				Mm7	1	1	-2, 2, -1, -4		-2	-2
71	67	263	267	2.0	1/2	1/2	2/2	1	1		III	c	i		III		III								M	1	1	-3, 1, -2		-3	-3
72	68	265	269	2.0	0	0	2/2	1	1		VI	c	i		VI		VI								M	1	1	-4, 0, -3		-4	-4
72	68	267	271	2.0	1/2	1/2	2/2	1	1		.Ger6	c	i		Ger6	Ger	vii	o	65	b3	V				Ger	1	1	-4, 0, -3, 6		6	-4
73	69	269	273	1.0	0	0	2/2	1	1		V\\	c	i		V		V							\\	M	1	1	1, 5, 2		1	1
73	69	270	274	1.0	1/4	1/4	2/2	1	1		V2	c	i		V2		V		2						Mm7	1	1	-1, 1, 5, 2		1	-1
73	69	271	275	1.0	1/2	1/2	2/2	1	1		i6	c	i		i6		i		6						m	1	1	-3, 1, 0		0	-3
73	69	272	276	1.0	3/4	3/4	2/2	1	1		#viio6	c	i		#viio6		#vii	o	6						o	1	1	2, -1, 5		5	2
74	70	273	277	5.0	0	0	2/2	1	1		i	c	i		i		i								m	1	1	0, -3, 1		0	0
75	71	278	282	1.0	1/4	1/4	2/2	1	1		V2/iv	c	i		V2/iv		V		2		iv				Mm7	1	1	-2, 0, 4, 1		0	-2
75	71	279	283	1.0	1/2	1/2	2/2	1	1		iv65	c	i		iv65		iv		65						mm7	1	1	-4, 0, -3, -1		-1	-4
75	71	280	284	1.0	3/4	3/4	2/2	1	1		V64/iv	c	i		V64/iv		V		64		iv				M	1	1	1, 0, 4		0	1
76	72	281	285	1.0	0	0	2/2	1	1		iv	c	i		iv		iv								m	1	1	-1, -4, 0		-1	-1
76	72	282	286	1.0	1/4	1/4	2/2	1	1		ii%65	c	i		ii%65		ii	%	65						%7	1	1	-1, -4, 0, 2		2	-1
76	72	283	287	1.0	1/2	1/2	2/2	1	1		V(64)	c	i		V(64)		V			64					M	1	1	1, 0, -3		1	1
76	72	284	288	1.0	3/4	3/4	2/2	1	1		V7	c	i		V7		V		7						Mm7	1	1	1, 5, 2, -1		1	1
77	73	285	289	4.0	0	0	2/2	1	1		i\\	c	i		i		i							\\	m	1	1	0, -3, 1		0	0
79	74	289	293	4.0	0	0	2/2	1	1		I.I	c	I		I		I								M	1	0	0, 4, 1		0	0
80	75	293	297	4.0	0	0	2/2	1	1		I[I	c	I	I	I		I								M	1	0	0, 4, 1		0	0
81	76	297	301	1.0	0	0	2/2	1	1		IV	c	I		IV		IV								M	1	0	-1, 3, 0		-1	-1
81	76	298	302	1.0	1/4	1/4	2/2	1	1		I6	c	I		I6		I		6						M	1	0	4, 1, 0		0	4
81	76	299	303	1.0	1/2	1/2	2/2	1	1		IV64	c	I		IV64		IV		64						M	1	0	0, -1, 3		-1	0
81	76	300	304	1.0	3/4	3/4	2/2	1	1		III6	c	I		III6		III		6						M	1	0	8, 5, 4		4	8
82	77	301	305	1.0	0	0	2/2	1	1		ii6	c	I		ii6		ii		6						m	1	0	-1, 3, 2		2	-1
82	77	302	306	1.0	1/4	1/4	2/2	1	1		I6	c	I		I6		I		6						M	1	0	4, 1, 0		0	4
82	77	303	307	1.0	1/2	1/2	2/2	1	1		viio6	c	I		viio6		vii	o	6						o	1	0	2, -1, 5		5	2
82	77	304	308	1.0	3/4	3/4	2/2	1	1		V.ii6	c	V		ii6		ii		6						m	1	0	-1, 3, 2		2	-1
83	78	305	309	2.0	0	0	2/2	1	1		V(64)	c	V		V(64)		V			64					M	1	0	1, 0, 4		1	1
83	78	307	311	2.0	1/2	1/2	2/2	1	1		V7	c	V		V7		V		7						Mm7	1	0	1, 5, 2, -1		1	1
84	79	309	313	3.0	0	0	2/2	1	1		I\\	c	V		I		I							\\	M	1	0	0, 4, 1		0	0
85	79	312	316	1.0	0	3/4	2/2	1	1		V	c	V		V		V								M	1	0	1, 5, 2		1	1
86	80	313	317	5.0	0	0	2/2	1	1		I	c	V		I		I								M	1	0	0, 4, 1		0	0
87	81	318	322	1.0	1/4	1/4	2/2	1	1		IV64	c	V		IV64		IV		64						M	1	0	0, -1, 3		-1	0
87	81	319	323	6.0	1/2	1/2	2/2	1	1		I	c	V		I		I								M	1	0	0, 4, 1		0	0
89	83	325	329	1.0	0	0	2/2	1	1		I.V[V	c	I	V	V		V								M	1	0	1, 5, 2		1	1
89	83	326	330	1.0	1/4	1/4	2/2	1	1		I	c	I		I		I								M	1	0	0, 4, 1		0	0
89	83	327	331	1.0	1/2	1/2	2/2	1	1		V43	c	I		V43		V		43						Mm7	1	0	2, -1, 1, 5		1	2
89	83	328	332	1.0	3/4	3/4	2/2	1	1		I6	c	I		I6		I		6						M	1	0	4, 1, 0		0	4
90	84	329	333	1.0	0	0	2/2	1	1		IV	c	I		IV		IV								M	1	0	-1, 3, 0		-1	-1
90	84	330	334	1.0	1/4	1/4	2/2	1	1		I6	c	I		I6		I		6						M	1	0	4, 1, 0		0	4
90	84	331	335	1.0	1/2	1/2	2/2	1	1		IV6	c	I		IV6		IV		6						M	1	0	3, 0, -1		-1	3
90	84	332	336	1.0	3/4	3/4	2/2	1	1		iii6	c	I		iii6		iii		6						m	1	0	1, 5, 4		4	1
91	85	333	337	1.0	0	0	2/2	1	1		ii6	c	I		ii6		ii		6						m	1	0	-1, 3, 2		2	-1
91	85	334	338	1.0	1/4	1/4	2/2	1	1		I6	c	I		I6		I		6						M	1	0	4, 1, 0		0	4
91	85	335	339	1.0	1/2	1/2	2/2	1	1		viio6]	c	I		viio6		vii	o	6			]			o	1	0	2, -1, 5		5	2
91	85	336	340	1.0	3/4	3/4	2/2	1	1		#viio7/V	c	I		#viio7/V		#vii	o	7		V				o7	1	0	6, 3, 0, -3		6	6
92	86	337	341	2.0	0	0	2/2	1	1		V(64)	c	I		V(64)		V			64					M	1	0	1, 0, 4		1	1
92	86	339	343	2.0	1/2	1/2	2/2	1	1		V7	c	I		V7		V		7						Mm7	1	0	1, 5, 2, -1		1	1
93	87	341	345	4.0	0	0	2/2	1	1		I	c	I		I		I								M	1	0	0, 4, 1		0	0
95	88	345	349	2.0	0	0	2/2	1	1		i.i	c	i		i		i								m	1	1	0, -3, 1		0	0
95	88	347	351	6.0	1/2	1/2	2/2	1	1		i	c	i		i		i								m	1	1	0, -3, 1		0	0
97	90	353	357	1.0	0	0	2/2	1	1		V6	c	i		V6		V		6						M	1	1	5, 2, 1		1	5
97	90	354	358	1.0	1/4	1/4	2/2	1	1		i	c	i		i		i								m	1	1	0, -3, 1		0	0
97	90	355	359	1.0	1/2	1/2	2/2	1	1		v6	c	i		v6		v		6						m	1	1	-2, 2, 1		1	-2
97	90	356	360	1.0	3/4	3/4	2/2	1	1		VIM7	c	i		VIM7		VI	M	7						MM7	1	1	-4, 0, -3, 1		-4	-4
98	91	357	361	4.0	0	0	2/2	1	1		V	c	i		V		V								M	1	1	1, 5, 2		1	1
99	92	361	365	4.0	0	0	2/2	1	1		i	c	i		i		i								m	1	1	0, -3, 1		0	0
100	93	365	369	3.0	0	0	2/2	1	1		v.iv	c	v		iv		iv								m	1	1	-1, -4, 0		-1	-1
100	93	368	372	1.0	3/4	3/4	2/2	1	1		#viio7/V	c	v		#viio7/V		#vii	o	7		V				o7	1	1	6, 3, 0, -3		6	6
101	94	369	373	1.0	0	0	2/2	1	1		V(64)	c	v		V(64)		V			64					M	1	1	1, 0, -3		1	1
101	94	370	374	1.0	1/4	1/4	2/2	1	1		.Ger6	c	v		Ger6	Ger	vii	o	65	b3	V				Ger	1	1	-4, 0, -3, 6		6	-4
101	94	371	375	1.0	1/2	1/2	2/2	1	1		V(64)	c	v		V(64)		V			64					M	1	1	1, 0, -3		1	1
101	94	372	376	1.0	3/4	3/4	2/2	1	1		V	c	v		V		V								M	1	1	1, 5, 2		1	1
102	95		377		0	0	2/2	1	1	1	i\\	c	v		i		i							\\	m	1	1	0, -3, 1		0	0
103	96	373	381	4.0	0	0	2/2	1	1	2	i	c	v		i		i								m	1	1	0, -3, 1		0	0
104	97	377	385	2.0	0	0	2/2	1	1		i.V7/iv	c	i		V7/iv		V		7		iv				Mm7	1	1	0, 4, 1, -2		0	0
104	97	379	387	2.0	1/2	1/2	2/2	1	1		iv	c	i		iv		iv								m	1	1	-1, -4, 0		-1	-1
105	98	381	389	2.0	0	0	2/2	1	1		VII7	c	i		VII7		VII		7						Mm7	1	1	-2, 2, -1, -4		-2	-2
105	98	383	391	2.0	1/2	1/2	2/2	1	1		III	c	i		III		III								M	1	1	-3, 1, -2		-3	-3
106	99	385	393	2.0	0	0	2/2	1	1		iv6(2)	c	i		iv6(2)		iv		6	2					m	1	1	-4, 0, 1		-1	-4
106	99	387	395	1.0	1/2	1/2	2/2	1	1		ii%43	c	i		ii%43		ii	%	43						%7	1	1	-4, 0, 2, -1		2	-4
106	99	388	396	1.0	3/4	3/4	2/2	1	1		.It6	c	i		It6	It	vii	o	6	b3	V				It	1	1	-4, 0, 6		6	-4
107	100	389	397	4.0	0	0	2/2	1	1		V\\	c	i		V		V							\\	M	1	1	1, 5, 2		1	1
108	101	393	401	6.0	0	0	2/2	1	1		i	c	i		i		i								m	1	1	0, -3, 1		0	0
109	102	399	407	1.0	1/2	1/2	2/2	1	1		VI	c	i		VI		VI								M	1	1	-4, 0, -3		-4	-4
109	102	400	408	1.0	3/4	3/4	2/2	1	1		#viio6/iv	c	i		#viio6/iv		#vii	o	6		iv				o	1	1	1, -2, 4		4	1
110	103	401	409	1.0	0	0	2/2	1	1		iv	c	i		iv		iv								m	1	1	-1, -4, 0		-1	-1
110	103	402	410	1.0	1/4	1/4	2/2	1	1		.Ger6	c	i		Ger6	Ger	vii	o	65	b3	V				Ger	1	1	-4, 0, -3, 6		6	-4
110	103	403	411	1.0	1/2	1/2	2/2	1	1		V(64)	c	i		V(64)		V			64					M	1	1	1, 0, -3		1	1
110	103	404	412	1.0	3/4	3/4	2/2	1	1		V	c	i		V		V								M	1	1	1, 5, 2		1	1
111	104	405	413	4.0	0	0	2/2	1	1		i\\	c	i		i		i							\\	m	1	1	0, -3, 1		0	0
112	105	409	417	2.0	0	0	2/2	1	1		V7/iv	c	i		V7/iv		V		7		iv				Mm7	1	1	0, 4, 1, -2		0	0
112	105	411	419	2.0	1/2	1/2	2/2	1	1		iv	c	i		iv		iv								m	1	1	-1, -4, 0		-1	-1
113	106	413	421	2.0	0	0	2/2	1	1		VII7	c	i		VII7		VII		7						Mm7	1	1	-2, 2, -1, -4		-2	-2
113	106	415	423	2.0	1/2	1/2	2/2	1	1		III	c	i		III		III								M	1	1	-3, 1, -2		-3	-3
114	107	417	425	1.0	0	0	2/2	1	1		iv6(2)	c	i		iv6(2)		iv		6	2					m	1	1	-4, 0, 1		-1	-4
114	107	418	426	1.0	1/4	1/4	2/2	1	1		iv6	c	i		iv6		iv		6						m	1	1	-4, 0, -1		-1	-4
114	107	419	427	1.0	1/2	1/2	2/2	1	1		ii%43	c	i		ii%43		ii	%	43						%7	1	1	-4, 0, 2, -1		2	-4
114	107	420	428	1.0	3/4	3/4	2/2	1	1		.Fr6	c	i		Fr6	Fr	V		43	b5	V				Fr	1	1	-4, 0, 2, 6		2	-4
115	108	421	429	4.0	0	0	2/2	1	1		V\\	c	i		V		V							\\	M	1	1	1, 5, 2		1	1
116	109	425	433	5.0	0	0	2/2	1	1		i	c	i		i		i								m	1	1	0, -3, 1		0	0
117	110	430	438	1.0	1/4	1/4	2/2	1	1		i2	c	i		i2		i		2						mm7	1	1	-2, 0, -3, 1		0	-2
117	110	431	439	1.0	1/2	1/2	2/2	1	1		VI	c	i		VI		VI								M	1	1	-4, 0, -3		-4	-4
117	110	432	440	1.0	3/4	3/4	2/2	1	1		i64	c	i		i64		i		64						m	1	1	1, 0, -3		0	1
118	111	433	441	1.0	0	0	2/2	1	1		iv	c	i		iv		iv								m	1	1	-1, -4, 0		-1	-1
118	111	434	442	1.0	1/4	1/4	2/2	1	1		.It6	c	i		It6	It	vii	o	6	b3	V				It	1	1	-4, 0, 6		6	-4
118	111	435	443	1.0	1/2	1/2	2/2	1	1		V(64)	c	i		V(64)		V			64					M	1	1	1, 0, -3		1	1
118	111	436	444	1.0	3/4	3/4	2/2	1	1		V	c	i		V		V								M	1	1	1, 5, 2		1	1
119	112	437	445	2.0	0	0	2/2	1	1		i\\	c	i		i		i							\\	m	1	1	0, -3, 1		0	0
119	112	439	447	2.0	1/2	1/2	2/2	1	1		i	c	i		i		i								m	1	1	0, -3, 1		0	0
120	113	441	449	4.0	0	0	2/2	1	1		V	c	i		V		V								M	1	1	1, 5, 2		1	1
121	114	445	453	4.0	0	0	2/2	1	1		i	c	i		i		i								m	1	1	0, -3, 1		0	0
122	115	449	457	2.0	0	0	2/2	1	1		V	c	i		V		V								M	1	1	1, 5, 2		1	1
122	115	451	459	2.0	1/2	1/2	2/2	1	1		i64	c	i		i64		i		64						m	1	1	1, 0, -3		0	1
123	116	453	461	12.0	0	0	2/2	1	1		V7	c	i		V7		V		7						Mm7	1	1	1, 5, 2, -1		1	1
126	119	465	473	4.0	0	0	2/2	1	1		I.I	c	I		I		I								M	1	0	0, 4, 1		0	0
127	120	469	477	4.0	0	0	2/2	1	1		V43	c	I		V43		V		43						Mm7	1	0	2, -1, 1, 5		1	2
128	121	473	481	2.0	0	0	2/2	1	1		I6	c	I		I6		I		6						M	1	0	4, 1, 0		0	4
128	121	475	483	2.0	1/2	1/2	2/2	1	1		#viio6/V	c	I		#viio6/V		#vii	o	6		V				o	1	0	3, 0, 6		6	3
129	122	477	485	2.0	0	0	2/2	1	1		V(4)	c	I		V(4)		V			4					M	1	0	1, 0, 2		1	1
129	122	479	487	2.0	1/2	1/2	2/2	1	1		V	c	I		V		V								M	1	0	1, 5, 2		1	1
130	123	481	489	0.0	0	0	2/2	1	1		V65/ii	c	I		V65/ii		V		65		ii				Mm7	1	0	7, 4, 1, 3		3	7
130	123	481	489	4.0	0	0	2/2	1	1		ii	c	I		ii		ii								m	1	0	2, -1, 3		2	2
131	124	485	493	0.0	0	0	2/2	1	1		V65	c	I		V65		V		65						Mm7	1	0	5, 2, -1, 1		1	5
131	124	485	493	4.0	0	0	2/2	1	1		I	c	I		I		I								M	1	0	0, 4, 1		0	0
132	125	489	497	1.0	0	0	2/2	1	1		ii6(94)	c	I		ii6(94)		ii		6	94					m	1	0	1, 3, 2	4	2	1
132	125	490	498	1.0	1/4	1/4	2/2	1	1		ii6	c	I		ii6		ii		6						m	1	0	-1, 3, 2		2	-1
132	125	491	499	1.0	1/2	1/2	2/2	1	1		V(64)	c	I		V(64)		V			64					M	1	0	1, 0, 4		1	1
132	125	492	500	1.0	3/4	3/4	2/2	1	1		V7	c	I		V7		V		7						Mm7	1	0	1, 5, 2, -1		1	1
133	126	493	501	4.0	0	0	2/2	1	1		I\\	c	I		I		I							\\	M	1	0	0, 4, 1		0	0
134	127	497	505	4.0	0	0	2/2	1	1		I	c	I		I		I								M	1	0	0, 4, 1		0	0
135	128	501	509	4.0	0	0	2/2	1	1		V7	c	I		V7		V		7						Mm7	1	0	1, 5, 2, -1		1	1
136	129	505	513	1.0	0	0	2/2	1	1		I	c	I		I		I								M	1	0	0, 4, 1		0	0
136	129	506	514	2.0	1/4	1/4	2/2	1	1		V6	c	I		V6		V		6						M	1	0	5, 2, 1		1	5
136	129	508	516	1.0	3/4	3/4	2/2	1	1		V7/V	c	I		V7/V		V		7		V				Mm7	1	0	2, 6, 3, 0		2	2
137	130	509	517	4.0	0	0	2/2	1	1		V	c	I		V		V								M	1	0	1, 5, 2		1	1
138	131	513	521	2.0	0	0	2/2	1	1		V7/ii	c	I		V7/ii		V		7		ii				Mm7	1	0	3, 7, 4, 1		3	3
138	131	515	523	2.0	1/2	1/2	2/2	1	1		ii	c	I		ii		ii								m	1	0	2, -1, 3		2	2
139	132	517	525	2.0	0	0	2/2	1	1		V	c	I		V		V								M	1	0	1, 5, 2		1	1
139	132	519	527	2.0	1/2	1/2	2/2	1	1		I	c	I		I		I								M	1	0	0, 4, 1		0	0
140	133	521	529	1.0	0	0	2/2	1	1		ii6(2)	c	I		ii6(2)		ii		6	2					m	1	0	-1, 3, 4		2	-1
140	133	522	530	1.0	1/4	1/4	2/2	1	1		ii6	c	I		ii6		ii		6						m	1	0	-1, 3, 2		2	-1
140	133	523	531	1.0	1/2	1/2	2/2	1	1		V7(4)	c	I		V7(4)		V		7	4					Mm7	1	0	1, 0, 2, -1		1	1
140	133	524	532	1.0	3/4	3/4	2/2	1	1		V7	c	I		V7		V		7						Mm7	1	0	1, 5, 2, -1		1	1
141	134	525	533	3.0	0	0	2/2	1	1		I\\	c	I		I		I							\\	M	1	0	0, 4, 1		0	0
141	134	528	536	1.0	3/4	3/4	2/2	1	1		v6	c	I		v6		v		6						m	1	0	-2, 2, 1		1	-2
142	135	529	537	2.0	0	0	2/2	1	1		V7/ii	c	I		V7/ii		V		7		ii				Mm7	1	0	3, 7, 4, 1		3	3
142	135	531	539	2.0	1/2	1/2	2/2	1	1		ii	c	I		ii		ii								m	1	0	2, -1, 3		2	2
143	136	533	541	2.0	0	0	2/2	1	1		V7	c	I		V7		V		7						Mm7	1	0	1, 5, 2, -1		1	1
143	136	535	543	2.0	1/2	1/2	2/2	1	1		I	c	I		I		I								M	1	0	0, 4, 1		0	0
144	137	537	545	4.0	0	0	2/2	1	1		ii6	c	I		ii6		ii		6						m	1	0	-1, 3, 2		2	-1
145	138	541	549	2.0	0	0	2/2	1	1		V(64)	c	I		V(64)		V			64					M	1	0	1, 0, 4		1	1
145	138	543	551	2.0	1/2	1/2	2/2	1	1		V7	c	I		V7		V		7						Mm7	1	0	1, 5, 2, -1		1	1
146	139	545	553	4.0	0	0	2/2	1	1		I\\	c	I		I		I							\\	M	1	0	0, 4, 1		0	0
147	140	549	557	4.0	0	0	2/2	1	1		I6	c	I		I6		I		6						M	1	0	4, 1, 0		0	4
148	141	553	561	4.0	0	0	2/2	1	1		V64	c	I		V64		V		64						M	1	0	2, 1, 5		1	2
149	142	557	565	4.0	0	0	2/2	1	1		V7	c	I		V7		V		7						Mm7	1	0	1, 5, 2, -1		1	1
150	143	561	569	4.0	0	0	2/2	1	1		i.i	c	i		i		i								m	1	1	0, -3, 1		0	0
151	144	565	573	4.0	0	0	2/2	1	1		i6	c	i		i6		i		6						m	1	1	-3, 1, 0		0	-3
152	145	569	577	8.0	0	0	2/2	1	1		V7/III	c	i		V7/III		V		7		III				Mm7	1	1	-2, 2, -1, -4		-2	-2
154	147	577	585	4.0	0	0	2/2	1	1		III	c	i		III		III								M	1	1	-3, 1, -2		-3	-3
155	148	581	589	4.0	0	0	2/2	1	1		III6	c	i		III6		III		6						M	1	1	1, -2, -3		-3	1
156	149	585	593	7.0	0	0	2/2	1	1		V7/iv	c	i		V7/iv		V		7		iv				Mm7	1	1	0, 4, 1, -2		0	0
157	150	592	600	1.0	3/4	3/4	2/2	1	1		V2/iv	c	i		V2/iv		V		2		iv				Mm7	1	1	-2, 0, 4, 1		0	-2
158	151	593	601	8.0	0	0	2/2	1	1		iv6	c	i		iv6		iv		6						m	1	1	-4, 0, -1		-1	-4
160	153	601	609	8.0	0	0	2/2	1	1		.It6	c	i		It6	It	vii	o	6	b3	V				It	1	1	-4, 0, 6		6	-4
162	155	609	617	1.0	0	0	2/2	1	1		V\\	c	i		V		V							\\	M	1	1	1, 5, 2		1	1
162	155	610	618	1.0	1/4	1/4	2/2	1	1		V[V	c	i	V	V		V								M	1	1	1, 5, 2		1	1
162	155	611	619	2.0	1/2	1/2	2/2	1	1		#viio7	c	i		#viio7		#vii	o	7						o7	1	1	5, 2, -1, -4		5	5
163	156	613	621	1.0	0	0	2/2	1	1		VI6	c	i		VI6		VI		6						M	1	1	0, -3, -4		-4	0
163	156	614	622	1.0	1/4	1/4	2/2	1	1		i6	c	i		i6		i		6						m	1	1	-3, 1, 0		0	-3
163	156	615	623	1.0	1/2	1/2	2/2	1	1		#viio6	c	i		#viio6		#vii	o	6						o	1	1	2, -1, 5		5	2
163	156	616	624	1.0	3/4	3/4	2/2	1	1		#viio43/V	c	i		#viio43/V		#vii	o	43		V				o7	1	1	0, -3, 6, 3		6	0
164	157	617	625	2.0	0	0	2/2	1	1		V6	c	i		V6		V		6						M	1	1	5, 2, 1		1	5
164	157	619	627	2.0	1/2	1/2	2/2	1	1		#viio7	c	i		#viio7		#vii	o	7						o7	1	1	5, 2, -1, -4		5	5
165	158	621	629	1.0	0	0	2/2	1	1		VI6	c	i		VI6		VI		6						M	1	1	0, -3, -4		-4	0
165	158	622	630	1.0	1/4	1/4	2/2	1	1		i6	c	i		i6		i		6						m	1	1	-3, 1, 0		0	-3
165	158	623	631	1.0	1/2	1/2	2/2	1	1		viio6	c	i		viio6		vii	o	6						o	1	1	-5, -8, -2		-2	-5
165	158	624	632	1.0	3/4	3/4	2/2	1	1		#viio43/V	c	i		#viio43/V		#vii	o	43		V				o7	1	1	0, -3, 6, 3		6	0
166	159	625	633	1.0	0	0	2/2	1	1		V]	c	i		V		V					]			M	1	1	1, 5, 2		1	1
166	159	626	634	1.0	1/4	1/4	2/2	1	1		V	c	i		V		V								M	1	1	1, 5, 2		1	1
166	159	627	635	6.0	1/2	1/2	2/2	1	1		#viio2	c	i		#viio2		#vii	o	2						o7	1	1	-4, 5, 2, -1		5	-4
168	161	633	641	2.0	0	0	2/2	1	1		V	c	i		V		V								M	1	1	1, 5, 2		1	1
168	161	635	643	14.0	1/2	1/2	2/2	1	1		#viio7\\	c	i		#viio7		#vii	o	7					\\	o7	1	1	5, 2, -1, -4		5	5
172	165	649	657	8.0	0	0	2/2	1	1		i	c	i		i		i								m	1	1	0, -3, 1		0	0
174	167	657	665	1.0	0	0	2/2	1	1		V65	c	i		V65		V		65						Mm7	1	1	5, 2, -1, 1		1	5
174	167	658	666	1.0	1/4	1/4	2/2	1	1		i	c	i		i		i								m	1	1	0, -3, 1		0	0
174	167	659	667	1.0	1/2	1/2	2/2	1	1		V	c	i		V		V								M	1	1	1, 5, 2		1	1
174	167	660	668	1.0	3/4	3/4	2/2	1	1		i	c	i		i		i								m	1	1	0, -3, 1		0	0
175	168	661	669	4.0	0	0	2/2	1	1		V	c	i		V		V								M	1	1	1, 5, 2		1	1
176	169	665	673	4.0	0	0	2/2	1	1		i	c	i		i		i								m	1	1	0, -3, 1		0	0
177	170	669	677	2.0	0	0	2/2	1	1		v.iv	c	v		iv		iv								m	1	1	-1, -4, 0		-1	-1
177	170	671	679	2.0	1/2	1/2	2/2	1	1		#viio7/V	c	v		#viio7/V		#vii	o	7		V				o7	1	1	6, 3, 0, -3		6	6
178	171	673	681	1.0	0	0	2/2	1	1		V(64)	c	v		V(64)		V			64					M	1	1	1, 0, -3		1	1
178	171	674	682	1.0	1/4	1/4	2/2	1	1		.Ger6	c	v		Ger6	Ger	vii	o	65	b3	V				Ger	1	1	-4, 0, -3, 6		6	-4
178	171	675	683	1.0	1/2	1/2	2/2	1	1		V(64)	c	v		V(64)		V			64					M	1	1	1, 0, -3		1	1
178	171	676	684	1.0	3/4	3/4	2/2	1	1		V	c	v		V		V								M	1	1	1, 5, 2		1	1
179	172	677	685	4.0	0	0	2/2	1	1		i\\	c	v		i		i							\\	m	1	1	0, -3, 1		0	0
180	173	681	689	3.0	0	0	2/2	1	1		i.V7/iv	c	i		V7/iv		V		7		iv				Mm7	1	1	0, 4, 1, -2		0	0
180	173	684	692	1.0	3/4	3/4	2/2	1	1		iv	c	i		iv		iv								m	1	1	-1, -4, 0		-1	-1
181	174	685	693	3.0	0	0	2/2	1	1		V7/III	c	i		V7/III		V		7		III				Mm7	1	1	-2, 2, -1, -4		-2	-2
181	174	688	696	1.0	3/4	3/4	2/2	1	1		III	c	i		III		III								M	1	1	-3, 1, -2		-3	-3
182	175	689	697	2.0	0	0	2/2	1	1		iv6(2)	c	i		iv6(2)		iv		6	2					m	1	1	-4, 0, 1		-1	-4
182	175	691	699	1.0	1/2	1/2	2/2	1	1		ii%43	c	i		ii%43		ii	%	43						%7	1	1	-4, 0, 2, -1		2	-4
182	175	692	700	1.0	3/4	3/4	2/2	1	1		.It6	c	i		It6	It	vii	o	6	b3	V				It	1	1	-4, 0, 6		6	-4
183	176	693	701	4.0	0	0	2/2	1	1		V\\	c	i		V		V							\\	M	1	1	1, 5, 2		1	1
184	177	697	705	5.0	0	0	2/2	1	1		i	c	i		i		i								m	1	1	0, -3, 1		0	0
185	178	702	710	1.0	1/4	1/4	2/2	1	1		V2/iv	c	i		V2/iv		V		2		iv				Mm7	1	1	-2, 0, 4, 1		0	-2
185	178	703	711	1.0	1/2	1/2	2/2	1	1		iv65	c	i		iv65		iv		65						mm7	1	1	-4, 0, -3, -1		-1	-4
185	178	704	712	1.0	3/4	3/4	2/2	1	1		V64/iv	c	i		V64/iv		V		64		iv				M	1	1	1, 0, 4		0	1
186	179	705	713	1.0	0	0	2/2	1	1		iv	c	i		iv		iv								m	1	1	-1, -4, 0		-1	-1
186	179	706	714	1.0	1/4	1/4	2/2	1	1		.It6	c	i		It6	It	vii	o	6	b3	V				It	1	1	-4, 0, 6		6	-4
186	179	707	715	1.0	1/2	1/2	2/2	1	1		V(64)	c	i		V(64)		V			64					M	1	1	1, 0, -3		1	1
186	179	708	716	1.0	3/4	3/4	2/2	1	1		V	c	i		V		V								M	1	1	1, 5, 2		1	1
187	180	709	717	3.0	0	0	2/2	1	1		i\\	c	i		i		i							\\	m	1	1	0, -3, 1		0	0
187	180	712	720	1.0	3/4	3/4	2/2	1	1		V7	c	i		V7		V		7						Mm7	1	1	1, 5, 2, -1		1	1
188	181	713	721	3.0	0	0	2/2	1	1		i	c	i		i		i								m	1	1	0, -3, 1		0	0
188	181	716	724	1.0	3/4	3/4	2/2	1	1		V7	c	i		V7		V		7						Mm7	1	1	1, 5, 2, -1		1	1
189	182	717	725	3.0	0	0	2/2	1	1		i	c	i		i		i								m	1	1	0, -3, 1		0	0
189	182	720	728	1.0	3/4	3/4	2/2	1	1		V	c	i		V		V								M	1	1	1, 5, 2		1	1
190	183	721	729	1.0	0	0	2/2	1	1		i	c	i		i		i								m	1	1	0, -3, 1		0	0
190	183	722	730	1.0	1/4	1/4	2/2	1	1		V	c	i		V		V								M	1	1	1, 5, 2		1	1
190	183	723	731	1.0	1/2	1/2	2/2	1	1		i	c	i		i		i								m	1	1	0, -3, 1		0	0
190	183	724	732	1.0	3/4	3/4	2/2	1	1		V	c	i		V		V								M	1	1	1, 5, 2		1	1
191	184	725	733	2.0	0	0	2/2	1	1		i	c	i		i		i								m	1	1	0, -3, 1		0	0
191	184	727	735	2.0	1/2	1/2	2/2	1	1		V2/iv	c	i		V2/iv		V		2		iv				Mm7	1	1	-2, 0, 4, 1		0	-2
192	185	729	737	2.0	0	0	2/2	1	1		iv6	c	i		iv6		iv		6						m	1	1	-4, 0, -1		-1	-4
192	185	731	739	2.0	1/2	1/2	2/2	1	1		iv	c	i		iv		iv								m	1	1	-1, -4, 0		-1	-1
193	186	733	741	4.0	0	0	2/2	1	1		V(64)	c	i		V(64)		V			64					M	1	1	1, 0, -3		1	1
194	187	737	745	4.0	0	0	2/2	1	1		V	c	i		V		V								M	1	1	1, 5, 2		1	1
195	188	741	749	2.0	0	0	2/2	1	1		i\\	c	i		i		i							\\	m	1	1	0, -3, 1		0	0
195	188	743	751	2.0	1/2	1/2	2/2	1	1		V2/iv	c	i		V2/iv		V		2		iv				Mm7	1	1	-2, 0, 4, 1		0	-2
196	189	745	753	2.0	0	0	2/2	1	1		iv6	c	i		iv6		iv		6						m	1	1	-4, 0, -1		-1	-4
196	189	747	755	2.0	1/2	1/2	2/2	1	1		i64	c	i		i64		i		64						m	1	1	1, 0, -3		0	1
197	190	749	757	0.0	0	0	2/2	1	1		iv	c	i		iv		iv								m	1	1	-1, -4, 0		-1	-1
197	190	749	757	4.0	0	0	2/2	1	1		iv7	c	i		iv7		iv		7						mm7	1	1	-1, -4, 0, -3		-1	-1
198	191	753	761	4.0	0	0	2/2	1	1		.Ger6	c	i		Ger6	Ger	vii	o	65	b3	V				Ger	1	1	-4, 0, -3, 6		6	-4
199	192	757	765	4.0	0	0	2/2	1	1		V(64)	c	i		V(64)		V			64					M	1	1	1, 0, -3		1	1
200	193	761	769	4.0	0	0	2/2	1	1		V	c	i		V		V								M	1	1	1, 5, 2		1	1
201	194	765	773	3.0	0	0	2/2	1	1		i\\	c	i		i		i							\\	m	1	1	0, -3, 1		0	0
201	194	768	776	1.0	3/4	3/4	2/2	1	1		i64	c	i		i64		i		64						m	1	1	1, 0, -3		0	1
202	195	769	777	3.0	0	0	2/2	1	1		V43	c	i		V43		V		43						Mm7	1	1	2, -1, 1, 5		1	2
202	195	772	780	1.0	3/4	3/4	2/2	1	1		V7	c	i		V7		V		7						Mm7	1	1	1, 5, 2, -1		1	1
203	196	773	781	3.0	0	0	2/2	1	1		i6	c	i		i6		i		6						m	1	1	-3, 1, 0		0	-3
203	196	776	784	1.0	3/4	3/4	2/2	1	1		i	c	i		i		i								m	1	1	0, -3, 1		0	0
204	197	777	785	1.0	0	0	2/2	1	1		ii%65	c	i		ii%65		ii	%	65						%7	1	1	-1, -4, 0, 2		2	-1
204	197	778	786	1.0	1/4	1/4	2/2	1	1		ii%7	c	i		ii%7		ii	%	7						%7	1	1	2, -1, -4, 0		2	2
204	197	779	787	1.0	1/2	1/2	2/2	1	1		V(64)	c	i		V(64)		V			64					M	1	1	1, 0, -3		1	1
204	197	780	788	1.0	3/4	3/4	2/2	1	1		V7	c	i		V7		V		7						Mm7	1	1	1, 5, 2, -1		1	1
205	198	781	789	4.0	0	0	2/2	1	1		i\\	c	i		i		i							\\	m	1	1	0, -3, 1		0	0
206	199	785	793	1.0	0	0	2/2	1	1		V43	c	i		V43		V		43						Mm7	1	1	2, -1, 1, 5		1	2
206	199	786	794	1.0	1/4	1/4	2/2	1	1		V7	c	i		V7		V		7						Mm7	1	1	1, 5, 2, -1		1	1
206	199	787	795	1.0	1/2	1/2	2/2	1	1		V43	c	i		V43		V		43						Mm7	1	1	2, -1, 1, 5		1	2
206	199	788	796	1.0	3/4	3/4	2/2	1	1		V7	c	i		V7		V		7						Mm7	1	1	1, 5, 2, -1		1	1
207	200	789	797	8.0	0	0	2/2	1	1		i6	c	i		i6		i		6						m	1	1	-3, 1, 0		0	-3
209	202	797	805	8.0	0	0	2/2	1	1		ii%65	c	i		ii%65		ii	%	65						%7	1	1	-1, -4, 0, 2		2	-1
211	204	805	813	4.0	0	0	2/2	1	1		V(64)	c	i		V(64)		V			64					M	1	1	1, 0, -3		1	1
212	205	809	817	4.0	0	0	2/2	1	1		V7\\	c	i		V7		V		7					\\	Mm7	1	1	1, 5, 2, -1		1	1
213	206	813	821	4.0	0	0	2/2	1	1		I[I	c	i	I	I		I								M	1	1	0, 4, 1		0	0
214	207	817	825	1.0	0	0	2/2	1	1		iv	c	i		iv		iv								m	1	1	-1, -4, 0		-1	-1
214	207	818	826	1.0	1/4	1/4	2/2	1	1		I	c	i		I		I								M	1	1	0, 4, 1		0	0
214	207	819	827	1.0	1/2	1/2	2/2	1	1		iv	c	i		iv		iv								m	1	1	-1, -4, 0		-1	-1
214	207	820	828	5.0	3/4	3/4	2/2	1	1		I	c	i		I		I								M	1	1	0, 4, 1		0	0
216	209	825	833	1.0	0	0	2/2	1	1		iv	c	i		iv		iv								m	1	1	-1, -4, 0		-1	-1
216	209	826	834	1.0	1/4	1/4	2/2	1	1		I	c	i		I		I								M	1	1	0, 4, 1		0	0
216	209	827	835	1.0	1/2	1/2	2/2	1	1		iv	c	i		iv		iv								m	1	1	-1, -4, 0		-1	-1
216	209	828	836	17.0	3/4	3/4	2/2	1	1		I	c	i		I		I								M	1	1	0, 4, 1		0	0
221	214	845	853	4.0	0	0	2/2	1	1		I]	c	i		I		I					]			M	1	1	0, 4, 1		0	0
222	215	849	857	12.0	0	0	2/2	1	1		I	c	i		I		I								M	1	1	0, 4, 1		0	0
225	218	861	869	7.0	0	0	2/2	1	1		I\\	c	i		I		I							\\	M	1	1	0, 4, 1		0	0
